ISO-10303-21;
HEADER;
/* Generated by software containing ST-Developer
 * from STEP Tools, Inc. (www.steptools.com) 
 */

FILE_DESCRIPTION(
/* description */ (''),
/* implementation_level */ '2;1');

FILE_NAME(
/* name */ 'case v2.stp',
/* time_stamp */ '2025-04-19T16:23:40-04:00',
/* author */ ('voids'),
/* organization */ (''),
/* preprocessor_version */ 'ST-DEVELOPER v20',
/* originating_system */ 'Autodesk Inventor 2024',
/* authorisation */ '');

FILE_SCHEMA (('AUTOMOTIVE_DESIGN { 1 0 10303 214 3 1 1 }'));
ENDSEC;

DATA;
#10=MECHANICAL_DESIGN_GEOMETRIC_PRESENTATION_REPRESENTATION('',(#13,#14,
#15,#16,#17),#16744);
#11=SHAPE_REPRESENTATION_RELATIONSHIP('SRR','None',#16755,#12);
#12=ADVANCED_BREP_SHAPE_REPRESENTATION('',(#18,#19,#20,#21,#22),#16743);
#13=STYLED_ITEM('',(#16764),#18);
#14=STYLED_ITEM('',(#16764),#19);
#15=STYLED_ITEM('',(#16764),#20);
#16=STYLED_ITEM('',(#16764),#21);
#17=STYLED_ITEM('',(#16764),#22);
#18=MANIFOLD_SOLID_BREP('Solid2',#9747);
#19=MANIFOLD_SOLID_BREP('Solid3',#9748);
#20=MANIFOLD_SOLID_BREP('Solid4',#9749);
#21=MANIFOLD_SOLID_BREP('Solid5',#9750);
#22=MANIFOLD_SOLID_BREP('Solid6',#9751);
#23=CONICAL_SURFACE('',#9915,0.0225,1.02974425867665);
#24=CONICAL_SURFACE('',#9919,0.0225,1.02974425867665);
#25=CONICAL_SURFACE('',#9923,0.0225,1.02974425867665);
#26=CONICAL_SURFACE('',#9927,0.0225,1.02974425867665);
#27=CONICAL_SURFACE('',#9931,0.0225,1.02974425867665);
#28=CONICAL_SURFACE('',#9935,0.09,0.715584993317675);
#29=CONICAL_SURFACE('',#9938,0.09,0.715584993317675);
#30=CONICAL_SURFACE('',#9941,0.09,0.715584993317675);
#31=CONICAL_SURFACE('',#9944,0.09,0.715584993317675);
#32=CONICAL_SURFACE('',#9947,0.09,0.715584993317675);
#33=CONICAL_SURFACE('',#9951,0.09,0.715584993317675);
#34=CONICAL_SURFACE('',#9954,0.09,0.715584993317675);
#35=CONICAL_SURFACE('',#9957,0.09,0.715584993317675);
#36=CONICAL_SURFACE('',#9961,0.09,0.715584993317675);
#37=CONICAL_SURFACE('',#10212,0.0225,1.02974425867665);
#38=CONICAL_SURFACE('',#10216,0.0225,1.02974425867665);
#39=CONICAL_SURFACE('',#10220,0.0225,1.02974425867665);
#40=CONICAL_SURFACE('',#10224,0.0225,1.02974425867665);
#41=CONICAL_SURFACE('',#10228,0.0225,1.02974425867665);
#42=CONICAL_SURFACE('',#10232,0.09,0.715584993317675);
#43=CONICAL_SURFACE('',#10235,0.09,0.715584993317675);
#44=CONICAL_SURFACE('',#10238,0.09,0.715584993317675);
#45=CONICAL_SURFACE('',#10242,0.09,0.715584993317675);
#46=CONICAL_SURFACE('',#10245,0.09,0.715584993317675);
#47=CONICAL_SURFACE('',#10249,0.09,0.715584993317675);
#48=CONICAL_SURFACE('',#10252,0.09,0.715584993317675);
#49=CONICAL_SURFACE('',#10255,0.09,0.715584993317675);
#50=CONICAL_SURFACE('',#10258,0.09,0.715584993317675);
#51=CONICAL_SURFACE('',#10350,0.0225,1.02974425867665);
#52=CONICAL_SURFACE('',#10354,0.0225,1.02974425867665);
#53=CONICAL_SURFACE('',#10358,0.0225,1.02974425867665);
#54=CONICAL_SURFACE('',#10362,0.0225,1.02974425867665);
#55=CONICAL_SURFACE('',#10366,0.0225,1.02974425867665);
#56=CONICAL_SURFACE('',#10370,0.0225,1.02974425867665);
#57=CONICAL_SURFACE('',#10404,0.0225,1.02974425867665);
#58=CONICAL_SURFACE('',#10408,0.0225,1.02974425867665);
#59=CONICAL_SURFACE('',#10412,0.0225,1.02974425867665);
#60=CONICAL_SURFACE('',#10416,0.0225,1.02974425867665);
#61=CONICAL_SURFACE('',#10420,0.0225,1.02974425867665);
#62=CONICAL_SURFACE('',#10424,0.0225,1.02974425867665);
#63=CONICAL_SURFACE('',#10454,0.0225,1.02974425867665);
#64=CONICAL_SURFACE('',#10460,0.0225,1.02974425867665);
#65=CONICAL_SURFACE('',#10466,0.0225,1.02974425867665);
#66=CONICAL_SURFACE('',#10469,0.0225,1.02974425867665);
#67=CONICAL_SURFACE('',#10475,0.0225,1.02974425867665);
#68=CONICAL_SURFACE('',#10481,0.0225,1.02974425867665);
#69=(
BOUNDED_CURVE()
B_SPLINE_CURVE(2,(#14127,#14128,#14129),.UNSPECIFIED.,.F.,.F.)
B_SPLINE_CURVE_WITH_KNOTS((3,3),(0.,0.172875593578899),.UNSPECIFIED.)
CURVE()
GEOMETRIC_REPRESENTATION_ITEM()
RATIONAL_B_SPLINE_CURVE((1.,1.04545454545438,1.))
REPRESENTATION_ITEM('')
);
#70=(
BOUNDED_CURVE()
B_SPLINE_CURVE(2,(#14138,#14139,#14140),.UNSPECIFIED.,.F.,.F.)
B_SPLINE_CURVE_WITH_KNOTS((3,3),(0.,0.172875593578901),.UNSPECIFIED.)
CURVE()
GEOMETRIC_REPRESENTATION_ITEM()
RATIONAL_B_SPLINE_CURVE((1.,1.04545454545438,1.))
REPRESENTATION_ITEM('')
);
#71=(
BOUNDED_CURVE()
B_SPLINE_CURVE(2,(#14143,#14144,#14145),.UNSPECIFIED.,.F.,.F.)
B_SPLINE_CURVE_WITH_KNOTS((3,3),(0.,0.172875593578868),.UNSPECIFIED.)
CURVE()
GEOMETRIC_REPRESENTATION_ITEM()
RATIONAL_B_SPLINE_CURVE((1.,1.04545454545466,1.))
REPRESENTATION_ITEM('')
);
#72=(
BOUNDED_CURVE()
B_SPLINE_CURVE(2,(#14261,#14262,#14263),.UNSPECIFIED.,.F.,.F.)
B_SPLINE_CURVE_WITH_KNOTS((3,3),(0.,0.172875593578896),.UNSPECIFIED.)
CURVE()
GEOMETRIC_REPRESENTATION_ITEM()
RATIONAL_B_SPLINE_CURVE((1.,1.04545454545451,1.))
REPRESENTATION_ITEM('')
);
#73=(
BOUNDED_CURVE()
B_SPLINE_CURVE(2,(#14270,#14271,#14272),.UNSPECIFIED.,.F.,.F.)
B_SPLINE_CURVE_WITH_KNOTS((3,3),(0.,0.172875593578891),.UNSPECIFIED.)
CURVE()
GEOMETRIC_REPRESENTATION_ITEM()
RATIONAL_B_SPLINE_CURVE((1.,1.04545454545464,1.))
REPRESENTATION_ITEM('')
);
#74=(
BOUNDED_CURVE()
B_SPLINE_CURVE(2,(#14279,#14280,#14281),.UNSPECIFIED.,.F.,.F.)
B_SPLINE_CURVE_WITH_KNOTS((3,3),(0.,0.172875593578891),.UNSPECIFIED.)
CURVE()
GEOMETRIC_REPRESENTATION_ITEM()
RATIONAL_B_SPLINE_CURVE((1.,1.04545454545464,1.))
REPRESENTATION_ITEM('')
);
#75=(
BOUNDED_CURVE()
B_SPLINE_CURVE(2,(#14284,#14285,#14286),.UNSPECIFIED.,.F.,.F.)
B_SPLINE_CURVE_WITH_KNOTS((3,3),(0.,0.172875593578865),.UNSPECIFIED.)
CURVE()
GEOMETRIC_REPRESENTATION_ITEM()
RATIONAL_B_SPLINE_CURVE((1.,1.04545454545414,1.))
REPRESENTATION_ITEM('')
);
#76=(
BOUNDED_CURVE()
B_SPLINE_CURVE(2,(#14293,#14294,#14295),.UNSPECIFIED.,.F.,.F.)
B_SPLINE_CURVE_WITH_KNOTS((3,3),(0.,0.172875593578891),.UNSPECIFIED.)
CURVE()
GEOMETRIC_REPRESENTATION_ITEM()
RATIONAL_B_SPLINE_CURVE((1.,1.04545454545464,1.))
REPRESENTATION_ITEM('')
);
#77=(
BOUNDED_CURVE()
B_SPLINE_CURVE(2,(#14302,#14303,#14304),.UNSPECIFIED.,.F.,.F.)
B_SPLINE_CURVE_WITH_KNOTS((3,3),(0.,0.172875593578863),.UNSPECIFIED.)
CURVE()
GEOMETRIC_REPRESENTATION_ITEM()
RATIONAL_B_SPLINE_CURVE((1.,1.04545454545427,1.))
REPRESENTATION_ITEM('')
);
#78=(
BOUNDED_CURVE()
B_SPLINE_CURVE(2,(#15135,#15136,#15137),.UNSPECIFIED.,.F.,.F.)
B_SPLINE_CURVE_WITH_KNOTS((3,3),(0.,0.172875593578865),.UNSPECIFIED.)
CURVE()
GEOMETRIC_REPRESENTATION_ITEM()
RATIONAL_B_SPLINE_CURVE((1.,1.04545454545414,1.))
REPRESENTATION_ITEM('')
);
#79=(
BOUNDED_CURVE()
B_SPLINE_CURVE(2,(#15146,#15147,#15148),.UNSPECIFIED.,.F.,.F.)
B_SPLINE_CURVE_WITH_KNOTS((3,3),(0.,0.172875593578891),.UNSPECIFIED.)
CURVE()
GEOMETRIC_REPRESENTATION_ITEM()
RATIONAL_B_SPLINE_CURVE((1.,1.04545454545464,1.))
REPRESENTATION_ITEM('')
);
#80=(
BOUNDED_CURVE()
B_SPLINE_CURVE(2,(#15151,#15152,#15153),.UNSPECIFIED.,.F.,.F.)
B_SPLINE_CURVE_WITH_KNOTS((3,3),(0.,0.172875593578863),.UNSPECIFIED.)
CURVE()
GEOMETRIC_REPRESENTATION_ITEM()
RATIONAL_B_SPLINE_CURVE((1.,1.04545454545427,1.))
REPRESENTATION_ITEM('')
);
#81=(
BOUNDED_CURVE()
B_SPLINE_CURVE(2,(#15251,#15252,#15253),.UNSPECIFIED.,.F.,.F.)
B_SPLINE_CURVE_WITH_KNOTS((3,3),(0.,0.172875593578899),.UNSPECIFIED.)
CURVE()
GEOMETRIC_REPRESENTATION_ITEM()
RATIONAL_B_SPLINE_CURVE((1.,1.04545454545438,1.))
REPRESENTATION_ITEM('')
);
#82=(
BOUNDED_CURVE()
B_SPLINE_CURVE(2,(#15260,#15261,#15262),.UNSPECIFIED.,.F.,.F.)
B_SPLINE_CURVE_WITH_KNOTS((3,3),(0.,0.172875593578901),.UNSPECIFIED.)
CURVE()
GEOMETRIC_REPRESENTATION_ITEM()
RATIONAL_B_SPLINE_CURVE((1.,1.04545454545438,1.))
REPRESENTATION_ITEM('')
);
#83=(
BOUNDED_CURVE()
B_SPLINE_CURVE(2,(#15269,#15270,#15271),.UNSPECIFIED.,.F.,.F.)
B_SPLINE_CURVE_WITH_KNOTS((3,3),(0.,0.172875593578868),.UNSPECIFIED.)
CURVE()
GEOMETRIC_REPRESENTATION_ITEM()
RATIONAL_B_SPLINE_CURVE((1.,1.04545454545466,1.))
REPRESENTATION_ITEM('')
);
#84=(
BOUNDED_CURVE()
B_SPLINE_CURVE(2,(#15281,#15282,#15283),.UNSPECIFIED.,.F.,.F.)
B_SPLINE_CURVE_WITH_KNOTS((3,3),(0.,0.172875593578896),.UNSPECIFIED.)
CURVE()
GEOMETRIC_REPRESENTATION_ITEM()
RATIONAL_B_SPLINE_CURVE((1.,1.04545454545451,1.))
REPRESENTATION_ITEM('')
);
#85=(
BOUNDED_CURVE()
B_SPLINE_CURVE(2,(#15290,#15291,#15292),.UNSPECIFIED.,.F.,.F.)
B_SPLINE_CURVE_WITH_KNOTS((3,3),(0.,0.172875593578891),.UNSPECIFIED.)
CURVE()
GEOMETRIC_REPRESENTATION_ITEM()
RATIONAL_B_SPLINE_CURVE((1.,1.04545454545464,1.))
REPRESENTATION_ITEM('')
);
#86=(
BOUNDED_CURVE()
B_SPLINE_CURVE(2,(#15299,#15300,#15301),.UNSPECIFIED.,.F.,.F.)
B_SPLINE_CURVE_WITH_KNOTS((3,3),(0.,0.172875593578891),.UNSPECIFIED.)
CURVE()
GEOMETRIC_REPRESENTATION_ITEM()
RATIONAL_B_SPLINE_CURVE((1.,1.04545454545464,1.))
REPRESENTATION_ITEM('')
);
#87=(
BOUNDED_CURVE()
B_SPLINE_CURVE(2,(#15836,#15837,#15838),.UNSPECIFIED.,.F.,.F.)
B_SPLINE_CURVE_WITH_KNOTS((3,3),(0.,0.247165154802358),.UNSPECIFIED.)
CURVE()
GEOMETRIC_REPRESENTATION_ITEM()
RATIONAL_B_SPLINE_CURVE((1.,4.50000000000045,1.))
REPRESENTATION_ITEM('')
);
#88=(
BOUNDED_CURVE()
B_SPLINE_CURVE(2,(#15854,#15855,#15856),.UNSPECIFIED.,.F.,.F.)
B_SPLINE_CURVE_WITH_KNOTS((3,3),(0.,0.247165154802355),.UNSPECIFIED.)
CURVE()
GEOMETRIC_REPRESENTATION_ITEM()
RATIONAL_B_SPLINE_CURVE((1.,4.4999999999988,1.))
REPRESENTATION_ITEM('')
);
#89=(
BOUNDED_CURVE()
B_SPLINE_CURVE(2,(#15872,#15873,#15874),.UNSPECIFIED.,.F.,.F.)
B_SPLINE_CURVE_WITH_KNOTS((3,3),(0.,0.247165154802359),.UNSPECIFIED.)
CURVE()
GEOMETRIC_REPRESENTATION_ITEM()
RATIONAL_B_SPLINE_CURVE((1.,4.50000000000045,1.))
REPRESENTATION_ITEM('')
);
#90=(
BOUNDED_CURVE()
B_SPLINE_CURVE(2,(#15899,#15900,#15901),.UNSPECIFIED.,.F.,.F.)
B_SPLINE_CURVE_WITH_KNOTS((3,3),(0.,0.247165154802339),.UNSPECIFIED.)
CURVE()
GEOMETRIC_REPRESENTATION_ITEM()
RATIONAL_B_SPLINE_CURVE((1.,4.5000000000015,1.))
REPRESENTATION_ITEM('')
);
#91=(
BOUNDED_CURVE()
B_SPLINE_CURVE(2,(#15917,#15918,#15919),.UNSPECIFIED.,.F.,.F.)
B_SPLINE_CURVE_WITH_KNOTS((3,3),(0.,0.247165154802337),.UNSPECIFIED.)
CURVE()
GEOMETRIC_REPRESENTATION_ITEM()
RATIONAL_B_SPLINE_CURVE((1.,4.50000000000067,1.))
REPRESENTATION_ITEM('')
);
#92=(
BOUNDED_CURVE()
B_SPLINE_CURVE(2,(#15935,#15936,#15937),.UNSPECIFIED.,.F.,.F.)
B_SPLINE_CURVE_WITH_KNOTS((3,3),(0.,0.24716515480234),.UNSPECIFIED.)
CURVE()
GEOMETRIC_REPRESENTATION_ITEM()
RATIONAL_B_SPLINE_CURVE((1.,4.5000000000015,1.))
REPRESENTATION_ITEM('')
);
#93=FACE_BOUND('',#908,.T.);
#94=FACE_BOUND('',#909,.T.);
#95=FACE_BOUND('',#910,.T.);
#96=FACE_BOUND('',#911,.T.);
#97=FACE_BOUND('',#912,.T.);
#98=FACE_BOUND('',#913,.T.);
#99=FACE_BOUND('',#914,.T.);
#100=FACE_BOUND('',#915,.T.);
#101=FACE_BOUND('',#916,.T.);
#102=FACE_BOUND('',#917,.T.);
#103=FACE_BOUND('',#918,.T.);
#104=FACE_BOUND('',#919,.T.);
#105=FACE_BOUND('',#920,.T.);
#106=FACE_BOUND('',#921,.T.);
#107=FACE_BOUND('',#929,.T.);
#108=FACE_BOUND('',#938,.T.);
#109=FACE_BOUND('',#944,.T.);
#110=FACE_BOUND('',#957,.T.);
#111=FACE_BOUND('',#959,.T.);
#112=FACE_BOUND('',#1060,.T.);
#113=FACE_BOUND('',#1061,.T.);
#114=FACE_BOUND('',#1062,.T.);
#115=FACE_BOUND('',#1063,.T.);
#116=FACE_BOUND('',#1064,.T.);
#117=FACE_BOUND('',#1067,.T.);
#118=FACE_BOUND('',#1068,.T.);
#119=FACE_BOUND('',#1069,.T.);
#120=FACE_BOUND('',#1070,.T.);
#121=FACE_BOUND('',#1071,.T.);
#122=FACE_BOUND('',#1072,.T.);
#123=FACE_BOUND('',#1073,.T.);
#124=FACE_BOUND('',#1074,.T.);
#125=FACE_BOUND('',#1075,.T.);
#126=FACE_BOUND('',#1076,.T.);
#127=FACE_BOUND('',#1077,.T.);
#128=FACE_BOUND('',#1078,.T.);
#129=FACE_BOUND('',#1079,.T.);
#130=FACE_BOUND('',#1080,.T.);
#131=FACE_BOUND('',#1105,.T.);
#132=FACE_BOUND('',#1133,.T.);
#133=FACE_BOUND('',#1135,.T.);
#134=FACE_BOUND('',#1137,.T.);
#135=FACE_BOUND('',#1139,.T.);
#136=FACE_BOUND('',#1237,.T.);
#137=FACE_BOUND('',#1238,.T.);
#138=FACE_BOUND('',#1239,.T.);
#139=FACE_BOUND('',#1240,.T.);
#140=FACE_BOUND('',#1241,.T.);
#141=FACE_BOUND('',#1256,.T.);
#142=FACE_BOUND('',#1257,.T.);
#143=FACE_BOUND('',#1258,.T.);
#144=FACE_BOUND('',#1259,.T.);
#145=FACE_BOUND('',#1270,.T.);
#146=FACE_BOUND('',#1271,.T.);
#147=FACE_BOUND('',#1272,.T.);
#148=FACE_BOUND('',#1274,.T.);
#149=FACE_BOUND('',#1275,.T.);
#150=FACE_BOUND('',#1276,.T.);
#151=FACE_BOUND('',#1278,.T.);
#152=FACE_BOUND('',#1279,.T.);
#153=FACE_BOUND('',#1280,.T.);
#154=FACE_BOUND('',#1281,.T.);
#155=FACE_BOUND('',#1301,.T.);
#156=FACE_BOUND('',#1302,.T.);
#157=FACE_BOUND('',#1303,.T.);
#158=FACE_BOUND('',#1306,.T.);
#159=FACE_BOUND('',#1307,.T.);
#160=FACE_BOUND('',#1308,.T.);
#161=FACE_BOUND('',#1310,.T.);
#162=FACE_BOUND('',#1311,.T.);
#163=FACE_BOUND('',#1312,.T.);
#164=FACE_BOUND('',#1313,.T.);
#165=FACE_BOUND('',#1314,.T.);
#166=FACE_BOUND('',#1316,.T.);
#167=FACE_BOUND('',#1317,.T.);
#168=FACE_BOUND('',#1318,.T.);
#169=FACE_BOUND('',#1319,.T.);
#170=FACE_BOUND('',#1320,.T.);
#171=FACE_BOUND('',#1336,.T.);
#172=FACE_BOUND('',#1337,.T.);
#173=FACE_BOUND('',#1338,.T.);
#174=FACE_BOUND('',#1434,.T.);
#175=FACE_BOUND('',#1435,.T.);
#176=FACE_BOUND('',#1436,.T.);
#177=FACE_BOUND('',#1467,.T.);
#178=FACE_BOUND('',#1468,.T.);
#179=FACE_BOUND('',#1469,.T.);
#180=FACE_BOUND('',#1475,.T.);
#181=FACE_BOUND('',#1476,.T.);
#182=FACE_BOUND('',#1477,.T.);
#183=FACE_BOUND('',#1478,.T.);
#184=FACE_BOUND('',#1479,.T.);
#185=FACE_BOUND('',#1480,.T.);
#186=FACE_BOUND('',#1481,.T.);
#187=FACE_BOUND('',#1482,.T.);
#188=FACE_BOUND('',#1483,.T.);
#189=FACE_BOUND('',#1484,.T.);
#190=FACE_BOUND('',#1485,.T.);
#191=FACE_BOUND('',#1486,.T.);
#192=FACE_BOUND('',#1487,.T.);
#193=FACE_BOUND('',#1488,.T.);
#194=FACE_BOUND('',#1489,.T.);
#195=FACE_BOUND('',#1490,.T.);
#196=FACE_BOUND('',#1491,.T.);
#197=FACE_BOUND('',#1492,.T.);
#198=FACE_BOUND('',#1493,.T.);
#199=PLANE('',#9776);
#200=PLANE('',#9781);
#201=PLANE('',#9832);
#202=PLANE('',#9841);
#203=PLANE('',#9851);
#204=PLANE('',#9863);
#205=PLANE('',#9876);
#206=PLANE('',#9890);
#207=PLANE('',#9891);
#208=PLANE('',#9892);
#209=PLANE('',#9893);
#210=PLANE('',#9894);
#211=PLANE('',#9895);
#212=PLANE('',#9896);
#213=PLANE('',#9950);
#214=PLANE('',#9960);
#215=PLANE('',#9966);
#216=PLANE('',#9967);
#217=PLANE('',#9972);
#218=PLANE('',#9973);
#219=PLANE('',#9977);
#220=PLANE('',#9980);
#221=PLANE('',#9984);
#222=PLANE('',#9985);
#223=PLANE('',#9990);
#224=PLANE('',#9991);
#225=PLANE('',#9995);
#226=PLANE('',#9998);
#227=PLANE('',#10002);
#228=PLANE('',#10003);
#229=PLANE('',#10008);
#230=PLANE('',#10009);
#231=PLANE('',#10013);
#232=PLANE('',#10016);
#233=PLANE('',#10018);
#234=PLANE('',#10019);
#235=PLANE('',#10020);
#236=PLANE('',#10021);
#237=PLANE('',#10022);
#238=PLANE('',#10023);
#239=PLANE('',#10024);
#240=PLANE('',#10025);
#241=PLANE('',#10026);
#242=PLANE('',#10027);
#243=PLANE('',#10028);
#244=PLANE('',#10029);
#245=PLANE('',#10032);
#246=PLANE('',#10033);
#247=PLANE('',#10038);
#248=PLANE('',#10039);
#249=PLANE('',#10043);
#250=PLANE('',#10046);
#251=PLANE('',#10048);
#252=PLANE('',#10049);
#253=PLANE('',#10050);
#254=PLANE('',#10051);
#255=PLANE('',#10052);
#256=PLANE('',#10056);
#257=PLANE('',#10090);
#258=PLANE('',#10097);
#259=PLANE('',#10104);
#260=PLANE('',#10111);
#261=PLANE('',#10120);
#262=PLANE('',#10123);
#263=PLANE('',#10130);
#264=PLANE('',#10133);
#265=PLANE('',#10137);
#266=PLANE('',#10144);
#267=PLANE('',#10145);
#268=PLANE('',#10152);
#269=PLANE('',#10154);
#270=PLANE('',#10157);
#271=PLANE('',#10162);
#272=PLANE('',#10165);
#273=PLANE('',#10168);
#274=PLANE('',#10173);
#275=PLANE('',#10176);
#276=PLANE('',#10186);
#277=PLANE('',#10187);
#278=PLANE('',#10188);
#279=PLANE('',#10189);
#280=PLANE('',#10190);
#281=PLANE('',#10191);
#282=PLANE('',#10192);
#283=PLANE('',#10193);
#284=PLANE('',#10241);
#285=PLANE('',#10248);
#286=PLANE('',#10263);
#287=PLANE('',#10264);
#288=PLANE('',#10269);
#289=PLANE('',#10270);
#290=PLANE('',#10274);
#291=PLANE('',#10277);
#292=PLANE('',#10281);
#293=PLANE('',#10282);
#294=PLANE('',#10287);
#295=PLANE('',#10288);
#296=PLANE('',#10292);
#297=PLANE('',#10295);
#298=PLANE('',#10299);
#299=PLANE('',#10300);
#300=PLANE('',#10305);
#301=PLANE('',#10306);
#302=PLANE('',#10310);
#303=PLANE('',#10313);
#304=PLANE('',#10315);
#305=PLANE('',#10316);
#306=PLANE('',#10317);
#307=PLANE('',#10318);
#308=PLANE('',#10319);
#309=PLANE('',#10320);
#310=PLANE('',#10321);
#311=PLANE('',#10322);
#312=PLANE('',#10323);
#313=PLANE('',#10324);
#314=PLANE('',#10325);
#315=PLANE('',#10326);
#316=PLANE('',#10329);
#317=PLANE('',#10330);
#318=PLANE('',#10335);
#319=PLANE('',#10336);
#320=PLANE('',#10340);
#321=PLANE('',#10343);
#322=PLANE('',#10345);
#323=PLANE('',#10346);
#324=PLANE('',#10347);
#325=PLANE('',#10348);
#326=PLANE('',#10349);
#327=PLANE('',#10377);
#328=PLANE('',#10385);
#329=PLANE('',#10390);
#330=PLANE('',#10401);
#331=PLANE('',#10402);
#332=PLANE('',#10403);
#333=PLANE('',#10443);
#334=PLANE('',#10444);
#335=PLANE('',#10445);
#336=PLANE('',#10446);
#337=PLANE('',#10447);
#338=PLANE('',#10448);
#339=PLANE('',#10467);
#340=PLANE('',#10468);
#341=PLANE('',#10487);
#342=PLANE('',#10507);
#343=PLANE('',#10508);
#344=PLANE('',#10510);
#345=PLANE('',#10515);
#346=PLANE('',#10520);
#347=PLANE('',#10525);
#348=PLANE('',#10530);
#349=PLANE('',#10535);
#350=PLANE('',#10540);
#351=PLANE('',#10545);
#352=PLANE('',#10550);
#353=PLANE('',#10555);
#354=PLANE('',#10560);
#355=PLANE('',#10565);
#356=PLANE('',#10570);
#357=PLANE('',#10575);
#358=PLANE('',#10580);
#359=PLANE('',#10585);
#360=PLANE('',#10590);
#361=PLANE('',#10593);
#362=PLANE('',#10596);
#363=PLANE('',#10603);
#364=PLANE('',#10608);
#365=PLANE('',#10613);
#366=PLANE('',#10614);
#367=PLANE('',#10619);
#368=PLANE('',#10622);
#369=PLANE('',#10631);
#370=PLANE('',#10634);
#371=PLANE('',#10641);
#372=PLANE('',#10644);
#373=PLANE('',#10651);
#374=PLANE('',#10654);
#375=PLANE('',#10661);
#376=PLANE('',#10664);
#377=PLANE('',#10669);
#378=PLANE('',#10672);
#379=PLANE('',#10673);
#380=PLANE('',#10674);
#381=PLANE('',#10675);
#382=PLANE('',#10676);
#383=PLANE('',#10677);
#384=PLANE('',#10678);
#385=PLANE('',#10679);
#386=PLANE('',#10680);
#387=PLANE('',#10683);
#388=PLANE('',#10684);
#389=PLANE('',#10685);
#390=PLANE('',#10686);
#391=PLANE('',#10687);
#392=PLANE('',#10688);
#393=PLANE('',#10689);
#394=PLANE('',#10690);
#395=PLANE('',#10697);
#396=PLANE('',#10700);
#397=PLANE('',#10701);
#398=PLANE('',#10706);
#399=PLANE('',#10708);
#400=PLANE('',#10712);
#401=PLANE('',#10713);
#402=PLANE('',#10722);
#403=PLANE('',#10724);
#404=PLANE('',#10728);
#405=PLANE('',#10731);
#406=PLANE('',#10734);
#407=PLANE('',#10737);
#408=PLANE('',#10738);
#409=PLANE('',#10739);
#410=PLANE('',#10740);
#411=PLANE('',#10741);
#412=PLANE('',#10742);
#413=PLANE('',#10743);
#414=PLANE('',#10744);
#415=PLANE('',#10745);
#416=PLANE('',#10746);
#417=PLANE('',#10747);
#418=PLANE('',#10748);
#419=PLANE('',#10749);
#420=PLANE('',#10750);
#421=PLANE('',#10751);
#422=FACE_OUTER_BOUND('',#905,.T.);
#423=FACE_OUTER_BOUND('',#906,.T.);
#424=FACE_OUTER_BOUND('',#907,.T.);
#425=FACE_OUTER_BOUND('',#922,.T.);
#426=FACE_OUTER_BOUND('',#923,.T.);
#427=FACE_OUTER_BOUND('',#924,.T.);
#428=FACE_OUTER_BOUND('',#925,.T.);
#429=FACE_OUTER_BOUND('',#926,.T.);
#430=FACE_OUTER_BOUND('',#927,.T.);
#431=FACE_OUTER_BOUND('',#928,.T.);
#432=FACE_OUTER_BOUND('',#930,.T.);
#433=FACE_OUTER_BOUND('',#931,.T.);
#434=FACE_OUTER_BOUND('',#932,.T.);
#435=FACE_OUTER_BOUND('',#933,.T.);
#436=FACE_OUTER_BOUND('',#934,.T.);
#437=FACE_OUTER_BOUND('',#935,.T.);
#438=FACE_OUTER_BOUND('',#936,.T.);
#439=FACE_OUTER_BOUND('',#937,.T.);
#440=FACE_OUTER_BOUND('',#939,.T.);
#441=FACE_OUTER_BOUND('',#940,.T.);
#442=FACE_OUTER_BOUND('',#941,.T.);
#443=FACE_OUTER_BOUND('',#942,.T.);
#444=FACE_OUTER_BOUND('',#943,.T.);
#445=FACE_OUTER_BOUND('',#945,.T.);
#446=FACE_OUTER_BOUND('',#946,.T.);
#447=FACE_OUTER_BOUND('',#947,.T.);
#448=FACE_OUTER_BOUND('',#948,.T.);
#449=FACE_OUTER_BOUND('',#949,.T.);
#450=FACE_OUTER_BOUND('',#950,.T.);
#451=FACE_OUTER_BOUND('',#951,.T.);
#452=FACE_OUTER_BOUND('',#952,.T.);
#453=FACE_OUTER_BOUND('',#953,.T.);
#454=FACE_OUTER_BOUND('',#954,.T.);
#455=FACE_OUTER_BOUND('',#955,.T.);
#456=FACE_OUTER_BOUND('',#956,.T.);
#457=FACE_OUTER_BOUND('',#958,.T.);
#458=FACE_OUTER_BOUND('',#960,.T.);
#459=FACE_OUTER_BOUND('',#961,.T.);
#460=FACE_OUTER_BOUND('',#962,.T.);
#461=FACE_OUTER_BOUND('',#963,.T.);
#462=FACE_OUTER_BOUND('',#964,.T.);
#463=FACE_OUTER_BOUND('',#965,.T.);
#464=FACE_OUTER_BOUND('',#966,.T.);
#465=FACE_OUTER_BOUND('',#967,.T.);
#466=FACE_OUTER_BOUND('',#968,.T.);
#467=FACE_OUTER_BOUND('',#969,.T.);
#468=FACE_OUTER_BOUND('',#970,.T.);
#469=FACE_OUTER_BOUND('',#971,.T.);
#470=FACE_OUTER_BOUND('',#972,.T.);
#471=FACE_OUTER_BOUND('',#973,.T.);
#472=FACE_OUTER_BOUND('',#974,.T.);
#473=FACE_OUTER_BOUND('',#975,.T.);
#474=FACE_OUTER_BOUND('',#976,.T.);
#475=FACE_OUTER_BOUND('',#977,.T.);
#476=FACE_OUTER_BOUND('',#978,.T.);
#477=FACE_OUTER_BOUND('',#979,.T.);
#478=FACE_OUTER_BOUND('',#980,.T.);
#479=FACE_OUTER_BOUND('',#981,.T.);
#480=FACE_OUTER_BOUND('',#982,.T.);
#481=FACE_OUTER_BOUND('',#983,.T.);
#482=FACE_OUTER_BOUND('',#984,.T.);
#483=FACE_OUTER_BOUND('',#985,.T.);
#484=FACE_OUTER_BOUND('',#986,.T.);
#485=FACE_OUTER_BOUND('',#987,.T.);
#486=FACE_OUTER_BOUND('',#988,.T.);
#487=FACE_OUTER_BOUND('',#989,.T.);
#488=FACE_OUTER_BOUND('',#990,.T.);
#489=FACE_OUTER_BOUND('',#991,.T.);
#490=FACE_OUTER_BOUND('',#992,.T.);
#491=FACE_OUTER_BOUND('',#993,.T.);
#492=FACE_OUTER_BOUND('',#994,.T.);
#493=FACE_OUTER_BOUND('',#995,.T.);
#494=FACE_OUTER_BOUND('',#996,.T.);
#495=FACE_OUTER_BOUND('',#997,.T.);
#496=FACE_OUTER_BOUND('',#998,.T.);
#497=FACE_OUTER_BOUND('',#999,.T.);
#498=FACE_OUTER_BOUND('',#1000,.T.);
#499=FACE_OUTER_BOUND('',#1001,.T.);
#500=FACE_OUTER_BOUND('',#1002,.T.);
#501=FACE_OUTER_BOUND('',#1003,.T.);
#502=FACE_OUTER_BOUND('',#1004,.T.);
#503=FACE_OUTER_BOUND('',#1005,.T.);
#504=FACE_OUTER_BOUND('',#1006,.T.);
#505=FACE_OUTER_BOUND('',#1007,.T.);
#506=FACE_OUTER_BOUND('',#1008,.T.);
#507=FACE_OUTER_BOUND('',#1009,.T.);
#508=FACE_OUTER_BOUND('',#1010,.T.);
#509=FACE_OUTER_BOUND('',#1011,.T.);
#510=FACE_OUTER_BOUND('',#1012,.T.);
#511=FACE_OUTER_BOUND('',#1013,.T.);
#512=FACE_OUTER_BOUND('',#1014,.T.);
#513=FACE_OUTER_BOUND('',#1015,.T.);
#514=FACE_OUTER_BOUND('',#1016,.T.);
#515=FACE_OUTER_BOUND('',#1017,.T.);
#516=FACE_OUTER_BOUND('',#1018,.T.);
#517=FACE_OUTER_BOUND('',#1019,.T.);
#518=FACE_OUTER_BOUND('',#1020,.T.);
#519=FACE_OUTER_BOUND('',#1021,.T.);
#520=FACE_OUTER_BOUND('',#1022,.T.);
#521=FACE_OUTER_BOUND('',#1023,.T.);
#522=FACE_OUTER_BOUND('',#1024,.T.);
#523=FACE_OUTER_BOUND('',#1025,.T.);
#524=FACE_OUTER_BOUND('',#1026,.T.);
#525=FACE_OUTER_BOUND('',#1027,.T.);
#526=FACE_OUTER_BOUND('',#1028,.T.);
#527=FACE_OUTER_BOUND('',#1029,.T.);
#528=FACE_OUTER_BOUND('',#1030,.T.);
#529=FACE_OUTER_BOUND('',#1031,.T.);
#530=FACE_OUTER_BOUND('',#1032,.T.);
#531=FACE_OUTER_BOUND('',#1033,.T.);
#532=FACE_OUTER_BOUND('',#1034,.T.);
#533=FACE_OUTER_BOUND('',#1035,.T.);
#534=FACE_OUTER_BOUND('',#1036,.T.);
#535=FACE_OUTER_BOUND('',#1037,.T.);
#536=FACE_OUTER_BOUND('',#1038,.T.);
#537=FACE_OUTER_BOUND('',#1039,.T.);
#538=FACE_OUTER_BOUND('',#1040,.T.);
#539=FACE_OUTER_BOUND('',#1041,.T.);
#540=FACE_OUTER_BOUND('',#1042,.T.);
#541=FACE_OUTER_BOUND('',#1043,.T.);
#542=FACE_OUTER_BOUND('',#1044,.T.);
#543=FACE_OUTER_BOUND('',#1045,.T.);
#544=FACE_OUTER_BOUND('',#1046,.T.);
#545=FACE_OUTER_BOUND('',#1047,.T.);
#546=FACE_OUTER_BOUND('',#1048,.T.);
#547=FACE_OUTER_BOUND('',#1049,.T.);
#548=FACE_OUTER_BOUND('',#1050,.T.);
#549=FACE_OUTER_BOUND('',#1051,.T.);
#550=FACE_OUTER_BOUND('',#1052,.T.);
#551=FACE_OUTER_BOUND('',#1053,.T.);
#552=FACE_OUTER_BOUND('',#1054,.T.);
#553=FACE_OUTER_BOUND('',#1055,.T.);
#554=FACE_OUTER_BOUND('',#1056,.T.);
#555=FACE_OUTER_BOUND('',#1057,.T.);
#556=FACE_OUTER_BOUND('',#1058,.T.);
#557=FACE_OUTER_BOUND('',#1059,.T.);
#558=FACE_OUTER_BOUND('',#1065,.T.);
#559=FACE_OUTER_BOUND('',#1066,.T.);
#560=FACE_OUTER_BOUND('',#1081,.T.);
#561=FACE_OUTER_BOUND('',#1082,.T.);
#562=FACE_OUTER_BOUND('',#1083,.T.);
#563=FACE_OUTER_BOUND('',#1084,.T.);
#564=FACE_OUTER_BOUND('',#1085,.T.);
#565=FACE_OUTER_BOUND('',#1086,.T.);
#566=FACE_OUTER_BOUND('',#1087,.T.);
#567=FACE_OUTER_BOUND('',#1088,.T.);
#568=FACE_OUTER_BOUND('',#1089,.T.);
#569=FACE_OUTER_BOUND('',#1090,.T.);
#570=FACE_OUTER_BOUND('',#1091,.T.);
#571=FACE_OUTER_BOUND('',#1092,.T.);
#572=FACE_OUTER_BOUND('',#1093,.T.);
#573=FACE_OUTER_BOUND('',#1094,.T.);
#574=FACE_OUTER_BOUND('',#1095,.T.);
#575=FACE_OUTER_BOUND('',#1096,.T.);
#576=FACE_OUTER_BOUND('',#1097,.T.);
#577=FACE_OUTER_BOUND('',#1098,.T.);
#578=FACE_OUTER_BOUND('',#1099,.T.);
#579=FACE_OUTER_BOUND('',#1100,.T.);
#580=FACE_OUTER_BOUND('',#1101,.T.);
#581=FACE_OUTER_BOUND('',#1102,.T.);
#582=FACE_OUTER_BOUND('',#1103,.T.);
#583=FACE_OUTER_BOUND('',#1104,.T.);
#584=FACE_OUTER_BOUND('',#1106,.T.);
#585=FACE_OUTER_BOUND('',#1107,.T.);
#586=FACE_OUTER_BOUND('',#1108,.T.);
#587=FACE_OUTER_BOUND('',#1109,.T.);
#588=FACE_OUTER_BOUND('',#1110,.T.);
#589=FACE_OUTER_BOUND('',#1111,.T.);
#590=FACE_OUTER_BOUND('',#1112,.T.);
#591=FACE_OUTER_BOUND('',#1113,.T.);
#592=FACE_OUTER_BOUND('',#1114,.T.);
#593=FACE_OUTER_BOUND('',#1115,.T.);
#594=FACE_OUTER_BOUND('',#1116,.T.);
#595=FACE_OUTER_BOUND('',#1117,.T.);
#596=FACE_OUTER_BOUND('',#1118,.T.);
#597=FACE_OUTER_BOUND('',#1119,.T.);
#598=FACE_OUTER_BOUND('',#1120,.T.);
#599=FACE_OUTER_BOUND('',#1121,.T.);
#600=FACE_OUTER_BOUND('',#1122,.T.);
#601=FACE_OUTER_BOUND('',#1123,.T.);
#602=FACE_OUTER_BOUND('',#1124,.T.);
#603=FACE_OUTER_BOUND('',#1125,.T.);
#604=FACE_OUTER_BOUND('',#1126,.T.);
#605=FACE_OUTER_BOUND('',#1127,.T.);
#606=FACE_OUTER_BOUND('',#1128,.T.);
#607=FACE_OUTER_BOUND('',#1129,.T.);
#608=FACE_OUTER_BOUND('',#1130,.T.);
#609=FACE_OUTER_BOUND('',#1131,.T.);
#610=FACE_OUTER_BOUND('',#1132,.T.);
#611=FACE_OUTER_BOUND('',#1134,.T.);
#612=FACE_OUTER_BOUND('',#1136,.T.);
#613=FACE_OUTER_BOUND('',#1138,.T.);
#614=FACE_OUTER_BOUND('',#1140,.T.);
#615=FACE_OUTER_BOUND('',#1141,.T.);
#616=FACE_OUTER_BOUND('',#1142,.T.);
#617=FACE_OUTER_BOUND('',#1143,.T.);
#618=FACE_OUTER_BOUND('',#1144,.T.);
#619=FACE_OUTER_BOUND('',#1145,.T.);
#620=FACE_OUTER_BOUND('',#1146,.T.);
#621=FACE_OUTER_BOUND('',#1147,.T.);
#622=FACE_OUTER_BOUND('',#1148,.T.);
#623=FACE_OUTER_BOUND('',#1149,.T.);
#624=FACE_OUTER_BOUND('',#1150,.T.);
#625=FACE_OUTER_BOUND('',#1151,.T.);
#626=FACE_OUTER_BOUND('',#1152,.T.);
#627=FACE_OUTER_BOUND('',#1153,.T.);
#628=FACE_OUTER_BOUND('',#1154,.T.);
#629=FACE_OUTER_BOUND('',#1155,.T.);
#630=FACE_OUTER_BOUND('',#1156,.T.);
#631=FACE_OUTER_BOUND('',#1157,.T.);
#632=FACE_OUTER_BOUND('',#1158,.T.);
#633=FACE_OUTER_BOUND('',#1159,.T.);
#634=FACE_OUTER_BOUND('',#1160,.T.);
#635=FACE_OUTER_BOUND('',#1161,.T.);
#636=FACE_OUTER_BOUND('',#1162,.T.);
#637=FACE_OUTER_BOUND('',#1163,.T.);
#638=FACE_OUTER_BOUND('',#1164,.T.);
#639=FACE_OUTER_BOUND('',#1165,.T.);
#640=FACE_OUTER_BOUND('',#1166,.T.);
#641=FACE_OUTER_BOUND('',#1167,.T.);
#642=FACE_OUTER_BOUND('',#1168,.T.);
#643=FACE_OUTER_BOUND('',#1169,.T.);
#644=FACE_OUTER_BOUND('',#1170,.T.);
#645=FACE_OUTER_BOUND('',#1171,.T.);
#646=FACE_OUTER_BOUND('',#1172,.T.);
#647=FACE_OUTER_BOUND('',#1173,.T.);
#648=FACE_OUTER_BOUND('',#1174,.T.);
#649=FACE_OUTER_BOUND('',#1175,.T.);
#650=FACE_OUTER_BOUND('',#1176,.T.);
#651=FACE_OUTER_BOUND('',#1177,.T.);
#652=FACE_OUTER_BOUND('',#1178,.T.);
#653=FACE_OUTER_BOUND('',#1179,.T.);
#654=FACE_OUTER_BOUND('',#1180,.T.);
#655=FACE_OUTER_BOUND('',#1181,.T.);
#656=FACE_OUTER_BOUND('',#1182,.T.);
#657=FACE_OUTER_BOUND('',#1183,.T.);
#658=FACE_OUTER_BOUND('',#1184,.T.);
#659=FACE_OUTER_BOUND('',#1185,.T.);
#660=FACE_OUTER_BOUND('',#1186,.T.);
#661=FACE_OUTER_BOUND('',#1187,.T.);
#662=FACE_OUTER_BOUND('',#1188,.T.);
#663=FACE_OUTER_BOUND('',#1189,.T.);
#664=FACE_OUTER_BOUND('',#1190,.T.);
#665=FACE_OUTER_BOUND('',#1191,.T.);
#666=FACE_OUTER_BOUND('',#1192,.T.);
#667=FACE_OUTER_BOUND('',#1193,.T.);
#668=FACE_OUTER_BOUND('',#1194,.T.);
#669=FACE_OUTER_BOUND('',#1195,.T.);
#670=FACE_OUTER_BOUND('',#1196,.T.);
#671=FACE_OUTER_BOUND('',#1197,.T.);
#672=FACE_OUTER_BOUND('',#1198,.T.);
#673=FACE_OUTER_BOUND('',#1199,.T.);
#674=FACE_OUTER_BOUND('',#1200,.T.);
#675=FACE_OUTER_BOUND('',#1201,.T.);
#676=FACE_OUTER_BOUND('',#1202,.T.);
#677=FACE_OUTER_BOUND('',#1203,.T.);
#678=FACE_OUTER_BOUND('',#1204,.T.);
#679=FACE_OUTER_BOUND('',#1205,.T.);
#680=FACE_OUTER_BOUND('',#1206,.T.);
#681=FACE_OUTER_BOUND('',#1207,.T.);
#682=FACE_OUTER_BOUND('',#1208,.T.);
#683=FACE_OUTER_BOUND('',#1209,.T.);
#684=FACE_OUTER_BOUND('',#1210,.T.);
#685=FACE_OUTER_BOUND('',#1211,.T.);
#686=FACE_OUTER_BOUND('',#1212,.T.);
#687=FACE_OUTER_BOUND('',#1213,.T.);
#688=FACE_OUTER_BOUND('',#1214,.T.);
#689=FACE_OUTER_BOUND('',#1215,.T.);
#690=FACE_OUTER_BOUND('',#1216,.T.);
#691=FACE_OUTER_BOUND('',#1217,.T.);
#692=FACE_OUTER_BOUND('',#1218,.T.);
#693=FACE_OUTER_BOUND('',#1219,.T.);
#694=FACE_OUTER_BOUND('',#1220,.T.);
#695=FACE_OUTER_BOUND('',#1221,.T.);
#696=FACE_OUTER_BOUND('',#1222,.T.);
#697=FACE_OUTER_BOUND('',#1223,.T.);
#698=FACE_OUTER_BOUND('',#1224,.T.);
#699=FACE_OUTER_BOUND('',#1225,.T.);
#700=FACE_OUTER_BOUND('',#1226,.T.);
#701=FACE_OUTER_BOUND('',#1227,.T.);
#702=FACE_OUTER_BOUND('',#1228,.T.);
#703=FACE_OUTER_BOUND('',#1229,.T.);
#704=FACE_OUTER_BOUND('',#1230,.T.);
#705=FACE_OUTER_BOUND('',#1231,.T.);
#706=FACE_OUTER_BOUND('',#1232,.T.);
#707=FACE_OUTER_BOUND('',#1233,.T.);
#708=FACE_OUTER_BOUND('',#1234,.T.);
#709=FACE_OUTER_BOUND('',#1235,.T.);
#710=FACE_OUTER_BOUND('',#1236,.T.);
#711=FACE_OUTER_BOUND('',#1242,.T.);
#712=FACE_OUTER_BOUND('',#1243,.T.);
#713=FACE_OUTER_BOUND('',#1244,.T.);
#714=FACE_OUTER_BOUND('',#1245,.T.);
#715=FACE_OUTER_BOUND('',#1246,.T.);
#716=FACE_OUTER_BOUND('',#1247,.T.);
#717=FACE_OUTER_BOUND('',#1248,.T.);
#718=FACE_OUTER_BOUND('',#1249,.T.);
#719=FACE_OUTER_BOUND('',#1250,.T.);
#720=FACE_OUTER_BOUND('',#1251,.T.);
#721=FACE_OUTER_BOUND('',#1252,.T.);
#722=FACE_OUTER_BOUND('',#1253,.T.);
#723=FACE_OUTER_BOUND('',#1254,.T.);
#724=FACE_OUTER_BOUND('',#1255,.T.);
#725=FACE_OUTER_BOUND('',#1260,.T.);
#726=FACE_OUTER_BOUND('',#1261,.T.);
#727=FACE_OUTER_BOUND('',#1262,.T.);
#728=FACE_OUTER_BOUND('',#1263,.T.);
#729=FACE_OUTER_BOUND('',#1264,.T.);
#730=FACE_OUTER_BOUND('',#1265,.T.);
#731=FACE_OUTER_BOUND('',#1266,.T.);
#732=FACE_OUTER_BOUND('',#1267,.T.);
#733=FACE_OUTER_BOUND('',#1268,.T.);
#734=FACE_OUTER_BOUND('',#1269,.T.);
#735=FACE_OUTER_BOUND('',#1273,.T.);
#736=FACE_OUTER_BOUND('',#1277,.T.);
#737=FACE_OUTER_BOUND('',#1282,.T.);
#738=FACE_OUTER_BOUND('',#1283,.T.);
#739=FACE_OUTER_BOUND('',#1284,.T.);
#740=FACE_OUTER_BOUND('',#1285,.T.);
#741=FACE_OUTER_BOUND('',#1286,.T.);
#742=FACE_OUTER_BOUND('',#1287,.T.);
#743=FACE_OUTER_BOUND('',#1288,.T.);
#744=FACE_OUTER_BOUND('',#1289,.T.);
#745=FACE_OUTER_BOUND('',#1290,.T.);
#746=FACE_OUTER_BOUND('',#1291,.T.);
#747=FACE_OUTER_BOUND('',#1292,.T.);
#748=FACE_OUTER_BOUND('',#1293,.T.);
#749=FACE_OUTER_BOUND('',#1294,.T.);
#750=FACE_OUTER_BOUND('',#1295,.T.);
#751=FACE_OUTER_BOUND('',#1296,.T.);
#752=FACE_OUTER_BOUND('',#1297,.T.);
#753=FACE_OUTER_BOUND('',#1298,.T.);
#754=FACE_OUTER_BOUND('',#1299,.T.);
#755=FACE_OUTER_BOUND('',#1300,.T.);
#756=FACE_OUTER_BOUND('',#1304,.T.);
#757=FACE_OUTER_BOUND('',#1305,.T.);
#758=FACE_OUTER_BOUND('',#1309,.T.);
#759=FACE_OUTER_BOUND('',#1315,.T.);
#760=FACE_OUTER_BOUND('',#1321,.T.);
#761=FACE_OUTER_BOUND('',#1322,.T.);
#762=FACE_OUTER_BOUND('',#1323,.T.);
#763=FACE_OUTER_BOUND('',#1324,.T.);
#764=FACE_OUTER_BOUND('',#1325,.T.);
#765=FACE_OUTER_BOUND('',#1326,.T.);
#766=FACE_OUTER_BOUND('',#1327,.T.);
#767=FACE_OUTER_BOUND('',#1328,.T.);
#768=FACE_OUTER_BOUND('',#1329,.T.);
#769=FACE_OUTER_BOUND('',#1330,.T.);
#770=FACE_OUTER_BOUND('',#1331,.T.);
#771=FACE_OUTER_BOUND('',#1332,.T.);
#772=FACE_OUTER_BOUND('',#1333,.T.);
#773=FACE_OUTER_BOUND('',#1334,.T.);
#774=FACE_OUTER_BOUND('',#1335,.T.);
#775=FACE_OUTER_BOUND('',#1339,.T.);
#776=FACE_OUTER_BOUND('',#1340,.T.);
#777=FACE_OUTER_BOUND('',#1341,.T.);
#778=FACE_OUTER_BOUND('',#1342,.T.);
#779=FACE_OUTER_BOUND('',#1343,.T.);
#780=FACE_OUTER_BOUND('',#1344,.T.);
#781=FACE_OUTER_BOUND('',#1345,.T.);
#782=FACE_OUTER_BOUND('',#1346,.T.);
#783=FACE_OUTER_BOUND('',#1347,.T.);
#784=FACE_OUTER_BOUND('',#1348,.T.);
#785=FACE_OUTER_BOUND('',#1349,.T.);
#786=FACE_OUTER_BOUND('',#1350,.T.);
#787=FACE_OUTER_BOUND('',#1351,.T.);
#788=FACE_OUTER_BOUND('',#1352,.T.);
#789=FACE_OUTER_BOUND('',#1353,.T.);
#790=FACE_OUTER_BOUND('',#1354,.T.);
#791=FACE_OUTER_BOUND('',#1355,.T.);
#792=FACE_OUTER_BOUND('',#1356,.T.);
#793=FACE_OUTER_BOUND('',#1357,.T.);
#794=FACE_OUTER_BOUND('',#1358,.T.);
#795=FACE_OUTER_BOUND('',#1359,.T.);
#796=FACE_OUTER_BOUND('',#1360,.T.);
#797=FACE_OUTER_BOUND('',#1361,.T.);
#798=FACE_OUTER_BOUND('',#1362,.T.);
#799=FACE_OUTER_BOUND('',#1363,.T.);
#800=FACE_OUTER_BOUND('',#1364,.T.);
#801=FACE_OUTER_BOUND('',#1365,.T.);
#802=FACE_OUTER_BOUND('',#1366,.T.);
#803=FACE_OUTER_BOUND('',#1367,.T.);
#804=FACE_OUTER_BOUND('',#1368,.T.);
#805=FACE_OUTER_BOUND('',#1369,.T.);
#806=FACE_OUTER_BOUND('',#1370,.T.);
#807=FACE_OUTER_BOUND('',#1371,.T.);
#808=FACE_OUTER_BOUND('',#1372,.T.);
#809=FACE_OUTER_BOUND('',#1373,.T.);
#810=FACE_OUTER_BOUND('',#1374,.T.);
#811=FACE_OUTER_BOUND('',#1375,.T.);
#812=FACE_OUTER_BOUND('',#1376,.T.);
#813=FACE_OUTER_BOUND('',#1377,.T.);
#814=FACE_OUTER_BOUND('',#1378,.T.);
#815=FACE_OUTER_BOUND('',#1379,.T.);
#816=FACE_OUTER_BOUND('',#1380,.T.);
#817=FACE_OUTER_BOUND('',#1381,.T.);
#818=FACE_OUTER_BOUND('',#1382,.T.);
#819=FACE_OUTER_BOUND('',#1383,.T.);
#820=FACE_OUTER_BOUND('',#1384,.T.);
#821=FACE_OUTER_BOUND('',#1385,.T.);
#822=FACE_OUTER_BOUND('',#1386,.T.);
#823=FACE_OUTER_BOUND('',#1387,.T.);
#824=FACE_OUTER_BOUND('',#1388,.T.);
#825=FACE_OUTER_BOUND('',#1389,.T.);
#826=FACE_OUTER_BOUND('',#1390,.T.);
#827=FACE_OUTER_BOUND('',#1391,.T.);
#828=FACE_OUTER_BOUND('',#1392,.T.);
#829=FACE_OUTER_BOUND('',#1393,.T.);
#830=FACE_OUTER_BOUND('',#1394,.T.);
#831=FACE_OUTER_BOUND('',#1395,.T.);
#832=FACE_OUTER_BOUND('',#1396,.T.);
#833=FACE_OUTER_BOUND('',#1397,.T.);
#834=FACE_OUTER_BOUND('',#1398,.T.);
#835=FACE_OUTER_BOUND('',#1399,.T.);
#836=FACE_OUTER_BOUND('',#1400,.T.);
#837=FACE_OUTER_BOUND('',#1401,.T.);
#838=FACE_OUTER_BOUND('',#1402,.T.);
#839=FACE_OUTER_BOUND('',#1403,.T.);
#840=FACE_OUTER_BOUND('',#1404,.T.);
#841=FACE_OUTER_BOUND('',#1405,.T.);
#842=FACE_OUTER_BOUND('',#1406,.T.);
#843=FACE_OUTER_BOUND('',#1407,.T.);
#844=FACE_OUTER_BOUND('',#1408,.T.);
#845=FACE_OUTER_BOUND('',#1409,.T.);
#846=FACE_OUTER_BOUND('',#1410,.T.);
#847=FACE_OUTER_BOUND('',#1411,.T.);
#848=FACE_OUTER_BOUND('',#1412,.T.);
#849=FACE_OUTER_BOUND('',#1413,.T.);
#850=FACE_OUTER_BOUND('',#1414,.T.);
#851=FACE_OUTER_BOUND('',#1415,.T.);
#852=FACE_OUTER_BOUND('',#1416,.T.);
#853=FACE_OUTER_BOUND('',#1417,.T.);
#854=FACE_OUTER_BOUND('',#1418,.T.);
#855=FACE_OUTER_BOUND('',#1419,.T.);
#856=FACE_OUTER_BOUND('',#1420,.T.);
#857=FACE_OUTER_BOUND('',#1421,.T.);
#858=FACE_OUTER_BOUND('',#1422,.T.);
#859=FACE_OUTER_BOUND('',#1423,.T.);
#860=FACE_OUTER_BOUND('',#1424,.T.);
#861=FACE_OUTER_BOUND('',#1425,.T.);
#862=FACE_OUTER_BOUND('',#1426,.T.);
#863=FACE_OUTER_BOUND('',#1427,.T.);
#864=FACE_OUTER_BOUND('',#1428,.T.);
#865=FACE_OUTER_BOUND('',#1429,.T.);
#866=FACE_OUTER_BOUND('',#1430,.T.);
#867=FACE_OUTER_BOUND('',#1431,.T.);
#868=FACE_OUTER_BOUND('',#1432,.T.);
#869=FACE_OUTER_BOUND('',#1433,.T.);
#870=FACE_OUTER_BOUND('',#1437,.T.);
#871=FACE_OUTER_BOUND('',#1438,.T.);
#872=FACE_OUTER_BOUND('',#1439,.T.);
#873=FACE_OUTER_BOUND('',#1440,.T.);
#874=FACE_OUTER_BOUND('',#1441,.T.);
#875=FACE_OUTER_BOUND('',#1442,.T.);
#876=FACE_OUTER_BOUND('',#1443,.T.);
#877=FACE_OUTER_BOUND('',#1444,.T.);
#878=FACE_OUTER_BOUND('',#1445,.T.);
#879=FACE_OUTER_BOUND('',#1446,.T.);
#880=FACE_OUTER_BOUND('',#1447,.T.);
#881=FACE_OUTER_BOUND('',#1448,.T.);
#882=FACE_OUTER_BOUND('',#1449,.T.);
#883=FACE_OUTER_BOUND('',#1450,.T.);
#884=FACE_OUTER_BOUND('',#1451,.T.);
#885=FACE_OUTER_BOUND('',#1452,.T.);
#886=FACE_OUTER_BOUND('',#1453,.T.);
#887=FACE_OUTER_BOUND('',#1454,.T.);
#888=FACE_OUTER_BOUND('',#1455,.T.);
#889=FACE_OUTER_BOUND('',#1456,.T.);
#890=FACE_OUTER_BOUND('',#1457,.T.);
#891=FACE_OUTER_BOUND('',#1458,.T.);
#892=FACE_OUTER_BOUND('',#1459,.T.);
#893=FACE_OUTER_BOUND('',#1460,.T.);
#894=FACE_OUTER_BOUND('',#1461,.T.);
#895=FACE_OUTER_BOUND('',#1462,.T.);
#896=FACE_OUTER_BOUND('',#1463,.T.);
#897=FACE_OUTER_BOUND('',#1464,.T.);
#898=FACE_OUTER_BOUND('',#1465,.T.);
#899=FACE_OUTER_BOUND('',#1466,.T.);
#900=FACE_OUTER_BOUND('',#1470,.T.);
#901=FACE_OUTER_BOUND('',#1471,.T.);
#902=FACE_OUTER_BOUND('',#1472,.T.);
#903=FACE_OUTER_BOUND('',#1473,.T.);
#904=FACE_OUTER_BOUND('',#1474,.T.);
#905=EDGE_LOOP('',(#6178,#6179,#6180,#6181,#6182,#6183,#6184,#6185));
#906=EDGE_LOOP('',(#6186,#6187,#6188,#6189,#6190,#6191));
#907=EDGE_LOOP('',(#6192,#6193,#6194,#6195,#6196,#6197,#6198,#6199,#6200,
#6201,#6202,#6203,#6204,#6205,#6206,#6207,#6208,#6209,#6210,#6211,#6212,
#6213,#6214,#6215,#6216,#6217,#6218,#6219,#6220,#6221,#6222,#6223,#6224,
#6225,#6226,#6227,#6228,#6229,#6230,#6231,#6232,#6233,#6234,#6235,#6236,
#6237,#6238,#6239,#6240,#6241,#6242,#6243,#6244,#6245,#6246,#6247,#6248,
#6249,#6250,#6251,#6252,#6253,#6254,#6255,#6256,#6257,#6258,#6259));
#908=EDGE_LOOP('',(#6260,#6261,#6262,#6263));
#909=EDGE_LOOP('',(#6264));
#910=EDGE_LOOP('',(#6265,#6266,#6267,#6268));
#911=EDGE_LOOP('',(#6269));
#912=EDGE_LOOP('',(#6270));
#913=EDGE_LOOP('',(#6271));
#914=EDGE_LOOP('',(#6272));
#915=EDGE_LOOP('',(#6273));
#916=EDGE_LOOP('',(#6274));
#917=EDGE_LOOP('',(#6275));
#918=EDGE_LOOP('',(#6276));
#919=EDGE_LOOP('',(#6277,#6278,#6279,#6280));
#920=EDGE_LOOP('',(#6281,#6282,#6283,#6284));
#921=EDGE_LOOP('',(#6285,#6286,#6287,#6288));
#922=EDGE_LOOP('',(#6289,#6290,#6291,#6292,#6293,#6294,#6295,#6296));
#923=EDGE_LOOP('',(#6297,#6298,#6299,#6300,#6301,#6302,#6303,#6304));
#924=EDGE_LOOP('',(#6305,#6306,#6307,#6308,#6309,#6310,#6311,#6312));
#925=EDGE_LOOP('',(#6313,#6314,#6315,#6316,#6317,#6318,#6319,#6320));
#926=EDGE_LOOP('',(#6321,#6322,#6323,#6324,#6325,#6326));
#927=EDGE_LOOP('',(#6327,#6328,#6329,#6330));
#928=EDGE_LOOP('',(#6331,#6332,#6333,#6334));
#929=EDGE_LOOP('',(#6335));
#930=EDGE_LOOP('',(#6336,#6337,#6338,#6339));
#931=EDGE_LOOP('',(#6340,#6341,#6342,#6343,#6344,#6345));
#932=EDGE_LOOP('',(#6346,#6347,#6348,#6349));
#933=EDGE_LOOP('',(#6350,#6351,#6352,#6353,#6354));
#934=EDGE_LOOP('',(#6355,#6356,#6357,#6358));
#935=EDGE_LOOP('',(#6359,#6360,#6361,#6362));
#936=EDGE_LOOP('',(#6363,#6364,#6365,#6366,#6367));
#937=EDGE_LOOP('',(#6368,#6369,#6370,#6371,#6372));
#938=EDGE_LOOP('',(#6373));
#939=EDGE_LOOP('',(#6374,#6375,#6376,#6377,#6378));
#940=EDGE_LOOP('',(#6379,#6380,#6381,#6382));
#941=EDGE_LOOP('',(#6383,#6384,#6385,#6386));
#942=EDGE_LOOP('',(#6387,#6388,#6389,#6390,#6391));
#943=EDGE_LOOP('',(#6392,#6393,#6394,#6395,#6396));
#944=EDGE_LOOP('',(#6397));
#945=EDGE_LOOP('',(#6398,#6399,#6400,#6401,#6402));
#946=EDGE_LOOP('',(#6403,#6404,#6405,#6406));
#947=EDGE_LOOP('',(#6407,#6408,#6409,#6410));
#948=EDGE_LOOP('',(#6411,#6412,#6413,#6414,#6415));
#949=EDGE_LOOP('',(#6416,#6417,#6418,#6419,#6420));
#950=EDGE_LOOP('',(#6421,#6422,#6423,#6424));
#951=EDGE_LOOP('',(#6425,#6426,#6427,#6428,#6429,#6430));
#952=EDGE_LOOP('',(#6431,#6432,#6433,#6434,#6435,#6436));
#953=EDGE_LOOP('',(#6437,#6438,#6439,#6440,#6441,#6442));
#954=EDGE_LOOP('',(#6443,#6444,#6445,#6446,#6447,#6448));
#955=EDGE_LOOP('',(#6449,#6450,#6451,#6452,#6453,#6454));
#956=EDGE_LOOP('',(#6455,#6456,#6457,#6458,#6459));
#957=EDGE_LOOP('',(#6460));
#958=EDGE_LOOP('',(#6461,#6462,#6463,#6464));
#959=EDGE_LOOP('',(#6465));
#960=EDGE_LOOP('',(#6466,#6467,#6468,#6469,#6470));
#961=EDGE_LOOP('',(#6471,#6472,#6473,#6474,#6475,#6476));
#962=EDGE_LOOP('',(#6477,#6478,#6479,#6480,#6481,#6482));
#963=EDGE_LOOP('',(#6483,#6484,#6485,#6486,#6487,#6488,#6489,#6490,#6491,
#6492));
#964=EDGE_LOOP('',(#6493,#6494,#6495,#6496,#6497,#6498,#6499,#6500,#6501,
#6502,#6503,#6504,#6505,#6506,#6507,#6508,#6509,#6510,#6511,#6512,#6513,
#6514,#6515,#6516,#6517,#6518,#6519,#6520,#6521,#6522,#6523));
#965=EDGE_LOOP('',(#6524,#6525,#6526));
#966=EDGE_LOOP('',(#6527,#6528,#6529,#6530));
#967=EDGE_LOOP('',(#6531,#6532,#6533));
#968=EDGE_LOOP('',(#6534,#6535,#6536,#6537));
#969=EDGE_LOOP('',(#6538,#6539,#6540));
#970=EDGE_LOOP('',(#6541,#6542,#6543,#6544));
#971=EDGE_LOOP('',(#6545,#6546,#6547));
#972=EDGE_LOOP('',(#6548,#6549,#6550,#6551));
#973=EDGE_LOOP('',(#6552,#6553,#6554));
#974=EDGE_LOOP('',(#6555,#6556,#6557,#6558));
#975=EDGE_LOOP('',(#6559,#6560,#6561,#6562,#6563,#6564));
#976=EDGE_LOOP('',(#6565,#6566,#6567,#6568));
#977=EDGE_LOOP('',(#6569,#6570,#6571,#6572,#6573,#6574));
#978=EDGE_LOOP('',(#6575,#6576,#6577,#6578));
#979=EDGE_LOOP('',(#6579,#6580,#6581,#6582,#6583,#6584));
#980=EDGE_LOOP('',(#6585,#6586,#6587,#6588));
#981=EDGE_LOOP('',(#6589,#6590,#6591,#6592,#6593,#6594));
#982=EDGE_LOOP('',(#6595,#6596,#6597,#6598));
#983=EDGE_LOOP('',(#6599,#6600,#6601,#6602,#6603,#6604));
#984=EDGE_LOOP('',(#6605,#6606,#6607,#6608));
#985=EDGE_LOOP('',(#6609,#6610,#6611,#6612,#6613,#6614,#6615,#6616,#6617,
#6618));
#986=EDGE_LOOP('',(#6619,#6620,#6621,#6622,#6623,#6624));
#987=EDGE_LOOP('',(#6625,#6626,#6627,#6628));
#988=EDGE_LOOP('',(#6629,#6630,#6631,#6632,#6633,#6634));
#989=EDGE_LOOP('',(#6635,#6636,#6637,#6638));
#990=EDGE_LOOP('',(#6639,#6640,#6641,#6642,#6643,#6644));
#991=EDGE_LOOP('',(#6645,#6646,#6647,#6648));
#992=EDGE_LOOP('',(#6649,#6650,#6651,#6652,#6653,#6654,#6655,#6656,#6657,
#6658));
#993=EDGE_LOOP('',(#6659,#6660,#6661,#6662,#6663,#6664));
#994=EDGE_LOOP('',(#6665,#6666,#6667,#6668));
#995=EDGE_LOOP('',(#6669,#6670,#6671,#6672));
#996=EDGE_LOOP('',(#6673,#6674,#6675,#6676));
#997=EDGE_LOOP('',(#6677,#6678,#6679,#6680,#6681,#6682,#6683,#6684));
#998=EDGE_LOOP('',(#6685,#6686,#6687,#6688));
#999=EDGE_LOOP('',(#6689,#6690,#6691,#6692));
#1000=EDGE_LOOP('',(#6693,#6694,#6695,#6696,#6697,#6698,#6699,#6700));
#1001=EDGE_LOOP('',(#6701,#6702,#6703,#6704));
#1002=EDGE_LOOP('',(#6705,#6706,#6707,#6708));
#1003=EDGE_LOOP('',(#6709,#6710,#6711,#6712));
#1004=EDGE_LOOP('',(#6713,#6714,#6715,#6716));
#1005=EDGE_LOOP('',(#6717,#6718,#6719,#6720));
#1006=EDGE_LOOP('',(#6721,#6722,#6723,#6724));
#1007=EDGE_LOOP('',(#6725,#6726,#6727,#6728));
#1008=EDGE_LOOP('',(#6729,#6730,#6731,#6732));
#1009=EDGE_LOOP('',(#6733,#6734,#6735,#6736,#6737,#6738,#6739,#6740));
#1010=EDGE_LOOP('',(#6741,#6742,#6743,#6744));
#1011=EDGE_LOOP('',(#6745,#6746,#6747,#6748));
#1012=EDGE_LOOP('',(#6749,#6750,#6751,#6752,#6753,#6754,#6755,#6756));
#1013=EDGE_LOOP('',(#6757,#6758,#6759,#6760));
#1014=EDGE_LOOP('',(#6761,#6762,#6763,#6764));
#1015=EDGE_LOOP('',(#6765,#6766,#6767,#6768));
#1016=EDGE_LOOP('',(#6769,#6770,#6771,#6772));
#1017=EDGE_LOOP('',(#6773,#6774,#6775,#6776));
#1018=EDGE_LOOP('',(#6777,#6778,#6779,#6780));
#1019=EDGE_LOOP('',(#6781,#6782,#6783,#6784));
#1020=EDGE_LOOP('',(#6785,#6786,#6787,#6788));
#1021=EDGE_LOOP('',(#6789,#6790,#6791,#6792,#6793,#6794,#6795,#6796));
#1022=EDGE_LOOP('',(#6797,#6798,#6799,#6800));
#1023=EDGE_LOOP('',(#6801,#6802,#6803,#6804));
#1024=EDGE_LOOP('',(#6805,#6806,#6807,#6808,#6809,#6810,#6811,#6812));
#1025=EDGE_LOOP('',(#6813,#6814,#6815,#6816));
#1026=EDGE_LOOP('',(#6817,#6818,#6819,#6820));
#1027=EDGE_LOOP('',(#6821,#6822,#6823,#6824));
#1028=EDGE_LOOP('',(#6825,#6826,#6827,#6828));
#1029=EDGE_LOOP('',(#6829,#6830,#6831,#6832));
#1030=EDGE_LOOP('',(#6833,#6834,#6835,#6836));
#1031=EDGE_LOOP('',(#6837,#6838,#6839,#6840));
#1032=EDGE_LOOP('',(#6841,#6842,#6843,#6844));
#1033=EDGE_LOOP('',(#6845,#6846,#6847,#6848));
#1034=EDGE_LOOP('',(#6849,#6850,#6851,#6852));
#1035=EDGE_LOOP('',(#6853,#6854,#6855,#6856));
#1036=EDGE_LOOP('',(#6857,#6858,#6859,#6860));
#1037=EDGE_LOOP('',(#6861,#6862,#6863,#6864));
#1038=EDGE_LOOP('',(#6865,#6866,#6867,#6868));
#1039=EDGE_LOOP('',(#6869,#6870,#6871,#6872));
#1040=EDGE_LOOP('',(#6873,#6874,#6875,#6876));
#1041=EDGE_LOOP('',(#6877,#6878,#6879,#6880));
#1042=EDGE_LOOP('',(#6881,#6882,#6883,#6884));
#1043=EDGE_LOOP('',(#6885,#6886,#6887,#6888));
#1044=EDGE_LOOP('',(#6889,#6890,#6891,#6892));
#1045=EDGE_LOOP('',(#6893,#6894,#6895,#6896,#6897,#6898,#6899,#6900));
#1046=EDGE_LOOP('',(#6901,#6902,#6903,#6904));
#1047=EDGE_LOOP('',(#6905,#6906,#6907,#6908));
#1048=EDGE_LOOP('',(#6909,#6910,#6911,#6912,#6913,#6914,#6915,#6916));
#1049=EDGE_LOOP('',(#6917,#6918,#6919,#6920));
#1050=EDGE_LOOP('',(#6921,#6922,#6923,#6924));
#1051=EDGE_LOOP('',(#6925,#6926,#6927,#6928));
#1052=EDGE_LOOP('',(#6929,#6930,#6931,#6932));
#1053=EDGE_LOOP('',(#6933,#6934,#6935,#6936));
#1054=EDGE_LOOP('',(#6937,#6938,#6939,#6940));
#1055=EDGE_LOOP('',(#6941,#6942,#6943,#6944));
#1056=EDGE_LOOP('',(#6945,#6946,#6947,#6948));
#1057=EDGE_LOOP('',(#6949,#6950,#6951,#6952));
#1058=EDGE_LOOP('',(#6953,#6954,#6955,#6956));
#1059=EDGE_LOOP('',(#6957,#6958,#6959,#6960,#6961,#6962,#6963,#6964,#6965,
#6966,#6967,#6968,#6969,#6970,#6971,#6972,#6973,#6974,#6975,#6976,#6977,
#6978,#6979,#6980,#6981,#6982,#6983,#6984,#6985,#6986,#6987,#6988,#6989,
#6990,#6991,#6992));
#1060=EDGE_LOOP('',(#6993));
#1061=EDGE_LOOP('',(#6994));
#1062=EDGE_LOOP('',(#6995));
#1063=EDGE_LOOP('',(#6996));
#1064=EDGE_LOOP('',(#6997));
#1065=EDGE_LOOP('',(#6998,#6999,#7000,#7001,#7002,#7003,#7004));
#1066=EDGE_LOOP('',(#7005,#7006,#7007,#7008,#7009,#7010,#7011,#7012,#7013,
#7014,#7015,#7016,#7017,#7018,#7019,#7020,#7021,#7022,#7023,#7024,#7025,
#7026,#7027,#7028,#7029,#7030,#7031,#7032,#7033,#7034,#7035,#7036,#7037,
#7038,#7039,#7040,#7041,#7042,#7043,#7044,#7045,#7046,#7047,#7048,#7049,
#7050,#7051,#7052,#7053,#7054,#7055,#7056,#7057,#7058,#7059,#7060,#7061,
#7062,#7063,#7064,#7065,#7066,#7067,#7068,#7069,#7070,#7071,#7072));
#1067=EDGE_LOOP('',(#7073));
#1068=EDGE_LOOP('',(#7074));
#1069=EDGE_LOOP('',(#7075));
#1070=EDGE_LOOP('',(#7076));
#1071=EDGE_LOOP('',(#7077));
#1072=EDGE_LOOP('',(#7078));
#1073=EDGE_LOOP('',(#7079));
#1074=EDGE_LOOP('',(#7080));
#1075=EDGE_LOOP('',(#7081));
#1076=EDGE_LOOP('',(#7082,#7083,#7084,#7085));
#1077=EDGE_LOOP('',(#7086,#7087,#7088,#7089));
#1078=EDGE_LOOP('',(#7090,#7091,#7092,#7093));
#1079=EDGE_LOOP('',(#7094,#7095,#7096,#7097));
#1080=EDGE_LOOP('',(#7098,#7099,#7100,#7101));
#1081=EDGE_LOOP('',(#7102,#7103,#7104,#7105,#7106,#7107,#7108,#7109));
#1082=EDGE_LOOP('',(#7110,#7111,#7112,#7113,#7114,#7115,#7116));
#1083=EDGE_LOOP('',(#7117,#7118,#7119,#7120,#7121,#7122,#7123,#7124));
#1084=EDGE_LOOP('',(#7125,#7126,#7127,#7128,#7129,#7130,#7131));
#1085=EDGE_LOOP('',(#7132,#7133,#7134,#7135,#7136,#7137,#7138,#7139));
#1086=EDGE_LOOP('',(#7140,#7141,#7142,#7143,#7144,#7145,#7146));
#1087=EDGE_LOOP('',(#7147,#7148,#7149,#7150,#7151,#7152,#7153,#7154));
#1088=EDGE_LOOP('',(#7155,#7156,#7157,#7158,#7159,#7160,#7161));
#1089=EDGE_LOOP('',(#7162,#7163,#7164,#7165));
#1090=EDGE_LOOP('',(#7166,#7167,#7168,#7169));
#1091=EDGE_LOOP('',(#7170,#7171,#7172,#7173));
#1092=EDGE_LOOP('',(#7174,#7175,#7176,#7177));
#1093=EDGE_LOOP('',(#7178,#7179,#7180,#7181));
#1094=EDGE_LOOP('',(#7182,#7183,#7184,#7185));
#1095=EDGE_LOOP('',(#7186,#7187,#7188,#7189));
#1096=EDGE_LOOP('',(#7190,#7191,#7192,#7193));
#1097=EDGE_LOOP('',(#7194,#7195,#7196,#7197));
#1098=EDGE_LOOP('',(#7198,#7199,#7200,#7201));
#1099=EDGE_LOOP('',(#7202,#7203,#7204,#7205));
#1100=EDGE_LOOP('',(#7206,#7207,#7208,#7209,#7210,#7211,#7212,#7213));
#1101=EDGE_LOOP('',(#7214,#7215,#7216,#7217));
#1102=EDGE_LOOP('',(#7218,#7219,#7220,#7221));
#1103=EDGE_LOOP('',(#7222,#7223,#7224,#7225));
#1104=EDGE_LOOP('',(#7226,#7227,#7228,#7229,#7230,#7231,#7232,#7233));
#1105=EDGE_LOOP('',(#7234));
#1106=EDGE_LOOP('',(#7235,#7236,#7237,#7238));
#1107=EDGE_LOOP('',(#7239,#7240,#7241,#7242));
#1108=EDGE_LOOP('',(#7243,#7244,#7245,#7246));
#1109=EDGE_LOOP('',(#7247,#7248,#7249,#7250));
#1110=EDGE_LOOP('',(#7251,#7252,#7253,#7254));
#1111=EDGE_LOOP('',(#7255,#7256,#7257,#7258));
#1112=EDGE_LOOP('',(#7259,#7260,#7261,#7262));
#1113=EDGE_LOOP('',(#7263,#7264,#7265,#7266));
#1114=EDGE_LOOP('',(#7267,#7268,#7269,#7270));
#1115=EDGE_LOOP('',(#7271,#7272,#7273,#7274));
#1116=EDGE_LOOP('',(#7275,#7276,#7277,#7278));
#1117=EDGE_LOOP('',(#7279,#7280,#7281,#7282));
#1118=EDGE_LOOP('',(#7283,#7284,#7285,#7286));
#1119=EDGE_LOOP('',(#7287,#7288,#7289,#7290));
#1120=EDGE_LOOP('',(#7291,#7292,#7293,#7294));
#1121=EDGE_LOOP('',(#7295,#7296,#7297,#7298));
#1122=EDGE_LOOP('',(#7299,#7300,#7301,#7302));
#1123=EDGE_LOOP('',(#7303,#7304,#7305,#7306));
#1124=EDGE_LOOP('',(#7307,#7308,#7309,#7310));
#1125=EDGE_LOOP('',(#7311,#7312,#7313,#7314,#7315,#7316));
#1126=EDGE_LOOP('',(#7317,#7318,#7319,#7320,#7321,#7322));
#1127=EDGE_LOOP('',(#7323,#7324,#7325,#7326,#7327,#7328));
#1128=EDGE_LOOP('',(#7329,#7330,#7331,#7332,#7333,#7334));
#1129=EDGE_LOOP('',(#7335,#7336,#7337,#7338,#7339,#7340));
#1130=EDGE_LOOP('',(#7341,#7342,#7343,#7344));
#1131=EDGE_LOOP('',(#7345,#7346,#7347,#7348));
#1132=EDGE_LOOP('',(#7349,#7350,#7351,#7352,#7353,#7354,#7355,#7356));
#1133=EDGE_LOOP('',(#7357));
#1134=EDGE_LOOP('',(#7358,#7359,#7360,#7361,#7362,#7363,#7364,#7365));
#1135=EDGE_LOOP('',(#7366));
#1136=EDGE_LOOP('',(#7367,#7368,#7369,#7370,#7371,#7372,#7373,#7374));
#1137=EDGE_LOOP('',(#7375));
#1138=EDGE_LOOP('',(#7376,#7377,#7378,#7379,#7380,#7381,#7382,#7383));
#1139=EDGE_LOOP('',(#7384));
#1140=EDGE_LOOP('',(#7385,#7386,#7387,#7388,#7389,#7390,#7391,#7392,#7393,
#7394));
#1141=EDGE_LOOP('',(#7395,#7396,#7397,#7398,#7399,#7400,#7401,#7402,#7403,
#7404,#7405,#7406,#7407,#7408,#7409,#7410,#7411,#7412,#7413,#7414,#7415,
#7416,#7417,#7418,#7419,#7420,#7421,#7422,#7423,#7424,#7425));
#1142=EDGE_LOOP('',(#7426,#7427,#7428));
#1143=EDGE_LOOP('',(#7429,#7430,#7431,#7432));
#1144=EDGE_LOOP('',(#7433,#7434,#7435));
#1145=EDGE_LOOP('',(#7436,#7437,#7438,#7439));
#1146=EDGE_LOOP('',(#7440,#7441,#7442));
#1147=EDGE_LOOP('',(#7443,#7444,#7445,#7446));
#1148=EDGE_LOOP('',(#7447,#7448,#7449));
#1149=EDGE_LOOP('',(#7450,#7451,#7452,#7453));
#1150=EDGE_LOOP('',(#7454,#7455,#7456));
#1151=EDGE_LOOP('',(#7457,#7458,#7459,#7460));
#1152=EDGE_LOOP('',(#7461,#7462,#7463,#7464,#7465,#7466));
#1153=EDGE_LOOP('',(#7467,#7468,#7469,#7470));
#1154=EDGE_LOOP('',(#7471,#7472,#7473,#7474,#7475,#7476));
#1155=EDGE_LOOP('',(#7477,#7478,#7479,#7480));
#1156=EDGE_LOOP('',(#7481,#7482,#7483,#7484,#7485,#7486));
#1157=EDGE_LOOP('',(#7487,#7488,#7489,#7490));
#1158=EDGE_LOOP('',(#7491,#7492,#7493,#7494,#7495,#7496,#7497,#7498,#7499,
#7500));
#1159=EDGE_LOOP('',(#7501,#7502,#7503,#7504,#7505,#7506));
#1160=EDGE_LOOP('',(#7507,#7508,#7509,#7510));
#1161=EDGE_LOOP('',(#7511,#7512,#7513,#7514,#7515,#7516));
#1162=EDGE_LOOP('',(#7517,#7518,#7519,#7520));
#1163=EDGE_LOOP('',(#7521,#7522,#7523,#7524,#7525,#7526,#7527,#7528,#7529,
#7530));
#1164=EDGE_LOOP('',(#7531,#7532,#7533,#7534,#7535,#7536));
#1165=EDGE_LOOP('',(#7537,#7538,#7539,#7540));
#1166=EDGE_LOOP('',(#7541,#7542,#7543,#7544,#7545,#7546));
#1167=EDGE_LOOP('',(#7547,#7548,#7549,#7550));
#1168=EDGE_LOOP('',(#7551,#7552,#7553,#7554,#7555,#7556));
#1169=EDGE_LOOP('',(#7557,#7558,#7559,#7560));
#1170=EDGE_LOOP('',(#7561,#7562,#7563,#7564,#7565,#7566));
#1171=EDGE_LOOP('',(#7567,#7568,#7569,#7570));
#1172=EDGE_LOOP('',(#7571,#7572,#7573,#7574));
#1173=EDGE_LOOP('',(#7575,#7576,#7577,#7578));
#1174=EDGE_LOOP('',(#7579,#7580,#7581,#7582,#7583,#7584,#7585,#7586));
#1175=EDGE_LOOP('',(#7587,#7588,#7589,#7590));
#1176=EDGE_LOOP('',(#7591,#7592,#7593,#7594));
#1177=EDGE_LOOP('',(#7595,#7596,#7597,#7598,#7599,#7600,#7601,#7602));
#1178=EDGE_LOOP('',(#7603,#7604,#7605,#7606));
#1179=EDGE_LOOP('',(#7607,#7608,#7609,#7610));
#1180=EDGE_LOOP('',(#7611,#7612,#7613,#7614));
#1181=EDGE_LOOP('',(#7615,#7616,#7617,#7618));
#1182=EDGE_LOOP('',(#7619,#7620,#7621,#7622));
#1183=EDGE_LOOP('',(#7623,#7624,#7625,#7626));
#1184=EDGE_LOOP('',(#7627,#7628,#7629,#7630));
#1185=EDGE_LOOP('',(#7631,#7632,#7633,#7634));
#1186=EDGE_LOOP('',(#7635,#7636,#7637,#7638,#7639,#7640,#7641,#7642));
#1187=EDGE_LOOP('',(#7643,#7644,#7645,#7646));
#1188=EDGE_LOOP('',(#7647,#7648,#7649,#7650));
#1189=EDGE_LOOP('',(#7651,#7652,#7653,#7654,#7655,#7656,#7657,#7658));
#1190=EDGE_LOOP('',(#7659,#7660,#7661,#7662));
#1191=EDGE_LOOP('',(#7663,#7664,#7665,#7666));
#1192=EDGE_LOOP('',(#7667,#7668,#7669,#7670));
#1193=EDGE_LOOP('',(#7671,#7672,#7673,#7674));
#1194=EDGE_LOOP('',(#7675,#7676,#7677,#7678));
#1195=EDGE_LOOP('',(#7679,#7680,#7681,#7682));
#1196=EDGE_LOOP('',(#7683,#7684,#7685,#7686));
#1197=EDGE_LOOP('',(#7687,#7688,#7689,#7690));
#1198=EDGE_LOOP('',(#7691,#7692,#7693,#7694,#7695,#7696,#7697,#7698));
#1199=EDGE_LOOP('',(#7699,#7700,#7701,#7702));
#1200=EDGE_LOOP('',(#7703,#7704,#7705,#7706));
#1201=EDGE_LOOP('',(#7707,#7708,#7709,#7710,#7711,#7712,#7713,#7714));
#1202=EDGE_LOOP('',(#7715,#7716,#7717,#7718));
#1203=EDGE_LOOP('',(#7719,#7720,#7721,#7722));
#1204=EDGE_LOOP('',(#7723,#7724,#7725,#7726));
#1205=EDGE_LOOP('',(#7727,#7728,#7729,#7730));
#1206=EDGE_LOOP('',(#7731,#7732,#7733,#7734));
#1207=EDGE_LOOP('',(#7735,#7736,#7737,#7738));
#1208=EDGE_LOOP('',(#7739,#7740,#7741,#7742));
#1209=EDGE_LOOP('',(#7743,#7744,#7745,#7746));
#1210=EDGE_LOOP('',(#7747,#7748,#7749,#7750));
#1211=EDGE_LOOP('',(#7751,#7752,#7753,#7754));
#1212=EDGE_LOOP('',(#7755,#7756,#7757,#7758));
#1213=EDGE_LOOP('',(#7759,#7760,#7761,#7762));
#1214=EDGE_LOOP('',(#7763,#7764,#7765,#7766));
#1215=EDGE_LOOP('',(#7767,#7768,#7769,#7770));
#1216=EDGE_LOOP('',(#7771,#7772,#7773,#7774));
#1217=EDGE_LOOP('',(#7775,#7776,#7777,#7778));
#1218=EDGE_LOOP('',(#7779,#7780,#7781,#7782));
#1219=EDGE_LOOP('',(#7783,#7784,#7785,#7786));
#1220=EDGE_LOOP('',(#7787,#7788,#7789,#7790));
#1221=EDGE_LOOP('',(#7791,#7792,#7793,#7794));
#1222=EDGE_LOOP('',(#7795,#7796,#7797,#7798,#7799,#7800,#7801,#7802));
#1223=EDGE_LOOP('',(#7803,#7804,#7805,#7806));
#1224=EDGE_LOOP('',(#7807,#7808,#7809,#7810));
#1225=EDGE_LOOP('',(#7811,#7812,#7813,#7814,#7815,#7816,#7817,#7818));
#1226=EDGE_LOOP('',(#7819,#7820,#7821,#7822));
#1227=EDGE_LOOP('',(#7823,#7824,#7825,#7826));
#1228=EDGE_LOOP('',(#7827,#7828,#7829,#7830));
#1229=EDGE_LOOP('',(#7831,#7832,#7833,#7834));
#1230=EDGE_LOOP('',(#7835,#7836,#7837,#7838));
#1231=EDGE_LOOP('',(#7839,#7840,#7841,#7842));
#1232=EDGE_LOOP('',(#7843,#7844,#7845,#7846));
#1233=EDGE_LOOP('',(#7847,#7848,#7849,#7850));
#1234=EDGE_LOOP('',(#7851,#7852,#7853,#7854));
#1235=EDGE_LOOP('',(#7855,#7856,#7857,#7858));
#1236=EDGE_LOOP('',(#7859,#7860,#7861,#7862,#7863,#7864,#7865,#7866,#7867,
#7868,#7869,#7870,#7871,#7872,#7873,#7874,#7875,#7876,#7877,#7878,#7879,
#7880,#7881,#7882,#7883,#7884,#7885,#7886,#7887,#7888,#7889,#7890,#7891,
#7892,#7893,#7894));
#1237=EDGE_LOOP('',(#7895));
#1238=EDGE_LOOP('',(#7896));
#1239=EDGE_LOOP('',(#7897));
#1240=EDGE_LOOP('',(#7898));
#1241=EDGE_LOOP('',(#7899));
#1242=EDGE_LOOP('',(#7900,#7901,#7902));
#1243=EDGE_LOOP('',(#7903,#7904,#7905,#7906));
#1244=EDGE_LOOP('',(#7907,#7908,#7909));
#1245=EDGE_LOOP('',(#7910,#7911,#7912,#7913));
#1246=EDGE_LOOP('',(#7914,#7915,#7916));
#1247=EDGE_LOOP('',(#7917,#7918,#7919,#7920));
#1248=EDGE_LOOP('',(#7921,#7922,#7923));
#1249=EDGE_LOOP('',(#7924,#7925,#7926,#7927));
#1250=EDGE_LOOP('',(#7928,#7929,#7930));
#1251=EDGE_LOOP('',(#7931,#7932,#7933,#7934));
#1252=EDGE_LOOP('',(#7935,#7936,#7937));
#1253=EDGE_LOOP('',(#7938,#7939,#7940,#7941));
#1254=EDGE_LOOP('',(#7942,#7943,#7944,#7945));
#1255=EDGE_LOOP('',(#7946,#7947,#7948,#7949,#7950,#7951,#7952,#7953));
#1256=EDGE_LOOP('',(#7954));
#1257=EDGE_LOOP('',(#7955));
#1258=EDGE_LOOP('',(#7956));
#1259=EDGE_LOOP('',(#7957));
#1260=EDGE_LOOP('',(#7958,#7959,#7960,#7961));
#1261=EDGE_LOOP('',(#7962,#7963,#7964,#7965));
#1262=EDGE_LOOP('',(#7966,#7967,#7968,#7969));
#1263=EDGE_LOOP('',(#7970,#7971,#7972,#7973));
#1264=EDGE_LOOP('',(#7974,#7975,#7976,#7977));
#1265=EDGE_LOOP('',(#7978,#7979,#7980,#7981));
#1266=EDGE_LOOP('',(#7982,#7983,#7984,#7985));
#1267=EDGE_LOOP('',(#7986,#7987,#7988,#7989));
#1268=EDGE_LOOP('',(#7990,#7991,#7992,#7993));
#1269=EDGE_LOOP('',(#7994,#7995,#7996,#7997));
#1270=EDGE_LOOP('',(#7998));
#1271=EDGE_LOOP('',(#7999));
#1272=EDGE_LOOP('',(#8000));
#1273=EDGE_LOOP('',(#8001,#8002,#8003,#8004));
#1274=EDGE_LOOP('',(#8005));
#1275=EDGE_LOOP('',(#8006));
#1276=EDGE_LOOP('',(#8007));
#1277=EDGE_LOOP('',(#8008,#8009,#8010,#8011,#8012,#8013,#8014,#8015));
#1278=EDGE_LOOP('',(#8016));
#1279=EDGE_LOOP('',(#8017));
#1280=EDGE_LOOP('',(#8018));
#1281=EDGE_LOOP('',(#8019));
#1282=EDGE_LOOP('',(#8020,#8021,#8022));
#1283=EDGE_LOOP('',(#8023,#8024,#8025,#8026));
#1284=EDGE_LOOP('',(#8027,#8028,#8029));
#1285=EDGE_LOOP('',(#8030,#8031,#8032,#8033));
#1286=EDGE_LOOP('',(#8034,#8035,#8036));
#1287=EDGE_LOOP('',(#8037,#8038,#8039,#8040));
#1288=EDGE_LOOP('',(#8041,#8042,#8043));
#1289=EDGE_LOOP('',(#8044,#8045,#8046,#8047));
#1290=EDGE_LOOP('',(#8048,#8049,#8050));
#1291=EDGE_LOOP('',(#8051,#8052,#8053,#8054));
#1292=EDGE_LOOP('',(#8055,#8056,#8057));
#1293=EDGE_LOOP('',(#8058,#8059,#8060,#8061));
#1294=EDGE_LOOP('',(#8062,#8063,#8064,#8065));
#1295=EDGE_LOOP('',(#8066,#8067,#8068,#8069));
#1296=EDGE_LOOP('',(#8070,#8071,#8072,#8073));
#1297=EDGE_LOOP('',(#8074,#8075,#8076,#8077));
#1298=EDGE_LOOP('',(#8078,#8079,#8080,#8081));
#1299=EDGE_LOOP('',(#8082,#8083,#8084,#8085));
#1300=EDGE_LOOP('',(#8086,#8087,#8088,#8089));
#1301=EDGE_LOOP('',(#8090));
#1302=EDGE_LOOP('',(#8091));
#1303=EDGE_LOOP('',(#8092));
#1304=EDGE_LOOP('',(#8093,#8094,#8095,#8096));
#1305=EDGE_LOOP('',(#8097,#8098,#8099,#8100));
#1306=EDGE_LOOP('',(#8101));
#1307=EDGE_LOOP('',(#8102));
#1308=EDGE_LOOP('',(#8103));
#1309=EDGE_LOOP('',(#8104,#8105,#8106,#8107));
#1310=EDGE_LOOP('',(#8108));
#1311=EDGE_LOOP('',(#8109));
#1312=EDGE_LOOP('',(#8110));
#1313=EDGE_LOOP('',(#8111));
#1314=EDGE_LOOP('',(#8112));
#1315=EDGE_LOOP('',(#8113,#8114,#8115,#8116));
#1316=EDGE_LOOP('',(#8117));
#1317=EDGE_LOOP('',(#8118));
#1318=EDGE_LOOP('',(#8119));
#1319=EDGE_LOOP('',(#8120));
#1320=EDGE_LOOP('',(#8121));
#1321=EDGE_LOOP('',(#8122,#8123,#8124,#8125,#8126,#8127,#8128,#8129));
#1322=EDGE_LOOP('',(#8130,#8131));
#1323=EDGE_LOOP('',(#8132,#8133,#8134,#8135,#8136,#8137,#8138,#8139));
#1324=EDGE_LOOP('',(#8140,#8141));
#1325=EDGE_LOOP('',(#8142,#8143,#8144,#8145,#8146,#8147,#8148,#8149));
#1326=EDGE_LOOP('',(#8150,#8151));
#1327=EDGE_LOOP('',(#8152,#8153,#8154,#8155,#8156,#8157,#8158,#8159,#8160,
#8161));
#1328=EDGE_LOOP('',(#8162,#8163,#8164,#8165,#8166,#8167,#8168));
#1329=EDGE_LOOP('',(#8169,#8170));
#1330=EDGE_LOOP('',(#8171,#8172,#8173,#8174,#8175,#8176,#8177,#8178));
#1331=EDGE_LOOP('',(#8179,#8180));
#1332=EDGE_LOOP('',(#8181,#8182,#8183,#8184,#8185,#8186,#8187,#8188));
#1333=EDGE_LOOP('',(#8189,#8190));
#1334=EDGE_LOOP('',(#8191,#8192,#8193,#8194,#8195,#8196,#8197,#8198));
#1335=EDGE_LOOP('',(#8199,#8200,#8201,#8202,#8203,#8204,#8205,#8206,#8207,
#8208,#8209,#8210,#8211,#8212,#8213,#8214,#8215,#8216,#8217,#8218,#8219,
#8220,#8221,#8222,#8223,#8224,#8225,#8226,#8227,#8228,#8229,#8230,#8231,
#8232,#8233,#8234,#8235,#8236,#8237,#8238,#8239,#8240,#8241,#8242,#8243,
#8244,#8245,#8246));
#1336=EDGE_LOOP('',(#8247,#8248,#8249,#8250,#8251,#8252,#8253,#8254,#8255,
#8256,#8257,#8258));
#1337=EDGE_LOOP('',(#8259,#8260,#8261,#8262));
#1338=EDGE_LOOP('',(#8263,#8264,#8265,#8266,#8267,#8268,#8269));
#1339=EDGE_LOOP('',(#8270,#8271,#8272,#8273,#8274,#8275,#8276,#8277,#8278,
#8279,#8280,#8281,#8282,#8283,#8284,#8285,#8286,#8287,#8288,#8289));
#1340=EDGE_LOOP('',(#8290,#8291,#8292));
#1341=EDGE_LOOP('',(#8293,#8294,#8295,#8296,#8297,#8298,#8299,#8300));
#1342=EDGE_LOOP('',(#8301,#8302,#8303,#8304,#8305,#8306,#8307,#8308));
#1343=EDGE_LOOP('',(#8309,#8310,#8311,#8312,#8313,#8314,#8315,#8316));
#1344=EDGE_LOOP('',(#8317,#8318,#8319,#8320,#8321,#8322,#8323,#8324));
#1345=EDGE_LOOP('',(#8325,#8326,#8327,#8328,#8329,#8330,#8331,#8332));
#1346=EDGE_LOOP('',(#8333,#8334,#8335,#8336,#8337,#8338,#8339,#8340));
#1347=EDGE_LOOP('',(#8341,#8342,#8343,#8344,#8345,#8346,#8347,#8348));
#1348=EDGE_LOOP('',(#8349,#8350,#8351,#8352,#8353,#8354,#8355,#8356));
#1349=EDGE_LOOP('',(#8357,#8358,#8359,#8360,#8361,#8362,#8363,#8364));
#1350=EDGE_LOOP('',(#8365,#8366,#8367,#8368,#8369,#8370,#8371,#8372));
#1351=EDGE_LOOP('',(#8373,#8374,#8375,#8376,#8377,#8378,#8379,#8380));
#1352=EDGE_LOOP('',(#8381,#8382,#8383,#8384,#8385,#8386,#8387,#8388));
#1353=EDGE_LOOP('',(#8389,#8390,#8391,#8392,#8393,#8394,#8395,#8396));
#1354=EDGE_LOOP('',(#8397,#8398,#8399,#8400,#8401,#8402,#8403,#8404));
#1355=EDGE_LOOP('',(#8405,#8406,#8407,#8408,#8409,#8410,#8411,#8412));
#1356=EDGE_LOOP('',(#8413,#8414,#8415,#8416,#8417,#8418,#8419,#8420));
#1357=EDGE_LOOP('',(#8421,#8422,#8423,#8424,#8425,#8426,#8427,#8428,#8429,
#8430,#8431,#8432,#8433,#8434,#8435,#8436,#8437,#8438,#8439));
#1358=EDGE_LOOP('',(#8440,#8441,#8442,#8443,#8444,#8445));
#1359=EDGE_LOOP('',(#8446,#8447,#8448,#8449));
#1360=EDGE_LOOP('',(#8450,#8451,#8452,#8453,#8454));
#1361=EDGE_LOOP('',(#8455,#8456,#8457,#8458));
#1362=EDGE_LOOP('',(#8459,#8460,#8461,#8462,#8463,#8464));
#1363=EDGE_LOOP('',(#8465,#8466,#8467,#8468,#8469));
#1364=EDGE_LOOP('',(#8470,#8471,#8472,#8473,#8474));
#1365=EDGE_LOOP('',(#8475,#8476,#8477,#8478));
#1366=EDGE_LOOP('',(#8479,#8480,#8481,#8482,#8483));
#1367=EDGE_LOOP('',(#8484,#8485,#8486,#8487,#8488));
#1368=EDGE_LOOP('',(#8489,#8490,#8491,#8492));
#1369=EDGE_LOOP('',(#8493,#8494,#8495,#8496,#8497));
#1370=EDGE_LOOP('',(#8498,#8499,#8500,#8501,#8502));
#1371=EDGE_LOOP('',(#8503,#8504,#8505,#8506));
#1372=EDGE_LOOP('',(#8507,#8508,#8509,#8510));
#1373=EDGE_LOOP('',(#8511,#8512,#8513,#8514,#8515));
#1374=EDGE_LOOP('',(#8516,#8517,#8518,#8519,#8520));
#1375=EDGE_LOOP('',(#8521,#8522,#8523,#8524));
#1376=EDGE_LOOP('',(#8525,#8526,#8527,#8528,#8529));
#1377=EDGE_LOOP('',(#8530,#8531,#8532,#8533));
#1378=EDGE_LOOP('',(#8534,#8535,#8536,#8537,#8538));
#1379=EDGE_LOOP('',(#8539,#8540,#8541,#8542,#8543));
#1380=EDGE_LOOP('',(#8544,#8545,#8546,#8547,#8548));
#1381=EDGE_LOOP('',(#8549,#8550,#8551,#8552,#8553));
#1382=EDGE_LOOP('',(#8554,#8555,#8556,#8557));
#1383=EDGE_LOOP('',(#8558,#8559,#8560,#8561,#8562));
#1384=EDGE_LOOP('',(#8563,#8564,#8565,#8566));
#1385=EDGE_LOOP('',(#8567,#8568,#8569,#8570,#8571));
#1386=EDGE_LOOP('',(#8572,#8573,#8574,#8575,#8576));
#1387=EDGE_LOOP('',(#8577,#8578,#8579,#8580,#8581));
#1388=EDGE_LOOP('',(#8582,#8583,#8584,#8585));
#1389=EDGE_LOOP('',(#8586,#8587,#8588,#8589,#8590));
#1390=EDGE_LOOP('',(#8591,#8592,#8593,#8594));
#1391=EDGE_LOOP('',(#8595,#8596,#8597,#8598,#8599));
#1392=EDGE_LOOP('',(#8600,#8601,#8602,#8603,#8604));
#1393=EDGE_LOOP('',(#8605,#8606,#8607,#8608,#8609));
#1394=EDGE_LOOP('',(#8610,#8611,#8612,#8613));
#1395=EDGE_LOOP('',(#8614,#8615,#8616,#8617,#8618));
#1396=EDGE_LOOP('',(#8619,#8620,#8621,#8622));
#1397=EDGE_LOOP('',(#8623,#8624,#8625,#8626,#8627));
#1398=EDGE_LOOP('',(#8628,#8629,#8630,#8631,#8632));
#1399=EDGE_LOOP('',(#8633,#8634,#8635,#8636,#8637));
#1400=EDGE_LOOP('',(#8638,#8639,#8640,#8641));
#1401=EDGE_LOOP('',(#8642,#8643,#8644,#8645,#8646));
#1402=EDGE_LOOP('',(#8647,#8648,#8649,#8650));
#1403=EDGE_LOOP('',(#8651,#8652,#8653,#8654,#8655));
#1404=EDGE_LOOP('',(#8656,#8657,#8658,#8659,#8660));
#1405=EDGE_LOOP('',(#8661,#8662,#8663,#8664));
#1406=EDGE_LOOP('',(#8665,#8666,#8667,#8668,#8669));
#1407=EDGE_LOOP('',(#8670,#8671,#8672,#8673));
#1408=EDGE_LOOP('',(#8674,#8675,#8676,#8677));
#1409=EDGE_LOOP('',(#8678,#8679,#8680,#8681));
#1410=EDGE_LOOP('',(#8682,#8683,#8684,#8685));
#1411=EDGE_LOOP('',(#8686,#8687,#8688,#8689));
#1412=EDGE_LOOP('',(#8690,#8691,#8692,#8693));
#1413=EDGE_LOOP('',(#8694,#8695,#8696,#8697));
#1414=EDGE_LOOP('',(#8698,#8699,#8700,#8701));
#1415=EDGE_LOOP('',(#8702,#8703,#8704,#8705,#8706,#8707));
#1416=EDGE_LOOP('',(#8708,#8709,#8710,#8711,#8712,#8713));
#1417=EDGE_LOOP('',(#8714,#8715,#8716,#8717));
#1418=EDGE_LOOP('',(#8718,#8719,#8720,#8721));
#1419=EDGE_LOOP('',(#8722,#8723,#8724,#8725));
#1420=EDGE_LOOP('',(#8726,#8727,#8728,#8729));
#1421=EDGE_LOOP('',(#8730,#8731,#8732,#8733));
#1422=EDGE_LOOP('',(#8734,#8735,#8736,#8737));
#1423=EDGE_LOOP('',(#8738,#8739,#8740,#8741));
#1424=EDGE_LOOP('',(#8742,#8743,#8744,#8745));
#1425=EDGE_LOOP('',(#8746,#8747,#8748,#8749,#8750));
#1426=EDGE_LOOP('',(#8751,#8752,#8753,#8754));
#1427=EDGE_LOOP('',(#8755,#8756,#8757,#8758));
#1428=EDGE_LOOP('',(#8759,#8760,#8761,#8762));
#1429=EDGE_LOOP('',(#8763,#8764,#8765,#8766));
#1430=EDGE_LOOP('',(#8767,#8768,#8769,#8770,#8771,#8772,#8773,#8774,#8775,
#8776));
#1431=EDGE_LOOP('',(#8777,#8778,#8779,#8780,#8781,#8782,#8783,#8784,#8785,
#8786,#8787,#8788,#8789,#8790));
#1432=EDGE_LOOP('',(#8791,#8792,#8793,#8794));
#1433=EDGE_LOOP('',(#8795,#8796,#8797,#8798,#8799,#8800,#8801,#8802));
#1434=EDGE_LOOP('',(#8803));
#1435=EDGE_LOOP('',(#8804));
#1436=EDGE_LOOP('',(#8805));
#1437=EDGE_LOOP('',(#8806,#8807,#8808,#8809));
#1438=EDGE_LOOP('',(#8810,#8811,#8812,#8813));
#1439=EDGE_LOOP('',(#8814,#8815,#8816,#8817));
#1440=EDGE_LOOP('',(#8818,#8819,#8820,#8821));
#1441=EDGE_LOOP('',(#8822,#8823,#8824,#8825));
#1442=EDGE_LOOP('',(#8826,#8827,#8828,#8829,#8830,#8831,#8832,#8833,#8834,
#8835,#8836,#8837,#8838,#8839));
#1443=EDGE_LOOP('',(#8840,#8841,#8842,#8843));
#1444=EDGE_LOOP('',(#8844,#8845,#8846,#8847));
#1445=EDGE_LOOP('',(#8848,#8849,#8850,#8851));
#1446=EDGE_LOOP('',(#8852,#8853,#8854,#8855,#8856,#8857,#8858));
#1447=EDGE_LOOP('',(#8859,#8860,#8861,#8862));
#1448=EDGE_LOOP('',(#8863,#8864,#8865,#8866));
#1449=EDGE_LOOP('',(#8867,#8868,#8869,#8870));
#1450=EDGE_LOOP('',(#8871,#8872,#8873,#8874));
#1451=EDGE_LOOP('',(#8875,#8876,#8877,#8878));
#1452=EDGE_LOOP('',(#8879,#8880,#8881,#8882));
#1453=EDGE_LOOP('',(#8883,#8884,#8885,#8886));
#1454=EDGE_LOOP('',(#8887,#8888,#8889,#8890));
#1455=EDGE_LOOP('',(#8891,#8892,#8893,#8894));
#1456=EDGE_LOOP('',(#8895,#8896,#8897,#8898));
#1457=EDGE_LOOP('',(#8899,#8900,#8901,#8902));
#1458=EDGE_LOOP('',(#8903,#8904,#8905,#8906));
#1459=EDGE_LOOP('',(#8907,#8908,#8909,#8910));
#1460=EDGE_LOOP('',(#8911,#8912,#8913,#8914));
#1461=EDGE_LOOP('',(#8915,#8916,#8917,#8918));
#1462=EDGE_LOOP('',(#8919,#8920,#8921,#8922));
#1463=EDGE_LOOP('',(#8923,#8924,#8925,#8926));
#1464=EDGE_LOOP('',(#8927,#8928,#8929,#8930));
#1465=EDGE_LOOP('',(#8931,#8932,#8933,#8934));
#1466=EDGE_LOOP('',(#8935,#8936,#8937,#8938,#8939,#8940,#8941,#8942));
#1467=EDGE_LOOP('',(#8943));
#1468=EDGE_LOOP('',(#8944));
#1469=EDGE_LOOP('',(#8945));
#1470=EDGE_LOOP('',(#8946,#8947,#8948,#8949));
#1471=EDGE_LOOP('',(#8950,#8951,#8952,#8953));
#1472=EDGE_LOOP('',(#8954,#8955,#8956,#8957));
#1473=EDGE_LOOP('',(#8958,#8959,#8960,#8961));
#1474=EDGE_LOOP('',(#8962,#8963,#8964,#8965));
#1475=EDGE_LOOP('',(#8966,#8967,#8968,#8969));
#1476=EDGE_LOOP('',(#8970,#8971,#8972,#8973));
#1477=EDGE_LOOP('',(#8974,#8975,#8976,#8977));
#1478=EDGE_LOOP('',(#8978,#8979,#8980,#8981));
#1479=EDGE_LOOP('',(#8982,#8983,#8984,#8985));
#1480=EDGE_LOOP('',(#8986,#8987,#8988,#8989));
#1481=EDGE_LOOP('',(#8990,#8991,#8992,#8993));
#1482=EDGE_LOOP('',(#8994,#8995,#8996,#8997));
#1483=EDGE_LOOP('',(#8998,#8999,#9000,#9001));
#1484=EDGE_LOOP('',(#9002,#9003,#9004,#9005));
#1485=EDGE_LOOP('',(#9006,#9007,#9008,#9009));
#1486=EDGE_LOOP('',(#9010,#9011,#9012,#9013));
#1487=EDGE_LOOP('',(#9014,#9015,#9016,#9017));
#1488=EDGE_LOOP('',(#9018,#9019,#9020,#9021));
#1489=EDGE_LOOP('',(#9022,#9023,#9024,#9025));
#1490=EDGE_LOOP('',(#9026,#9027,#9028,#9029));
#1491=EDGE_LOOP('',(#9030,#9031,#9032,#9033));
#1492=EDGE_LOOP('',(#9034,#9035,#9036,#9037,#9038,#9039,#9040,#9041,#9042,
#9043,#9044,#9045));
#1493=EDGE_LOOP('',(#9046,#9047,#9048,#9049));
#1494=ELLIPSE('',#9775,0.212132034355964,0.15);
#1495=ELLIPSE('',#9816,0.212132034355964,0.15);
#1496=ELLIPSE('',#9817,0.212132034355964,0.15);
#1497=ELLIPSE('',#9819,0.212132034355964,0.15);
#1498=ELLIPSE('',#9820,0.212132034355964,0.15);
#1499=ELLIPSE('',#9822,0.212132034355964,0.15);
#1500=ELLIPSE('',#9823,0.212132034355964,0.15);
#1501=ELLIPSE('',#9825,0.212132034355964,0.15);
#1502=ELLIPSE('',#9826,0.212132034355964,0.15);
#1503=ELLIPSE('',#10054,0.212132034355964,0.15);
#1504=ELLIPSE('',#10055,0.212132034355964,0.15);
#1505=ELLIPSE('',#10095,0.212132034355964,0.15);
#1506=ELLIPSE('',#10096,0.212132034355964,0.15);
#1507=ELLIPSE('',#10102,0.212132034355964,0.15);
#1508=ELLIPSE('',#10103,0.212132034355964,0.15);
#1509=ELLIPSE('',#10109,0.212132034355964,0.15);
#1510=ELLIPSE('',#10110,0.212132034355964,0.15);
#1511=ELLIPSE('',#10116,0.212132034355964,0.15);
#1512=ELLIPSE('',#10117,0.212132034355964,0.15);
#1513=CIRCLE('',#9774,0.15);
#1514=CIRCLE('',#9777,0.15);
#1515=CIRCLE('',#9778,0.15);
#1516=CIRCLE('',#9779,0.045);
#1517=CIRCLE('',#9780,0.045);
#1518=CIRCLE('',#9782,0.04);
#1519=CIRCLE('',#9783,0.04);
#1520=CIRCLE('',#9784,0.04);
#1521=CIRCLE('',#9785,0.04);
#1522=CIRCLE('',#9786,0.04);
#1523=CIRCLE('',#9787,0.04);
#1524=CIRCLE('',#9788,0.04);
#1525=CIRCLE('',#9789,0.04);
#1526=CIRCLE('',#9790,0.04);
#1527=CIRCLE('',#9791,0.04);
#1528=CIRCLE('',#9792,0.04);
#1529=CIRCLE('',#9793,0.04);
#1530=CIRCLE('',#9794,0.04);
#1531=CIRCLE('',#9795,0.04);
#1532=CIRCLE('',#9796,0.04);
#1533=CIRCLE('',#9797,0.04);
#1534=CIRCLE('',#9798,0.04);
#1535=CIRCLE('',#9799,0.04);
#1536=CIRCLE('',#9800,0.04);
#1537=CIRCLE('',#9801,0.04);
#1538=CIRCLE('',#9802,0.04);
#1539=CIRCLE('',#9803,0.04);
#1540=CIRCLE('',#9804,0.04);
#1541=CIRCLE('',#9805,0.04);
#1542=CIRCLE('',#9806,0.065);
#1543=CIRCLE('',#9807,0.065);
#1544=CIRCLE('',#9808,0.065);
#1545=CIRCLE('',#9809,0.065);
#1546=CIRCLE('',#9810,0.065);
#1547=CIRCLE('',#9811,0.065);
#1548=CIRCLE('',#9812,0.065);
#1549=CIRCLE('',#9813,0.065);
#1550=CIRCLE('',#9814,0.065);
#1551=CIRCLE('',#9828,0.150000000000001);
#1552=CIRCLE('',#9829,0.150000000000001);
#1553=CIRCLE('',#9831,0.15);
#1554=CIRCLE('',#9833,0.15);
#1555=CIRCLE('',#9834,0.045);
#1556=CIRCLE('',#9837,0.15);
#1557=CIRCLE('',#9838,0.15);
#1558=CIRCLE('',#9840,0.15);
#1559=CIRCLE('',#9842,0.045);
#1560=CIRCLE('',#9843,0.045);
#1561=CIRCLE('',#9845,0.15);
#1562=CIRCLE('',#9847,0.15);
#1563=CIRCLE('',#9849,0.15);
#1564=CIRCLE('',#9850,0.15);
#1565=CIRCLE('',#9852,0.15);
#1566=CIRCLE('',#9853,0.15);
#1567=CIRCLE('',#9854,0.045);
#1568=CIRCLE('',#9856,0.15);
#1569=CIRCLE('',#9859,0.15);
#1570=CIRCLE('',#9861,0.15);
#1571=CIRCLE('',#9862,0.15);
#1572=CIRCLE('',#9864,0.15);
#1573=CIRCLE('',#9865,0.15);
#1574=CIRCLE('',#9866,0.045);
#1575=CIRCLE('',#9868,0.15);
#1576=CIRCLE('',#9871,0.15);
#1577=CIRCLE('',#9873,0.15);
#1578=CIRCLE('',#9875,0.15);
#1579=CIRCLE('',#9878,0.045);
#1580=CIRCLE('',#9879,0.045);
#1581=CIRCLE('',#9881,0.045);
#1582=CIRCLE('',#9883,0.045);
#1583=CIRCLE('',#9884,0.045);
#1584=CIRCLE('',#9886,0.045);
#1585=CIRCLE('',#9887,0.045);
#1586=CIRCLE('',#9889,0.045);
#1587=CIRCLE('',#9897,0.115);
#1588=CIRCLE('',#9898,0.115);
#1589=CIRCLE('',#9899,0.115);
#1590=CIRCLE('',#9900,0.115);
#1591=CIRCLE('',#9901,0.115);
#1592=CIRCLE('',#9902,0.115);
#1593=CIRCLE('',#9903,0.115);
#1594=CIRCLE('',#9904,0.115);
#1595=CIRCLE('',#9905,0.115);
#1596=CIRCLE('',#9906,0.115);
#1597=CIRCLE('',#9907,0.115);
#1598=CIRCLE('',#9908,0.115);
#1599=CIRCLE('',#9909,0.115);
#1600=CIRCLE('',#9910,0.115);
#1601=CIRCLE('',#9911,0.115);
#1602=CIRCLE('',#9912,0.115);
#1603=CIRCLE('',#9913,0.115);
#1604=CIRCLE('',#9914,0.115);
#1605=CIRCLE('',#9916,0.045);
#1606=CIRCLE('',#9918,0.045);
#1607=CIRCLE('',#9920,0.045);
#1608=CIRCLE('',#9922,0.045);
#1609=CIRCLE('',#9924,0.045);
#1610=CIRCLE('',#9926,0.045);
#1611=CIRCLE('',#9928,0.045);
#1612=CIRCLE('',#9930,0.045);
#1613=CIRCLE('',#9932,0.045);
#1614=CIRCLE('',#9934,0.045);
#1615=CIRCLE('',#9936,0.065);
#1616=CIRCLE('',#9939,0.065);
#1617=CIRCLE('',#9942,0.065);
#1618=CIRCLE('',#9945,0.065);
#1619=CIRCLE('',#9948,0.065);
#1620=CIRCLE('',#9952,0.065);
#1621=CIRCLE('',#9955,0.065);
#1622=CIRCLE('',#9958,0.065);
#1623=CIRCLE('',#9962,0.065);
#1624=CIRCLE('',#9965,0.04);
#1625=CIRCLE('',#9968,0.04);
#1626=CIRCLE('',#9969,0.04);
#1627=CIRCLE('',#9971,0.04);
#1628=CIRCLE('',#9974,0.04);
#1629=CIRCLE('',#9975,0.04);
#1630=CIRCLE('',#9983,0.04);
#1631=CIRCLE('',#9986,0.04);
#1632=CIRCLE('',#9987,0.04);
#1633=CIRCLE('',#9989,0.04);
#1634=CIRCLE('',#9992,0.04);
#1635=CIRCLE('',#9993,0.04);
#1636=CIRCLE('',#10001,0.04);
#1637=CIRCLE('',#10004,0.04);
#1638=CIRCLE('',#10005,0.04);
#1639=CIRCLE('',#10007,0.04);
#1640=CIRCLE('',#10010,0.04);
#1641=CIRCLE('',#10011,0.04);
#1642=CIRCLE('',#10031,0.04);
#1643=CIRCLE('',#10034,0.04);
#1644=CIRCLE('',#10035,0.04);
#1645=CIRCLE('',#10037,0.04);
#1646=CIRCLE('',#10040,0.04);
#1647=CIRCLE('',#10041,0.04);
#1648=CIRCLE('',#10057,0.04);
#1649=CIRCLE('',#10058,0.04);
#1650=CIRCLE('',#10059,0.04);
#1651=CIRCLE('',#10060,0.04);
#1652=CIRCLE('',#10061,0.04);
#1653=CIRCLE('',#10062,0.04);
#1654=CIRCLE('',#10063,0.04);
#1655=CIRCLE('',#10064,0.04);
#1656=CIRCLE('',#10065,0.04);
#1657=CIRCLE('',#10066,0.04);
#1658=CIRCLE('',#10067,0.04);
#1659=CIRCLE('',#10068,0.04);
#1660=CIRCLE('',#10069,0.04);
#1661=CIRCLE('',#10070,0.04);
#1662=CIRCLE('',#10071,0.04);
#1663=CIRCLE('',#10072,0.04);
#1664=CIRCLE('',#10073,0.04);
#1665=CIRCLE('',#10074,0.04);
#1666=CIRCLE('',#10075,0.04);
#1667=CIRCLE('',#10076,0.04);
#1668=CIRCLE('',#10077,0.04);
#1669=CIRCLE('',#10078,0.04);
#1670=CIRCLE('',#10079,0.04);
#1671=CIRCLE('',#10080,0.04);
#1672=CIRCLE('',#10081,0.065);
#1673=CIRCLE('',#10082,0.065);
#1674=CIRCLE('',#10083,0.065);
#1675=CIRCLE('',#10084,0.065);
#1676=CIRCLE('',#10085,0.065);
#1677=CIRCLE('',#10086,0.065);
#1678=CIRCLE('',#10087,0.065);
#1679=CIRCLE('',#10088,0.065);
#1680=CIRCLE('',#10089,0.065);
#1681=CIRCLE('',#10091,0.15);
#1682=CIRCLE('',#10092,0.15);
#1683=CIRCLE('',#10093,0.045);
#1684=CIRCLE('',#10098,0.15);
#1685=CIRCLE('',#10099,0.15);
#1686=CIRCLE('',#10100,0.045);
#1687=CIRCLE('',#10105,0.15);
#1688=CIRCLE('',#10106,0.15);
#1689=CIRCLE('',#10107,0.045);
#1690=CIRCLE('',#10112,0.15);
#1691=CIRCLE('',#10113,0.15);
#1692=CIRCLE('',#10114,0.045);
#1693=CIRCLE('',#10119,0.15);
#1694=CIRCLE('',#10122,0.15);
#1695=CIRCLE('',#10125,0.15);
#1696=CIRCLE('',#10127,0.15);
#1697=CIRCLE('',#10129,0.15);
#1698=CIRCLE('',#10132,0.15);
#1699=CIRCLE('',#10135,0.15);
#1700=CIRCLE('',#10136,0.15);
#1701=CIRCLE('',#10138,0.15);
#1702=CIRCLE('',#10139,0.045);
#1703=CIRCLE('',#10141,0.15);
#1704=CIRCLE('',#10143,0.15);
#1705=CIRCLE('',#10146,0.15);
#1706=CIRCLE('',#10147,0.15);
#1707=CIRCLE('',#10148,0.15);
#1708=CIRCLE('',#10149,0.045);
#1709=CIRCLE('',#10156,0.15);
#1710=CIRCLE('',#10159,0.15);
#1711=CIRCLE('',#10161,0.15);
#1712=CIRCLE('',#10164,0.15);
#1713=CIRCLE('',#10167,0.15);
#1714=CIRCLE('',#10170,0.15);
#1715=CIRCLE('',#10172,0.15);
#1716=CIRCLE('',#10175,0.15);
#1717=CIRCLE('',#10178,0.045);
#1718=CIRCLE('',#10180,0.045);
#1719=CIRCLE('',#10183,0.045);
#1720=CIRCLE('',#10185,0.045);
#1721=CIRCLE('',#10194,0.115);
#1722=CIRCLE('',#10195,0.115);
#1723=CIRCLE('',#10196,0.115);
#1724=CIRCLE('',#10197,0.115);
#1725=CIRCLE('',#10198,0.115);
#1726=CIRCLE('',#10199,0.115);
#1727=CIRCLE('',#10200,0.115);
#1728=CIRCLE('',#10201,0.115);
#1729=CIRCLE('',#10202,0.115);
#1730=CIRCLE('',#10203,0.115);
#1731=CIRCLE('',#10204,0.115);
#1732=CIRCLE('',#10205,0.115);
#1733=CIRCLE('',#10206,0.115);
#1734=CIRCLE('',#10207,0.115);
#1735=CIRCLE('',#10208,0.115);
#1736=CIRCLE('',#10209,0.115);
#1737=CIRCLE('',#10210,0.115);
#1738=CIRCLE('',#10211,0.115);
#1739=CIRCLE('',#10213,0.045);
#1740=CIRCLE('',#10215,0.045);
#1741=CIRCLE('',#10217,0.045);
#1742=CIRCLE('',#10219,0.045);
#1743=CIRCLE('',#10221,0.045);
#1744=CIRCLE('',#10223,0.045);
#1745=CIRCLE('',#10225,0.045);
#1746=CIRCLE('',#10227,0.045);
#1747=CIRCLE('',#10229,0.045);
#1748=CIRCLE('',#10231,0.045);
#1749=CIRCLE('',#10233,0.065);
#1750=CIRCLE('',#10236,0.065);
#1751=CIRCLE('',#10239,0.065);
#1752=CIRCLE('',#10243,0.065);
#1753=CIRCLE('',#10246,0.065);
#1754=CIRCLE('',#10250,0.065);
#1755=CIRCLE('',#10253,0.065);
#1756=CIRCLE('',#10256,0.065);
#1757=CIRCLE('',#10259,0.065);
#1758=CIRCLE('',#10262,0.04);
#1759=CIRCLE('',#10265,0.04);
#1760=CIRCLE('',#10266,0.04);
#1761=CIRCLE('',#10268,0.04);
#1762=CIRCLE('',#10271,0.04);
#1763=CIRCLE('',#10272,0.04);
#1764=CIRCLE('',#10280,0.04);
#1765=CIRCLE('',#10283,0.04);
#1766=CIRCLE('',#10284,0.04);
#1767=CIRCLE('',#10286,0.04);
#1768=CIRCLE('',#10289,0.04);
#1769=CIRCLE('',#10290,0.04);
#1770=CIRCLE('',#10298,0.04);
#1771=CIRCLE('',#10301,0.04);
#1772=CIRCLE('',#10302,0.04);
#1773=CIRCLE('',#10304,0.04);
#1774=CIRCLE('',#10307,0.04);
#1775=CIRCLE('',#10308,0.04);
#1776=CIRCLE('',#10328,0.04);
#1777=CIRCLE('',#10331,0.04);
#1778=CIRCLE('',#10332,0.04);
#1779=CIRCLE('',#10334,0.04);
#1780=CIRCLE('',#10337,0.04);
#1781=CIRCLE('',#10338,0.04);
#1782=CIRCLE('',#10351,0.045);
#1783=CIRCLE('',#10353,0.045);
#1784=CIRCLE('',#10355,0.045);
#1785=CIRCLE('',#10357,0.045);
#1786=CIRCLE('',#10359,0.045);
#1787=CIRCLE('',#10361,0.045);
#1788=CIRCLE('',#10363,0.045);
#1789=CIRCLE('',#10365,0.045);
#1790=CIRCLE('',#10367,0.045);
#1791=CIRCLE('',#10369,0.045);
#1792=CIRCLE('',#10371,0.045);
#1793=CIRCLE('',#10373,0.045);
#1794=CIRCLE('',#10375,0.25);
#1795=CIRCLE('',#10376,0.25);
#1796=CIRCLE('',#10378,0.25);
#1797=CIRCLE('',#10379,0.25);
#1798=CIRCLE('',#10380,0.25);
#1799=CIRCLE('',#10381,0.1);
#1800=CIRCLE('',#10382,0.1);
#1801=CIRCLE('',#10383,0.1);
#1802=CIRCLE('',#10384,0.1);
#1803=CIRCLE('',#10387,0.25);
#1804=CIRCLE('',#10389,0.25);
#1805=CIRCLE('',#10392,0.25);
#1806=CIRCLE('',#10394,0.1);
#1807=CIRCLE('',#10396,0.1);
#1808=CIRCLE('',#10398,0.1);
#1809=CIRCLE('',#10400,0.1);
#1810=CIRCLE('',#10405,0.045);
#1811=CIRCLE('',#10407,0.045);
#1812=CIRCLE('',#10409,0.045);
#1813=CIRCLE('',#10411,0.045);
#1814=CIRCLE('',#10413,0.045);
#1815=CIRCLE('',#10415,0.045);
#1816=CIRCLE('',#10417,0.045);
#1817=CIRCLE('',#10419,0.045);
#1818=CIRCLE('',#10421,0.045);
#1819=CIRCLE('',#10423,0.045);
#1820=CIRCLE('',#10425,0.045);
#1821=CIRCLE('',#10427,0.045);
#1822=CIRCLE('',#10429,0.045);
#1823=CIRCLE('',#10430,0.045);
#1824=CIRCLE('',#10432,0.045);
#1825=CIRCLE('',#10433,0.045);
#1826=CIRCLE('',#10435,0.045);
#1827=CIRCLE('',#10436,0.045);
#1828=CIRCLE('',#10438,0.045);
#1829=CIRCLE('',#10439,0.045);
#1830=CIRCLE('',#10441,1.14173228346457);
#1831=CIRCLE('',#10442,1.14173228346457);
#1832=CIRCLE('',#10450,0.045);
#1833=CIRCLE('',#10451,0.045);
#1834=CIRCLE('',#10452,0.045);
#1835=CIRCLE('',#10453,0.045);
#1836=CIRCLE('',#10456,0.045);
#1837=CIRCLE('',#10457,0.045);
#1838=CIRCLE('',#10458,0.045);
#1839=CIRCLE('',#10459,0.045);
#1840=CIRCLE('',#10462,0.045);
#1841=CIRCLE('',#10463,0.045);
#1842=CIRCLE('',#10464,0.045);
#1843=CIRCLE('',#10465,0.045);
#1844=CIRCLE('',#10470,0.045);
#1845=CIRCLE('',#10472,0.045);
#1846=CIRCLE('',#10473,0.045);
#1847=CIRCLE('',#10474,0.045);
#1848=CIRCLE('',#10476,0.045);
#1849=CIRCLE('',#10478,0.045);
#1850=CIRCLE('',#10479,0.045);
#1851=CIRCLE('',#10480,0.045);
#1852=CIRCLE('',#10482,0.045);
#1853=CIRCLE('',#10484,0.045);
#1854=CIRCLE('',#10485,0.045);
#1855=CIRCLE('',#10486,0.045);
#1856=CIRCLE('',#10488,0.06);
#1857=CIRCLE('',#10489,0.06);
#1858=CIRCLE('',#10490,0.06);
#1859=CIRCLE('',#10491,0.06);
#1860=CIRCLE('',#10492,0.06);
#1861=CIRCLE('',#10493,0.06);
#1862=CIRCLE('',#10494,0.06);
#1863=CIRCLE('',#10495,0.06);
#1864=CIRCLE('',#10496,0.06);
#1865=CIRCLE('',#10497,0.06);
#1866=CIRCLE('',#10498,0.06);
#1867=CIRCLE('',#10499,0.06);
#1868=CIRCLE('',#10500,0.03);
#1869=CIRCLE('',#10501,0.03);
#1870=CIRCLE('',#10502,0.03);
#1871=CIRCLE('',#10503,0.03);
#1872=CIRCLE('',#10504,0.0499999999999999);
#1873=CIRCLE('',#10505,0.0499999999999999);
#1874=CIRCLE('',#10506,0.0499999999999999);
#1875=CIRCLE('',#10509,0.0499999999999999);
#1876=CIRCLE('',#10511,0.0499999999999999);
#1877=CIRCLE('',#10512,0.0499999999999999);
#1878=CIRCLE('',#10513,0.0499999999999999);
#1879=CIRCLE('',#10514,0.0499999999999999);
#1880=CIRCLE('',#10516,0.0499999999999999);
#1881=CIRCLE('',#10517,0.0499999999999999);
#1882=CIRCLE('',#10518,0.0499999999999999);
#1883=CIRCLE('',#10519,0.0499999999999999);
#1884=CIRCLE('',#10521,0.0499999999999999);
#1885=CIRCLE('',#10522,0.0499999999999999);
#1886=CIRCLE('',#10523,0.0499999999999999);
#1887=CIRCLE('',#10524,0.0499999999999999);
#1888=CIRCLE('',#10526,0.0499999999999999);
#1889=CIRCLE('',#10527,0.0499999999999999);
#1890=CIRCLE('',#10528,0.0499999999999999);
#1891=CIRCLE('',#10529,0.0499999999999999);
#1892=CIRCLE('',#10531,0.0499999999999999);
#1893=CIRCLE('',#10532,0.0499999999999999);
#1894=CIRCLE('',#10533,0.0499999999999999);
#1895=CIRCLE('',#10534,0.0499999999999999);
#1896=CIRCLE('',#10536,0.0499999999999999);
#1897=CIRCLE('',#10537,0.0499999999999999);
#1898=CIRCLE('',#10538,0.0499999999999999);
#1899=CIRCLE('',#10539,0.0499999999999999);
#1900=CIRCLE('',#10541,0.0499999999999999);
#1901=CIRCLE('',#10542,0.0499999999999999);
#1902=CIRCLE('',#10543,0.0499999999999999);
#1903=CIRCLE('',#10544,0.0499999999999999);
#1904=CIRCLE('',#10546,0.0499999999999999);
#1905=CIRCLE('',#10547,0.0499999999999999);
#1906=CIRCLE('',#10548,0.0499999999999999);
#1907=CIRCLE('',#10549,0.0499999999999999);
#1908=CIRCLE('',#10551,0.0499999999999999);
#1909=CIRCLE('',#10552,0.0499999999999999);
#1910=CIRCLE('',#10553,0.0499999999999999);
#1911=CIRCLE('',#10554,0.0499999999999999);
#1912=CIRCLE('',#10556,0.0499999999999999);
#1913=CIRCLE('',#10557,0.0499999999999999);
#1914=CIRCLE('',#10558,0.0499999999999999);
#1915=CIRCLE('',#10559,0.0499999999999999);
#1916=CIRCLE('',#10561,0.0499999999999999);
#1917=CIRCLE('',#10562,0.0499999999999999);
#1918=CIRCLE('',#10563,0.0499999999999999);
#1919=CIRCLE('',#10564,0.0499999999999999);
#1920=CIRCLE('',#10566,0.0499999999999999);
#1921=CIRCLE('',#10567,0.0499999999999999);
#1922=CIRCLE('',#10568,0.0499999999999999);
#1923=CIRCLE('',#10569,0.0499999999999999);
#1924=CIRCLE('',#10571,0.0499999999999999);
#1925=CIRCLE('',#10572,0.0499999999999999);
#1926=CIRCLE('',#10573,0.0499999999999999);
#1927=CIRCLE('',#10574,0.0499999999999999);
#1928=CIRCLE('',#10576,0.0499999999999999);
#1929=CIRCLE('',#10577,0.0499999999999999);
#1930=CIRCLE('',#10578,0.0499999999999999);
#1931=CIRCLE('',#10579,0.0499999999999999);
#1932=CIRCLE('',#10581,0.0499999999999999);
#1933=CIRCLE('',#10582,0.0499999999999999);
#1934=CIRCLE('',#10583,0.0499999999999999);
#1935=CIRCLE('',#10584,0.0499999999999999);
#1936=CIRCLE('',#10586,0.0499999999999999);
#1937=CIRCLE('',#10587,0.0499999999999999);
#1938=CIRCLE('',#10588,0.0499999999999999);
#1939=CIRCLE('',#10589,0.0499999999999999);
#1940=CIRCLE('',#10592,0.0499999999999999);
#1941=CIRCLE('',#10595,0.0499999999999999);
#1942=CIRCLE('',#10598,0.0499999999999999);
#1943=CIRCLE('',#10600,0.0499999999999999);
#1944=CIRCLE('',#10602,0.0499999999999999);
#1945=CIRCLE('',#10605,0.0499999999999999);
#1946=CIRCLE('',#10607,0.0499999999999999);
#1947=CIRCLE('',#10610,0.0499999999999999);
#1948=CIRCLE('',#10612,0.0499999999999999);
#1949=CIRCLE('',#10616,0.0499999999999999);
#1950=CIRCLE('',#10618,0.0499999999999999);
#1951=CIRCLE('',#10621,0.0499999999999999);
#1952=CIRCLE('',#10624,0.0499999999999999);
#1953=CIRCLE('',#10626,0.0499999999999999);
#1954=CIRCLE('',#10628,0.0499999999999999);
#1955=CIRCLE('',#10630,0.0499999999999999);
#1956=CIRCLE('',#10633,0.0499999999999999);
#1957=CIRCLE('',#10636,0.0499999999999999);
#1958=CIRCLE('',#10638,0.0499999999999999);
#1959=CIRCLE('',#10640,0.0499999999999999);
#1960=CIRCLE('',#10643,0.0499999999999999);
#1961=CIRCLE('',#10646,0.0499999999999999);
#1962=CIRCLE('',#10648,0.0499999999999999);
#1963=CIRCLE('',#10650,0.0499999999999999);
#1964=CIRCLE('',#10653,0.0499999999999999);
#1965=CIRCLE('',#10656,0.0499999999999999);
#1966=CIRCLE('',#10658,0.0499999999999999);
#1967=CIRCLE('',#10660,0.0499999999999999);
#1968=CIRCLE('',#10663,0.0499999999999999);
#1969=CIRCLE('',#10666,0.0499999999999999);
#1970=CIRCLE('',#10668,0.0499999999999999);
#1971=CIRCLE('',#10671,0.0499999999999999);
#1972=CIRCLE('',#10682,0.0499999999999999);
#1973=CIRCLE('',#10692,0.0499999999999999);
#1974=CIRCLE('',#10694,0.06);
#1975=CIRCLE('',#10696,0.06);
#1976=CIRCLE('',#10699,0.06);
#1977=CIRCLE('',#10702,0.06);
#1978=CIRCLE('',#10703,0.06);
#1979=CIRCLE('',#10704,0.06);
#1980=CIRCLE('',#10711,0.06);
#1981=CIRCLE('',#10714,0.06);
#1982=CIRCLE('',#10715,0.06);
#1983=CIRCLE('',#10716,0.06);
#1984=CIRCLE('',#10717,0.06);
#1985=CIRCLE('',#10718,0.06);
#1986=CIRCLE('',#10727,0.03);
#1987=CIRCLE('',#10730,0.03);
#1988=CIRCLE('',#10733,0.03);
#1989=CIRCLE('',#10736,0.03);
#1990=LINE('',#13630,#2881);
#1991=LINE('',#13639,#2882);
#1992=LINE('',#13647,#2883);
#1993=LINE('',#13658,#2884);
#1994=LINE('',#13660,#2885);
#1995=LINE('',#13662,#2886);
#1996=LINE('',#13664,#2887);
#1997=LINE('',#13668,#2888);
#1998=LINE('',#13672,#2889);
#1999=LINE('',#13676,#2890);
#2000=LINE('',#13680,#2891);
#2001=LINE('',#13684,#2892);
#2002=LINE('',#13688,#2893);
#2003=LINE('',#13690,#2894);
#2004=LINE('',#13692,#2895);
#2005=LINE('',#13694,#2896);
#2006=LINE('',#13696,#2897);
#2007=LINE('',#13700,#2898);
#2008=LINE('',#13704,#2899);
#2009=LINE('',#13708,#2900);
#2010=LINE('',#13712,#2901);
#2011=LINE('',#13716,#2902);
#2012=LINE('',#13720,#2903);
#2013=LINE('',#13722,#2904);
#2014=LINE('',#13724,#2905);
#2015=LINE('',#13726,#2906);
#2016=LINE('',#13728,#2907);
#2017=LINE('',#13732,#2908);
#2018=LINE('',#13736,#2909);
#2019=LINE('',#13740,#2910);
#2020=LINE('',#13744,#2911);
#2021=LINE('',#13748,#2912);
#2022=LINE('',#13752,#2913);
#2023=LINE('',#13754,#2914);
#2024=LINE('',#13756,#2915);
#2025=LINE('',#13758,#2916);
#2026=LINE('',#13760,#2917);
#2027=LINE('',#13764,#2918);
#2028=LINE('',#13768,#2919);
#2029=LINE('',#13772,#2920);
#2030=LINE('',#13776,#2921);
#2031=LINE('',#13780,#2922);
#2032=LINE('',#13784,#2923);
#2033=LINE('',#13786,#2924);
#2034=LINE('',#13788,#2925);
#2035=LINE('',#13790,#2926);
#2036=LINE('',#13791,#2927);
#2037=LINE('',#13794,#2928);
#2038=LINE('',#13796,#2929);
#2039=LINE('',#13798,#2930);
#2040=LINE('',#13799,#2931);
#2041=LINE('',#13803,#2932);
#2042=LINE('',#13805,#2933);
#2043=LINE('',#13806,#2934);
#2044=LINE('',#13825,#2935);
#2045=LINE('',#13827,#2936);
#2046=LINE('',#13829,#2937);
#2047=LINE('',#13830,#2938);
#2048=LINE('',#13833,#2939);
#2049=LINE('',#13835,#2940);
#2050=LINE('',#13837,#2941);
#2051=LINE('',#13838,#2942);
#2052=LINE('',#13841,#2943);
#2053=LINE('',#13843,#2944);
#2054=LINE('',#13845,#2945);
#2055=LINE('',#13846,#2946);
#2056=LINE('',#13873,#2947);
#2057=LINE('',#13887,#2948);
#2058=LINE('',#13914,#2949);
#2059=LINE('',#13928,#2950);
#2060=LINE('',#13955,#2951);
#2061=LINE('',#13969,#2952);
#2062=LINE('',#13996,#2953);
#2063=LINE('',#14010,#2954);
#2064=LINE('',#14015,#2955);
#2065=LINE('',#14017,#2956);
#2066=LINE('',#14028,#2957);
#2067=LINE('',#14031,#2958);
#2068=LINE('',#14043,#2959);
#2069=LINE('',#14048,#2960);
#2070=LINE('',#14057,#2961);
#2071=LINE('',#14063,#2962);
#2072=LINE('',#14068,#2963);
#2073=LINE('',#14077,#2964);
#2074=LINE('',#14083,#2965);
#2075=LINE('',#14087,#2966);
#2076=LINE('',#14091,#2967);
#2077=LINE('',#14093,#2968);
#2078=LINE('',#14096,#2969);
#2079=LINE('',#14102,#2970);
#2080=LINE('',#14105,#2971);
#2081=LINE('',#14110,#2972);
#2082=LINE('',#14116,#2973);
#2083=LINE('',#14125,#2974);
#2084=LINE('',#14131,#2975);
#2085=LINE('',#14132,#2976);
#2086=LINE('',#14134,#2977);
#2087=LINE('',#14136,#2978);
#2088=LINE('',#14142,#2979);
#2089=LINE('',#14149,#2980);
#2090=LINE('',#14155,#2981);
#2091=LINE('',#14157,#2982);
#2092=LINE('',#14163,#2983);
#2093=LINE('',#14169,#2984);
#2094=LINE('',#14174,#2985);
#2095=LINE('',#14185,#2986);
#2096=LINE('',#14187,#2987);
#2097=LINE('',#14193,#2988);
#2098=LINE('',#14201,#2989);
#2099=LINE('',#14205,#2990);
#2100=LINE('',#14210,#2991);
#2101=LINE('',#14214,#2992);
#2102=LINE('',#14219,#2993);
#2103=LINE('',#14223,#2994);
#2104=LINE('',#14228,#2995);
#2105=LINE('',#14232,#2996);
#2106=LINE('',#14237,#2997);
#2107=LINE('',#14241,#2998);
#2108=LINE('',#14244,#2999);
#2109=LINE('',#14247,#3000);
#2110=LINE('',#14250,#3001);
#2111=LINE('',#14253,#3002);
#2112=LINE('',#14256,#3003);
#2113=LINE('',#14259,#3004);
#2114=LINE('',#14265,#3005);
#2115=LINE('',#14268,#3006);
#2116=LINE('',#14274,#3007);
#2117=LINE('',#14277,#3008);
#2118=LINE('',#14282,#3009);
#2119=LINE('',#14288,#3010);
#2120=LINE('',#14291,#3011);
#2121=LINE('',#14297,#3012);
#2122=LINE('',#14300,#3013);
#2123=LINE('',#14306,#3014);
#2124=LINE('',#14309,#3015);
#2125=LINE('',#14311,#3016);
#2126=LINE('',#14314,#3017);
#2127=LINE('',#14317,#3018);
#2128=LINE('',#14322,#3019);
#2129=LINE('',#14323,#3020);
#2130=LINE('',#14326,#3021);
#2131=LINE('',#14327,#3022);
#2132=LINE('',#14330,#3023);
#2133=LINE('',#14334,#3024);
#2134=LINE('',#14338,#3025);
#2135=LINE('',#14339,#3026);
#2136=LINE('',#14344,#3027);
#2137=LINE('',#14345,#3028);
#2138=LINE('',#14348,#3029);
#2139=LINE('',#14349,#3030);
#2140=LINE('',#14352,#3031);
#2141=LINE('',#14354,#3032);
#2142=LINE('',#14356,#3033);
#2143=LINE('',#14360,#3034);
#2144=LINE('',#14363,#3035);
#2145=LINE('',#14364,#3036);
#2146=LINE('',#14366,#3037);
#2147=LINE('',#14368,#3038);
#2148=LINE('',#14370,#3039);
#2149=LINE('',#14372,#3040);
#2150=LINE('',#14374,#3041);
#2151=LINE('',#14379,#3042);
#2152=LINE('',#14380,#3043);
#2153=LINE('',#14383,#3044);
#2154=LINE('',#14384,#3045);
#2155=LINE('',#14387,#3046);
#2156=LINE('',#14391,#3047);
#2157=LINE('',#14395,#3048);
#2158=LINE('',#14396,#3049);
#2159=LINE('',#14401,#3050);
#2160=LINE('',#14402,#3051);
#2161=LINE('',#14405,#3052);
#2162=LINE('',#14406,#3053);
#2163=LINE('',#14409,#3054);
#2164=LINE('',#14411,#3055);
#2165=LINE('',#14413,#3056);
#2166=LINE('',#14417,#3057);
#2167=LINE('',#14420,#3058);
#2168=LINE('',#14421,#3059);
#2169=LINE('',#14423,#3060);
#2170=LINE('',#14425,#3061);
#2171=LINE('',#14427,#3062);
#2172=LINE('',#14429,#3063);
#2173=LINE('',#14431,#3064);
#2174=LINE('',#14436,#3065);
#2175=LINE('',#14437,#3066);
#2176=LINE('',#14440,#3067);
#2177=LINE('',#14441,#3068);
#2178=LINE('',#14444,#3069);
#2179=LINE('',#14448,#3070);
#2180=LINE('',#14452,#3071);
#2181=LINE('',#14453,#3072);
#2182=LINE('',#14458,#3073);
#2183=LINE('',#14459,#3074);
#2184=LINE('',#14462,#3075);
#2185=LINE('',#14463,#3076);
#2186=LINE('',#14466,#3077);
#2187=LINE('',#14468,#3078);
#2188=LINE('',#14470,#3079);
#2189=LINE('',#14474,#3080);
#2190=LINE('',#14477,#3081);
#2191=LINE('',#14478,#3082);
#2192=LINE('',#14480,#3083);
#2193=LINE('',#14482,#3084);
#2194=LINE('',#14484,#3085);
#2195=LINE('',#14486,#3086);
#2196=LINE('',#14488,#3087);
#2197=LINE('',#14490,#3088);
#2198=LINE('',#14491,#3089);
#2199=LINE('',#14493,#3090);
#2200=LINE('',#14495,#3091);
#2201=LINE('',#14496,#3092);
#2202=LINE('',#14498,#3093);
#2203=LINE('',#14500,#3094);
#2204=LINE('',#14501,#3095);
#2205=LINE('',#14503,#3096);
#2206=LINE('',#14514,#3097);
#2207=LINE('',#14515,#3098);
#2208=LINE('',#14518,#3099);
#2209=LINE('',#14519,#3100);
#2210=LINE('',#14522,#3101);
#2211=LINE('',#14526,#3102);
#2212=LINE('',#14530,#3103);
#2213=LINE('',#14531,#3104);
#2214=LINE('',#14536,#3105);
#2215=LINE('',#14537,#3106);
#2216=LINE('',#14540,#3107);
#2217=LINE('',#14541,#3108);
#2218=LINE('',#14544,#3109);
#2219=LINE('',#14546,#3110);
#2220=LINE('',#14548,#3111);
#2221=LINE('',#14552,#3112);
#2222=LINE('',#14555,#3113);
#2223=LINE('',#14556,#3114);
#2224=LINE('',#14558,#3115);
#2225=LINE('',#14560,#3116);
#2226=LINE('',#14562,#3117);
#2227=LINE('',#14564,#3118);
#2228=LINE('',#14566,#3119);
#2229=LINE('',#14568,#3120);
#2230=LINE('',#14569,#3121);
#2231=LINE('',#14571,#3122);
#2232=LINE('',#14589,#3123);
#2233=LINE('',#14593,#3124);
#2234=LINE('',#14597,#3125);
#2235=LINE('',#14611,#3126);
#2236=LINE('',#14613,#3127);
#2237=LINE('',#14615,#3128);
#2238=LINE('',#14617,#3129);
#2239=LINE('',#14621,#3130);
#2240=LINE('',#14625,#3131);
#2241=LINE('',#14629,#3132);
#2242=LINE('',#14633,#3133);
#2243=LINE('',#14637,#3134);
#2244=LINE('',#14641,#3135);
#2245=LINE('',#14643,#3136);
#2246=LINE('',#14645,#3137);
#2247=LINE('',#14647,#3138);
#2248=LINE('',#14649,#3139);
#2249=LINE('',#14653,#3140);
#2250=LINE('',#14657,#3141);
#2251=LINE('',#14661,#3142);
#2252=LINE('',#14665,#3143);
#2253=LINE('',#14669,#3144);
#2254=LINE('',#14673,#3145);
#2255=LINE('',#14675,#3146);
#2256=LINE('',#14677,#3147);
#2257=LINE('',#14679,#3148);
#2258=LINE('',#14681,#3149);
#2259=LINE('',#14685,#3150);
#2260=LINE('',#14689,#3151);
#2261=LINE('',#14693,#3152);
#2262=LINE('',#14697,#3153);
#2263=LINE('',#14701,#3154);
#2264=LINE('',#14705,#3155);
#2265=LINE('',#14707,#3156);
#2266=LINE('',#14709,#3157);
#2267=LINE('',#14711,#3158);
#2268=LINE('',#14713,#3159);
#2269=LINE('',#14717,#3160);
#2270=LINE('',#14721,#3161);
#2271=LINE('',#14725,#3162);
#2272=LINE('',#14729,#3163);
#2273=LINE('',#14733,#3164);
#2274=LINE('',#14737,#3165);
#2275=LINE('',#14739,#3166);
#2276=LINE('',#14741,#3167);
#2277=LINE('',#14743,#3168);
#2278=LINE('',#14744,#3169);
#2279=LINE('',#14764,#3170);
#2280=LINE('',#14766,#3171);
#2281=LINE('',#14767,#3172);
#2282=LINE('',#14770,#3173);
#2283=LINE('',#14772,#3174);
#2284=LINE('',#14774,#3175);
#2285=LINE('',#14775,#3176);
#2286=LINE('',#14778,#3177);
#2287=LINE('',#14780,#3178);
#2288=LINE('',#14782,#3179);
#2289=LINE('',#14783,#3180);
#2290=LINE('',#14786,#3181);
#2291=LINE('',#14788,#3182);
#2292=LINE('',#14790,#3183);
#2293=LINE('',#14791,#3184);
#2294=LINE('',#14794,#3185);
#2295=LINE('',#14796,#3186);
#2296=LINE('',#14798,#3187);
#2297=LINE('',#14799,#3188);
#2298=LINE('',#14802,#3189);
#2299=LINE('',#14806,#3190);
#2300=LINE('',#14809,#3191);
#2301=LINE('',#14825,#3192);
#2302=LINE('',#14830,#3193);
#2303=LINE('',#14843,#3194);
#2304=LINE('',#14847,#3195);
#2305=LINE('',#14850,#3196);
#2306=LINE('',#14866,#3197);
#2307=LINE('',#14871,#3198);
#2308=LINE('',#14884,#3199);
#2309=LINE('',#14888,#3200);
#2310=LINE('',#14891,#3201);
#2311=LINE('',#14907,#3202);
#2312=LINE('',#14912,#3203);
#2313=LINE('',#14925,#3204);
#2314=LINE('',#14929,#3205);
#2315=LINE('',#14932,#3206);
#2316=LINE('',#14948,#3207);
#2317=LINE('',#14953,#3208);
#2318=LINE('',#14967,#3209);
#2319=LINE('',#14970,#3210);
#2320=LINE('',#14971,#3211);
#2321=LINE('',#14974,#3212);
#2322=LINE('',#14978,#3213);
#2323=LINE('',#14979,#3214);
#2324=LINE('',#14983,#3215);
#2325=LINE('',#14987,#3216);
#2326=LINE('',#14991,#3217);
#2327=LINE('',#14994,#3218);
#2328=LINE('',#14996,#3219);
#2329=LINE('',#14997,#3220);
#2330=LINE('',#15000,#3221);
#2331=LINE('',#15004,#3222);
#2332=LINE('',#15006,#3223);
#2333=LINE('',#15007,#3224);
#2334=LINE('',#15013,#3225);
#2335=LINE('',#15016,#3226);
#2336=LINE('',#15022,#3227);
#2337=LINE('',#15025,#3228);
#2338=LINE('',#15028,#3229);
#2339=LINE('',#15031,#3230);
#2340=LINE('',#15032,#3231);
#2341=LINE('',#15035,#3232);
#2342=LINE('',#15040,#3233);
#2343=LINE('',#15045,#3234);
#2344=LINE('',#15047,#3235);
#2345=LINE('',#15050,#3236);
#2346=LINE('',#15056,#3237);
#2347=LINE('',#15057,#3238);
#2348=LINE('',#15060,#3239);
#2349=LINE('',#15061,#3240);
#2350=LINE('',#15064,#3241);
#2351=LINE('',#15068,#3242);
#2352=LINE('',#15071,#3243);
#2353=LINE('',#15075,#3244);
#2354=LINE('',#15077,#3245);
#2355=LINE('',#15082,#3246);
#2356=LINE('',#15083,#3247);
#2357=LINE('',#15086,#3248);
#2358=LINE('',#15087,#3249);
#2359=LINE('',#15090,#3250);
#2360=LINE('',#15094,#3251);
#2361=LINE('',#15097,#3252);
#2362=LINE('',#15101,#3253);
#2363=LINE('',#15103,#3254);
#2364=LINE('',#15107,#3255);
#2365=LINE('',#15111,#3256);
#2366=LINE('',#15113,#3257);
#2367=LINE('',#15117,#3258);
#2368=LINE('',#15121,#3259);
#2369=LINE('',#15123,#3260);
#2370=LINE('',#15125,#3261);
#2371=LINE('',#15133,#3262);
#2372=LINE('',#15139,#3263);
#2373=LINE('',#15140,#3264);
#2374=LINE('',#15142,#3265);
#2375=LINE('',#15144,#3266);
#2376=LINE('',#15150,#3267);
#2377=LINE('',#15157,#3268);
#2378=LINE('',#15163,#3269);
#2379=LINE('',#15165,#3270);
#2380=LINE('',#15171,#3271);
#2381=LINE('',#15177,#3272);
#2382=LINE('',#15182,#3273);
#2383=LINE('',#15193,#3274);
#2384=LINE('',#15195,#3275);
#2385=LINE('',#15201,#3276);
#2386=LINE('',#15209,#3277);
#2387=LINE('',#15213,#3278);
#2388=LINE('',#15218,#3279);
#2389=LINE('',#15222,#3280);
#2390=LINE('',#15227,#3281);
#2391=LINE('',#15231,#3282);
#2392=LINE('',#15236,#3283);
#2393=LINE('',#15240,#3284);
#2394=LINE('',#15245,#3285);
#2395=LINE('',#15249,#3286);
#2396=LINE('',#15255,#3287);
#2397=LINE('',#15258,#3288);
#2398=LINE('',#15264,#3289);
#2399=LINE('',#15267,#3290);
#2400=LINE('',#15273,#3291);
#2401=LINE('',#15276,#3292);
#2402=LINE('',#15278,#3293);
#2403=LINE('',#15279,#3294);
#2404=LINE('',#15285,#3295);
#2405=LINE('',#15288,#3296);
#2406=LINE('',#15294,#3297);
#2407=LINE('',#15297,#3298);
#2408=LINE('',#15304,#3299);
#2409=LINE('',#15307,#3300);
#2410=LINE('',#15310,#3301);
#2411=LINE('',#15313,#3302);
#2412=LINE('',#15316,#3303);
#2413=LINE('',#15319,#3304);
#2414=LINE('',#15322,#3305);
#2415=LINE('',#15325,#3306);
#2416=LINE('',#15330,#3307);
#2417=LINE('',#15331,#3308);
#2418=LINE('',#15334,#3309);
#2419=LINE('',#15335,#3310);
#2420=LINE('',#15338,#3311);
#2421=LINE('',#15340,#3312);
#2422=LINE('',#15344,#3313);
#2423=LINE('',#15347,#3314);
#2424=LINE('',#15352,#3315);
#2425=LINE('',#15353,#3316);
#2426=LINE('',#15356,#3317);
#2427=LINE('',#15357,#3318);
#2428=LINE('',#15362,#3319);
#2429=LINE('',#15366,#3320);
#2430=LINE('',#15368,#3321);
#2431=LINE('',#15369,#3322);
#2432=LINE('',#15371,#3323);
#2433=LINE('',#15372,#3324);
#2434=LINE('',#15374,#3325);
#2435=LINE('',#15376,#3326);
#2436=LINE('',#15378,#3327);
#2437=LINE('',#15380,#3328);
#2438=LINE('',#15382,#3329);
#2439=LINE('',#15387,#3330);
#2440=LINE('',#15388,#3331);
#2441=LINE('',#15391,#3332);
#2442=LINE('',#15392,#3333);
#2443=LINE('',#15395,#3334);
#2444=LINE('',#15397,#3335);
#2445=LINE('',#15401,#3336);
#2446=LINE('',#15404,#3337);
#2447=LINE('',#15409,#3338);
#2448=LINE('',#15410,#3339);
#2449=LINE('',#15413,#3340);
#2450=LINE('',#15414,#3341);
#2451=LINE('',#15419,#3342);
#2452=LINE('',#15423,#3343);
#2453=LINE('',#15425,#3344);
#2454=LINE('',#15426,#3345);
#2455=LINE('',#15428,#3346);
#2456=LINE('',#15429,#3347);
#2457=LINE('',#15431,#3348);
#2458=LINE('',#15433,#3349);
#2459=LINE('',#15435,#3350);
#2460=LINE('',#15437,#3351);
#2461=LINE('',#15439,#3352);
#2462=LINE('',#15444,#3353);
#2463=LINE('',#15445,#3354);
#2464=LINE('',#15448,#3355);
#2465=LINE('',#15449,#3356);
#2466=LINE('',#15452,#3357);
#2467=LINE('',#15454,#3358);
#2468=LINE('',#15458,#3359);
#2469=LINE('',#15461,#3360);
#2470=LINE('',#15466,#3361);
#2471=LINE('',#15467,#3362);
#2472=LINE('',#15470,#3363);
#2473=LINE('',#15471,#3364);
#2474=LINE('',#15476,#3365);
#2475=LINE('',#15480,#3366);
#2476=LINE('',#15482,#3367);
#2477=LINE('',#15483,#3368);
#2478=LINE('',#15485,#3369);
#2479=LINE('',#15486,#3370);
#2480=LINE('',#15488,#3371);
#2481=LINE('',#15490,#3372);
#2482=LINE('',#15492,#3373);
#2483=LINE('',#15494,#3374);
#2484=LINE('',#15496,#3375);
#2485=LINE('',#15498,#3376);
#2486=LINE('',#15499,#3377);
#2487=LINE('',#15501,#3378);
#2488=LINE('',#15503,#3379);
#2489=LINE('',#15504,#3380);
#2490=LINE('',#15506,#3381);
#2491=LINE('',#15508,#3382);
#2492=LINE('',#15509,#3383);
#2493=LINE('',#15511,#3384);
#2494=LINE('',#15522,#3385);
#2495=LINE('',#15523,#3386);
#2496=LINE('',#15526,#3387);
#2497=LINE('',#15527,#3388);
#2498=LINE('',#15530,#3389);
#2499=LINE('',#15532,#3390);
#2500=LINE('',#15536,#3391);
#2501=LINE('',#15539,#3392);
#2502=LINE('',#15544,#3393);
#2503=LINE('',#15545,#3394);
#2504=LINE('',#15548,#3395);
#2505=LINE('',#15549,#3396);
#2506=LINE('',#15554,#3397);
#2507=LINE('',#15558,#3398);
#2508=LINE('',#15560,#3399);
#2509=LINE('',#15561,#3400);
#2510=LINE('',#15563,#3401);
#2511=LINE('',#15564,#3402);
#2512=LINE('',#15566,#3403);
#2513=LINE('',#15568,#3404);
#2514=LINE('',#15570,#3405);
#2515=LINE('',#15572,#3406);
#2516=LINE('',#15574,#3407);
#2517=LINE('',#15576,#3408);
#2518=LINE('',#15577,#3409);
#2519=LINE('',#15579,#3410);
#2520=LINE('',#15587,#3411);
#2521=LINE('',#15591,#3412);
#2522=LINE('',#15596,#3413);
#2523=LINE('',#15600,#3414);
#2524=LINE('',#15605,#3415);
#2525=LINE('',#15609,#3416);
#2526=LINE('',#15614,#3417);
#2527=LINE('',#15618,#3418);
#2528=LINE('',#15623,#3419);
#2529=LINE('',#15627,#3420);
#2530=LINE('',#15632,#3421);
#2531=LINE('',#15636,#3422);
#2532=LINE('',#15642,#3423);
#2533=LINE('',#15645,#3424);
#2534=LINE('',#15648,#3425);
#2535=LINE('',#15652,#3426);
#2536=LINE('',#15656,#3427);
#2537=LINE('',#15659,#3428);
#2538=LINE('',#15670,#3429);
#2539=LINE('',#15671,#3430);
#2540=LINE('',#15675,#3431);
#2541=LINE('',#15680,#3432);
#2542=LINE('',#15681,#3433);
#2543=LINE('',#15684,#3434);
#2544=LINE('',#15685,#3435);
#2545=LINE('',#15689,#3436);
#2546=LINE('',#15692,#3437);
#2547=LINE('',#15696,#3438);
#2548=LINE('',#15700,#3439);
#2549=LINE('',#15704,#3440);
#2550=LINE('',#15707,#3441);
#2551=LINE('',#15709,#3442);
#2552=LINE('',#15715,#3443);
#2553=LINE('',#15719,#3444);
#2554=LINE('',#15724,#3445);
#2555=LINE('',#15728,#3446);
#2556=LINE('',#15733,#3447);
#2557=LINE('',#15737,#3448);
#2558=LINE('',#15742,#3449);
#2559=LINE('',#15746,#3450);
#2560=LINE('',#15751,#3451);
#2561=LINE('',#15755,#3452);
#2562=LINE('',#15760,#3453);
#2563=LINE('',#15764,#3454);
#2564=LINE('',#15769,#3455);
#2565=LINE('',#15775,#3456);
#2566=LINE('',#15781,#3457);
#2567=LINE('',#15787,#3458);
#2568=LINE('',#15793,#3459);
#2569=LINE('',#15798,#3460);
#2570=LINE('',#15800,#3461);
#2571=LINE('',#15802,#3462);
#2572=LINE('',#15803,#3463);
#2573=LINE('',#15806,#3464);
#2574=LINE('',#15808,#3465);
#2575=LINE('',#15809,#3466);
#2576=LINE('',#15812,#3467);
#2577=LINE('',#15814,#3468);
#2578=LINE('',#15815,#3469);
#2579=LINE('',#15817,#3470);
#2580=LINE('',#15818,#3471);
#2581=LINE('',#15825,#3472);
#2582=LINE('',#15829,#3473);
#2583=LINE('',#15833,#3474);
#2584=LINE('',#15843,#3475);
#2585=LINE('',#15847,#3476);
#2586=LINE('',#15851,#3477);
#2587=LINE('',#15861,#3478);
#2588=LINE('',#15865,#3479);
#2589=LINE('',#15869,#3480);
#2590=LINE('',#15877,#3481);
#2591=LINE('',#15879,#3482);
#2592=LINE('',#15881,#3483);
#2593=LINE('',#15883,#3484);
#2594=LINE('',#15884,#3485);
#2595=LINE('',#15885,#3486);
#2596=LINE('',#15888,#3487);
#2597=LINE('',#15890,#3488);
#2598=LINE('',#15892,#3489);
#2599=LINE('',#15894,#3490);
#2600=LINE('',#15895,#3491);
#2601=LINE('',#15907,#3492);
#2602=LINE('',#15910,#3493);
#2603=LINE('',#15912,#3494);
#2604=LINE('',#15925,#3495);
#2605=LINE('',#15928,#3496);
#2606=LINE('',#15930,#3497);
#2607=LINE('',#15943,#3498);
#2608=LINE('',#15946,#3499);
#2609=LINE('',#15948,#3500);
#2610=LINE('',#15954,#3501);
#2611=LINE('',#15958,#3502);
#2612=LINE('',#15962,#3503);
#2613=LINE('',#15967,#3504);
#2614=LINE('',#15970,#3505);
#2615=LINE('',#15972,#3506);
#2616=LINE('',#15976,#3507);
#2617=LINE('',#15980,#3508);
#2618=LINE('',#15984,#3509);
#2619=LINE('',#15987,#3510);
#2620=LINE('',#15988,#3511);
#2621=LINE('',#15990,#3512);
#2622=LINE('',#15994,#3513);
#2623=LINE('',#16000,#3514);
#2624=LINE('',#16004,#3515);
#2625=LINE('',#16008,#3516);
#2626=LINE('',#16012,#3517);
#2627=LINE('',#16014,#3518);
#2628=LINE('',#16016,#3519);
#2629=LINE('',#16018,#3520);
#2630=LINE('',#16019,#3521);
#2631=LINE('',#16022,#3522);
#2632=LINE('',#16024,#3523);
#2633=LINE('',#16026,#3524);
#2634=LINE('',#16027,#3525);
#2635=LINE('',#16030,#3526);
#2636=LINE('',#16034,#3527);
#2637=LINE('',#16038,#3528);
#2638=LINE('',#16041,#3529);
#2639=LINE('',#16044,#3530);
#2640=LINE('',#16046,#3531);
#2641=LINE('',#16048,#3532);
#2642=LINE('',#16050,#3533);
#2643=LINE('',#16052,#3534);
#2644=LINE('',#16054,#3535);
#2645=LINE('',#16056,#3536);
#2646=LINE('',#16058,#3537);
#2647=LINE('',#16060,#3538);
#2648=LINE('',#16062,#3539);
#2649=LINE('',#16064,#3540);
#2650=LINE('',#16066,#3541);
#2651=LINE('',#16068,#3542);
#2652=LINE('',#16070,#3543);
#2653=LINE('',#16072,#3544);
#2654=LINE('',#16074,#3545);
#2655=LINE('',#16076,#3546);
#2656=LINE('',#16078,#3547);
#2657=LINE('',#16079,#3548);
#2658=LINE('',#16083,#3549);
#2659=LINE('',#16089,#3550);
#2660=LINE('',#16094,#3551);
#2661=LINE('',#16097,#3552);
#2662=LINE('',#16102,#3553);
#2663=LINE('',#16106,#3554);
#2664=LINE('',#16110,#3555);
#2665=LINE('',#16116,#3556);
#2666=LINE('',#16121,#3557);
#2667=LINE('',#16123,#3558);
#2668=LINE('',#16128,#3559);
#2669=LINE('',#16132,#3560);
#2670=LINE('',#16136,#3561);
#2671=LINE('',#16142,#3562);
#2672=LINE('',#16147,#3563);
#2673=LINE('',#16149,#3564);
#2674=LINE('',#16154,#3565);
#2675=LINE('',#16158,#3566);
#2676=LINE('',#16162,#3567);
#2677=LINE('',#16168,#3568);
#2678=LINE('',#16173,#3569);
#2679=LINE('',#16175,#3570);
#2680=LINE('',#16180,#3571);
#2681=LINE('',#16184,#3572);
#2682=LINE('',#16188,#3573);
#2683=LINE('',#16194,#3574);
#2684=LINE('',#16199,#3575);
#2685=LINE('',#16201,#3576);
#2686=LINE('',#16207,#3577);
#2687=LINE('',#16211,#3578);
#2688=LINE('',#16215,#3579);
#2689=LINE('',#16219,#3580);
#2690=LINE('',#16223,#3581);
#2691=LINE('',#16227,#3582);
#2692=LINE('',#16233,#3583);
#2693=LINE('',#16238,#3584);
#2694=LINE('',#16240,#3585);
#2695=LINE('',#16246,#3586);
#2696=LINE('',#16251,#3587);
#2697=LINE('',#16253,#3588);
#2698=LINE('',#16259,#3589);
#2699=LINE('',#16264,#3590);
#2700=LINE('',#16266,#3591);
#2701=LINE('',#16272,#3592);
#2702=LINE('',#16277,#3593);
#2703=LINE('',#16279,#3594);
#2704=LINE('',#16286,#3595);
#2705=LINE('',#16289,#3596);
#2706=LINE('',#16292,#3597);
#2707=LINE('',#16294,#3598);
#2708=LINE('',#16295,#3599);
#2709=LINE('',#16298,#3600);
#2710=LINE('',#16301,#3601);
#2711=LINE('',#16304,#3602);
#2712=LINE('',#16305,#3603);
#2713=LINE('',#16308,#3604);
#2714=LINE('',#16311,#3605);
#2715=LINE('',#16314,#3606);
#2716=LINE('',#16315,#3607);
#2717=LINE('',#16318,#3608);
#2718=LINE('',#16322,#3609);
#2719=LINE('',#16326,#3610);
#2720=LINE('',#16329,#3611);
#2721=LINE('',#16332,#3612);
#2722=LINE('',#16333,#3613);
#2723=LINE('',#16336,#3614);
#2724=LINE('',#16340,#3615);
#2725=LINE('',#16343,#3616);
#2726=LINE('',#16346,#3617);
#2727=LINE('',#16347,#3618);
#2728=LINE('',#16350,#3619);
#2729=LINE('',#16354,#3620);
#2730=LINE('',#16357,#3621);
#2731=LINE('',#16360,#3622);
#2732=LINE('',#16361,#3623);
#2733=LINE('',#16364,#3624);
#2734=LINE('',#16366,#3625);
#2735=LINE('',#16367,#3626);
#2736=LINE('',#16370,#3627);
#2737=LINE('',#16374,#3628);
#2738=LINE('',#16377,#3629);
#2739=LINE('',#16380,#3630);
#2740=LINE('',#16381,#3631);
#2741=LINE('',#16384,#3632);
#2742=LINE('',#16387,#3633);
#2743=LINE('',#16390,#3634);
#2744=LINE('',#16391,#3635);
#2745=LINE('',#16394,#3636);
#2746=LINE('',#16398,#3637);
#2747=LINE('',#16402,#3638);
#2748=LINE('',#16406,#3639);
#2749=LINE('',#16409,#3640);
#2750=LINE('',#16412,#3641);
#2751=LINE('',#16413,#3642);
#2752=LINE('',#16416,#3643);
#2753=LINE('',#16419,#3644);
#2754=LINE('',#16422,#3645);
#2755=LINE('',#16423,#3646);
#2756=LINE('',#16426,#3647);
#2757=LINE('',#16430,#3648);
#2758=LINE('',#16434,#3649);
#2759=LINE('',#16437,#3650);
#2760=LINE('',#16440,#3651);
#2761=LINE('',#16441,#3652);
#2762=LINE('',#16444,#3653);
#2763=LINE('',#16447,#3654);
#2764=LINE('',#16450,#3655);
#2765=LINE('',#16451,#3656);
#2766=LINE('',#16454,#3657);
#2767=LINE('',#16458,#3658);
#2768=LINE('',#16462,#3659);
#2769=LINE('',#16465,#3660);
#2770=LINE('',#16468,#3661);
#2771=LINE('',#16469,#3662);
#2772=LINE('',#16472,#3663);
#2773=LINE('',#16475,#3664);
#2774=LINE('',#16478,#3665);
#2775=LINE('',#16479,#3666);
#2776=LINE('',#16482,#3667);
#2777=LINE('',#16486,#3668);
#2778=LINE('',#16490,#3669);
#2779=LINE('',#16493,#3670);
#2780=LINE('',#16496,#3671);
#2781=LINE('',#16497,#3672);
#2782=LINE('',#16500,#3673);
#2783=LINE('',#16503,#3674);
#2784=LINE('',#16506,#3675);
#2785=LINE('',#16507,#3676);
#2786=LINE('',#16510,#3677);
#2787=LINE('',#16514,#3678);
#2788=LINE('',#16518,#3679);
#2789=LINE('',#16520,#3680);
#2790=LINE('',#16521,#3681);
#2791=LINE('',#16524,#3682);
#2792=LINE('',#16527,#3683);
#2793=LINE('',#16529,#3684);
#2794=LINE('',#16531,#3685);
#2795=LINE('',#16533,#3686);
#2796=LINE('',#16535,#3687);
#2797=LINE('',#16537,#3688);
#2798=LINE('',#16539,#3689);
#2799=LINE('',#16541,#3690);
#2800=LINE('',#16544,#3691);
#2801=LINE('',#16545,#3692);
#2802=LINE('',#16549,#3693);
#2803=LINE('',#16551,#3694);
#2804=LINE('',#16553,#3695);
#2805=LINE('',#16555,#3696);
#2806=LINE('',#16557,#3697);
#2807=LINE('',#16559,#3698);
#2808=LINE('',#16561,#3699);
#2809=LINE('',#16564,#3700);
#2810=LINE('',#16565,#3701);
#2811=LINE('',#16570,#3702);
#2812=LINE('',#16574,#3703);
#2813=LINE('',#16577,#3704);
#2814=LINE('',#16579,#3705);
#2815=LINE('',#16584,#3706);
#2816=LINE('',#16585,#3707);
#2817=LINE('',#16587,#3708);
#2818=LINE('',#16590,#3709);
#2819=LINE('',#16594,#3710);
#2820=LINE('',#16596,#3711);
#2821=LINE('',#16598,#3712);
#2822=LINE('',#16602,#3713);
#2823=LINE('',#16605,#3714);
#2824=LINE('',#16606,#3715);
#2825=LINE('',#16609,#3716);
#2826=LINE('',#16611,#3717);
#2827=LINE('',#16613,#3718);
#2828=LINE('',#16615,#3719);
#2829=LINE('',#16616,#3720);
#2830=LINE('',#16618,#3721);
#2831=LINE('',#16619,#3722);
#2832=LINE('',#16621,#3723);
#2833=LINE('',#16627,#3724);
#2834=LINE('',#16628,#3725);
#2835=LINE('',#16631,#3726);
#2836=LINE('',#16632,#3727);
#2837=LINE('',#16635,#3728);
#2838=LINE('',#16636,#3729);
#2839=LINE('',#16640,#3730);
#2840=LINE('',#16644,#3731);
#2841=LINE('',#16648,#3732);
#2842=LINE('',#16653,#3733);
#2843=LINE('',#16655,#3734);
#2844=LINE('',#16656,#3735);
#2845=LINE('',#16658,#3736);
#2846=LINE('',#16660,#3737);
#2847=LINE('',#16662,#3738);
#2848=LINE('',#16668,#3739);
#2849=LINE('',#16669,#3740);
#2850=LINE('',#16672,#3741);
#2851=LINE('',#16673,#3742);
#2852=LINE('',#16678,#3743);
#2853=LINE('',#16679,#3744);
#2854=LINE('',#16681,#3745);
#2855=LINE('',#16684,#3746);
#2856=LINE('',#16687,#3747);
#2857=LINE('',#16690,#3748);
#2858=LINE('',#16691,#3749);
#2859=LINE('',#16695,#3750);
#2860=LINE('',#16698,#3751);
#2861=LINE('',#16699,#3752);
#2862=LINE('',#16702,#3753);
#2863=LINE('',#16704,#3754);
#2864=LINE('',#16705,#3755);
#2865=LINE('',#16708,#3756);
#2866=LINE('',#16709,#3757);
#2867=LINE('',#16712,#3758);
#2868=LINE('',#16713,#3759);
#2869=LINE('',#16715,#3760);
#2870=LINE('',#16717,#3761);
#2871=LINE('',#16720,#3762);
#2872=LINE('',#16721,#3763);
#2873=LINE('',#16724,#3764);
#2874=LINE('',#16725,#3765);
#2875=LINE('',#16727,#3766);
#2876=LINE('',#16730,#3767);
#2877=LINE('',#16732,#3768);
#2878=LINE('',#16733,#3769);
#2879=LINE('',#16735,#3770);
#2880=LINE('',#16738,#3771);
#2881=VECTOR('',#10756,0.393700787401575);
#2882=VECTOR('',#10759,0.393700787401575);
#2883=VECTOR('',#10762,0.393700787401575);
#2884=VECTOR('',#10775,0.393700787401575);
#2885=VECTOR('',#10776,0.393700787401575);
#2886=VECTOR('',#10777,0.393700787401575);
#2887=VECTOR('',#10778,0.393700787401575);
#2888=VECTOR('',#10781,0.393700787401575);
#2889=VECTOR('',#10784,0.393700787401575);
#2890=VECTOR('',#10787,0.393700787401575);
#2891=VECTOR('',#10790,0.393700787401575);
#2892=VECTOR('',#10793,0.393700787401575);
#2893=VECTOR('',#10796,0.393700787401575);
#2894=VECTOR('',#10797,0.393700787401575);
#2895=VECTOR('',#10798,0.393700787401575);
#2896=VECTOR('',#10799,0.393700787401575);
#2897=VECTOR('',#10800,0.393700787401575);
#2898=VECTOR('',#10803,0.393700787401575);
#2899=VECTOR('',#10806,0.393700787401575);
#2900=VECTOR('',#10809,0.393700787401575);
#2901=VECTOR('',#10812,0.393700787401575);
#2902=VECTOR('',#10815,0.393700787401575);
#2903=VECTOR('',#10818,0.393700787401575);
#2904=VECTOR('',#10819,0.393700787401575);
#2905=VECTOR('',#10820,0.393700787401575);
#2906=VECTOR('',#10821,0.393700787401575);
#2907=VECTOR('',#10822,0.393700787401575);
#2908=VECTOR('',#10825,0.393700787401575);
#2909=VECTOR('',#10828,0.393700787401575);
#2910=VECTOR('',#10831,0.393700787401575);
#2911=VECTOR('',#10834,0.393700787401575);
#2912=VECTOR('',#10837,0.393700787401575);
#2913=VECTOR('',#10840,0.393700787401575);
#2914=VECTOR('',#10841,0.393700787401575);
#2915=VECTOR('',#10842,0.393700787401575);
#2916=VECTOR('',#10843,0.393700787401575);
#2917=VECTOR('',#10844,0.393700787401575);
#2918=VECTOR('',#10847,0.393700787401575);
#2919=VECTOR('',#10850,0.393700787401575);
#2920=VECTOR('',#10853,0.393700787401575);
#2921=VECTOR('',#10856,0.393700787401575);
#2922=VECTOR('',#10859,0.393700787401575);
#2923=VECTOR('',#10862,0.393700787401575);
#2924=VECTOR('',#10863,0.393700787401575);
#2925=VECTOR('',#10864,0.393700787401575);
#2926=VECTOR('',#10865,0.393700787401575);
#2927=VECTOR('',#10866,0.393700787401575);
#2928=VECTOR('',#10867,0.393700787401575);
#2929=VECTOR('',#10868,0.393700787401575);
#2930=VECTOR('',#10869,0.393700787401575);
#2931=VECTOR('',#10870,0.393700787401575);
#2932=VECTOR('',#10873,0.393700787401575);
#2933=VECTOR('',#10874,0.393700787401575);
#2934=VECTOR('',#10875,0.393700787401575);
#2935=VECTOR('',#10892,0.393700787401575);
#2936=VECTOR('',#10893,0.393700787401575);
#2937=VECTOR('',#10894,0.393700787401575);
#2938=VECTOR('',#10895,0.393700787401575);
#2939=VECTOR('',#10896,0.393700787401575);
#2940=VECTOR('',#10897,0.393700787401575);
#2941=VECTOR('',#10898,0.393700787401575);
#2942=VECTOR('',#10899,0.393700787401575);
#2943=VECTOR('',#10900,0.393700787401575);
#2944=VECTOR('',#10901,0.393700787401575);
#2945=VECTOR('',#10902,0.393700787401575);
#2946=VECTOR('',#10903,0.393700787401575);
#2947=VECTOR('',#10906,0.393700787401575);
#2948=VECTOR('',#10911,0.393700787401575);
#2949=VECTOR('',#10914,0.393700787401575);
#2950=VECTOR('',#10919,0.393700787401575);
#2951=VECTOR('',#10922,0.393700787401575);
#2952=VECTOR('',#10927,0.393700787401575);
#2953=VECTOR('',#10930,0.393700787401575);
#2954=VECTOR('',#10935,0.393700787401575);
#2955=VECTOR('',#10940,0.150000000000001);
#2956=VECTOR('',#10943,0.393700787401575);
#2957=VECTOR('',#10960,0.393700787401575);
#2958=VECTOR('',#10963,0.393700787401575);
#2959=VECTOR('',#10982,0.15);
#2960=VECTOR('',#10987,0.15);
#2961=VECTOR('',#11000,0.393700787401575);
#2962=VECTOR('',#11009,0.15);
#2963=VECTOR('',#11014,0.15);
#2964=VECTOR('',#11027,0.393700787401575);
#2965=VECTOR('',#11036,0.15);
#2966=VECTOR('',#11041,0.393700787401575);
#2967=VECTOR('',#11046,0.393700787401575);
#2968=VECTOR('',#11049,0.393700787401575);
#2969=VECTOR('',#11052,0.045);
#2970=VECTOR('',#11061,0.045);
#2971=VECTOR('',#11064,0.045);
#2972=VECTOR('',#11071,0.045);
#2973=VECTOR('',#11080,0.045);
#2974=VECTOR('',#11093,0.393700787401575);
#2975=VECTOR('',#11094,0.393700787401575);
#2976=VECTOR('',#11095,0.393700787401575);
#2977=VECTOR('',#11096,0.393700787401575);
#2978=VECTOR('',#11097,0.393700787401575);
#2979=VECTOR('',#11098,0.393700787401575);
#2980=VECTOR('',#11101,0.393700787401575);
#2981=VECTOR('',#11106,0.393700787401575);
#2982=VECTOR('',#11107,0.393700787401575);
#2983=VECTOR('',#11112,0.393700787401575);
#2984=VECTOR('',#11117,0.393700787401575);
#2985=VECTOR('',#11122,0.393700787401575);
#2986=VECTOR('',#11135,0.393700787401575);
#2987=VECTOR('',#11136,0.393700787401575);
#2988=VECTOR('',#11141,0.393700787401575);
#2989=VECTOR('',#11150,0.0225);
#2990=VECTOR('',#11155,0.045);
#2991=VECTOR('',#11160,0.0225);
#2992=VECTOR('',#11165,0.045);
#2993=VECTOR('',#11170,0.0225);
#2994=VECTOR('',#11175,0.045);
#2995=VECTOR('',#11180,0.0225);
#2996=VECTOR('',#11185,0.045);
#2997=VECTOR('',#11190,0.0225);
#2998=VECTOR('',#11195,0.045);
#2999=VECTOR('',#11198,0.09);
#3000=VECTOR('',#11203,0.065);
#3001=VECTOR('',#11206,0.09);
#3002=VECTOR('',#11211,0.065);
#3003=VECTOR('',#11214,0.09);
#3004=VECTOR('',#11219,0.065);
#3005=VECTOR('',#11222,0.09);
#3006=VECTOR('',#11227,0.065);
#3007=VECTOR('',#11230,0.09);
#3008=VECTOR('',#11235,0.065);
#3009=VECTOR('',#11238,0.393700787401575);
#3010=VECTOR('',#11241,0.09);
#3011=VECTOR('',#11246,0.065);
#3012=VECTOR('',#11249,0.09);
#3013=VECTOR('',#11254,0.065);
#3014=VECTOR('',#11257,0.09);
#3015=VECTOR('',#11262,0.065);
#3016=VECTOR('',#11265,0.393700787401575);
#3017=VECTOR('',#11268,0.09);
#3018=VECTOR('',#11273,0.065);
#3019=VECTOR('',#11278,0.393700787401575);
#3020=VECTOR('',#11279,0.393700787401575);
#3021=VECTOR('',#11282,0.393700787401575);
#3022=VECTOR('',#11283,0.393700787401575);
#3023=VECTOR('',#11286,0.393700787401575);
#3024=VECTOR('',#11289,0.393700787401575);
#3025=VECTOR('',#11292,0.393700787401575);
#3026=VECTOR('',#11293,0.393700787401575);
#3027=VECTOR('',#11298,0.393700787401575);
#3028=VECTOR('',#11299,0.393700787401575);
#3029=VECTOR('',#11302,0.393700787401575);
#3030=VECTOR('',#11303,0.393700787401575);
#3031=VECTOR('',#11306,0.393700787401575);
#3032=VECTOR('',#11307,0.393700787401575);
#3033=VECTOR('',#11308,0.393700787401575);
#3034=VECTOR('',#11311,0.393700787401575);
#3035=VECTOR('',#11316,0.393700787401575);
#3036=VECTOR('',#11317,0.393700787401575);
#3037=VECTOR('',#11320,0.393700787401575);
#3038=VECTOR('',#11323,0.393700787401575);
#3039=VECTOR('',#11326,0.393700787401575);
#3040=VECTOR('',#11329,0.393700787401575);
#3041=VECTOR('',#11332,0.393700787401575);
#3042=VECTOR('',#11337,0.393700787401575);
#3043=VECTOR('',#11338,0.393700787401575);
#3044=VECTOR('',#11341,0.393700787401575);
#3045=VECTOR('',#11342,0.393700787401575);
#3046=VECTOR('',#11345,0.393700787401575);
#3047=VECTOR('',#11348,0.393700787401575);
#3048=VECTOR('',#11351,0.393700787401575);
#3049=VECTOR('',#11352,0.393700787401575);
#3050=VECTOR('',#11357,0.393700787401575);
#3051=VECTOR('',#11358,0.393700787401575);
#3052=VECTOR('',#11361,0.393700787401575);
#3053=VECTOR('',#11362,0.393700787401575);
#3054=VECTOR('',#11365,0.393700787401575);
#3055=VECTOR('',#11366,0.393700787401575);
#3056=VECTOR('',#11367,0.393700787401575);
#3057=VECTOR('',#11370,0.393700787401575);
#3058=VECTOR('',#11375,0.393700787401575);
#3059=VECTOR('',#11376,0.393700787401575);
#3060=VECTOR('',#11379,0.393700787401575);
#3061=VECTOR('',#11382,0.393700787401575);
#3062=VECTOR('',#11385,0.393700787401575);
#3063=VECTOR('',#11388,0.393700787401575);
#3064=VECTOR('',#11391,0.393700787401575);
#3065=VECTOR('',#11396,0.393700787401575);
#3066=VECTOR('',#11397,0.393700787401575);
#3067=VECTOR('',#11400,0.393700787401575);
#3068=VECTOR('',#11401,0.393700787401575);
#3069=VECTOR('',#11404,0.393700787401575);
#3070=VECTOR('',#11407,0.393700787401575);
#3071=VECTOR('',#11410,0.393700787401575);
#3072=VECTOR('',#11411,0.393700787401575);
#3073=VECTOR('',#11416,0.393700787401575);
#3074=VECTOR('',#11417,0.393700787401575);
#3075=VECTOR('',#11420,0.393700787401575);
#3076=VECTOR('',#11421,0.393700787401575);
#3077=VECTOR('',#11424,0.393700787401575);
#3078=VECTOR('',#11425,0.393700787401575);
#3079=VECTOR('',#11426,0.393700787401575);
#3080=VECTOR('',#11429,0.393700787401575);
#3081=VECTOR('',#11434,0.393700787401575);
#3082=VECTOR('',#11435,0.393700787401575);
#3083=VECTOR('',#11438,0.393700787401575);
#3084=VECTOR('',#11441,0.393700787401575);
#3085=VECTOR('',#11444,0.393700787401575);
#3086=VECTOR('',#11447,0.393700787401575);
#3087=VECTOR('',#11450,0.393700787401575);
#3088=VECTOR('',#11453,0.393700787401575);
#3089=VECTOR('',#11454,0.393700787401575);
#3090=VECTOR('',#11457,0.393700787401575);
#3091=VECTOR('',#11460,0.393700787401575);
#3092=VECTOR('',#11461,0.393700787401575);
#3093=VECTOR('',#11464,0.393700787401575);
#3094=VECTOR('',#11467,0.393700787401575);
#3095=VECTOR('',#11468,0.393700787401575);
#3096=VECTOR('',#11471,0.393700787401575);
#3097=VECTOR('',#11488,0.393700787401575);
#3098=VECTOR('',#11489,0.393700787401575);
#3099=VECTOR('',#11492,0.393700787401575);
#3100=VECTOR('',#11493,0.393700787401575);
#3101=VECTOR('',#11496,0.393700787401575);
#3102=VECTOR('',#11499,0.393700787401575);
#3103=VECTOR('',#11502,0.393700787401575);
#3104=VECTOR('',#11503,0.393700787401575);
#3105=VECTOR('',#11508,0.393700787401575);
#3106=VECTOR('',#11509,0.393700787401575);
#3107=VECTOR('',#11512,0.393700787401575);
#3108=VECTOR('',#11513,0.393700787401575);
#3109=VECTOR('',#11516,0.393700787401575);
#3110=VECTOR('',#11517,0.393700787401575);
#3111=VECTOR('',#11518,0.393700787401575);
#3112=VECTOR('',#11521,0.393700787401575);
#3113=VECTOR('',#11526,0.393700787401575);
#3114=VECTOR('',#11527,0.393700787401575);
#3115=VECTOR('',#11530,0.393700787401575);
#3116=VECTOR('',#11533,0.393700787401575);
#3117=VECTOR('',#11536,0.393700787401575);
#3118=VECTOR('',#11539,0.393700787401575);
#3119=VECTOR('',#11542,0.393700787401575);
#3120=VECTOR('',#11545,0.393700787401575);
#3121=VECTOR('',#11546,0.393700787401575);
#3122=VECTOR('',#11549,0.393700787401575);
#3123=VECTOR('',#11558,0.393700787401575);
#3124=VECTOR('',#11561,0.393700787401575);
#3125=VECTOR('',#11564,0.393700787401575);
#3126=VECTOR('',#11567,0.393700787401575);
#3127=VECTOR('',#11568,0.393700787401575);
#3128=VECTOR('',#11569,0.393700787401575);
#3129=VECTOR('',#11570,0.393700787401575);
#3130=VECTOR('',#11573,0.393700787401575);
#3131=VECTOR('',#11576,0.393700787401575);
#3132=VECTOR('',#11579,0.393700787401575);
#3133=VECTOR('',#11582,0.393700787401575);
#3134=VECTOR('',#11585,0.393700787401575);
#3135=VECTOR('',#11588,0.393700787401575);
#3136=VECTOR('',#11589,0.393700787401575);
#3137=VECTOR('',#11590,0.393700787401575);
#3138=VECTOR('',#11591,0.393700787401575);
#3139=VECTOR('',#11592,0.393700787401575);
#3140=VECTOR('',#11595,0.393700787401575);
#3141=VECTOR('',#11598,0.393700787401575);
#3142=VECTOR('',#11601,0.393700787401575);
#3143=VECTOR('',#11604,0.393700787401575);
#3144=VECTOR('',#11607,0.393700787401575);
#3145=VECTOR('',#11610,0.393700787401575);
#3146=VECTOR('',#11611,0.393700787401575);
#3147=VECTOR('',#11612,0.393700787401575);
#3148=VECTOR('',#11613,0.393700787401575);
#3149=VECTOR('',#11614,0.393700787401575);
#3150=VECTOR('',#11617,0.393700787401575);
#3151=VECTOR('',#11620,0.393700787401575);
#3152=VECTOR('',#11623,0.393700787401575);
#3153=VECTOR('',#11626,0.393700787401575);
#3154=VECTOR('',#11629,0.393700787401575);
#3155=VECTOR('',#11632,0.393700787401575);
#3156=VECTOR('',#11633,0.393700787401575);
#3157=VECTOR('',#11634,0.393700787401575);
#3158=VECTOR('',#11635,0.393700787401575);
#3159=VECTOR('',#11636,0.393700787401575);
#3160=VECTOR('',#11639,0.393700787401575);
#3161=VECTOR('',#11642,0.393700787401575);
#3162=VECTOR('',#11645,0.393700787401575);
#3163=VECTOR('',#11648,0.393700787401575);
#3164=VECTOR('',#11651,0.393700787401575);
#3165=VECTOR('',#11654,0.393700787401575);
#3166=VECTOR('',#11655,0.393700787401575);
#3167=VECTOR('',#11656,0.393700787401575);
#3168=VECTOR('',#11657,0.393700787401575);
#3169=VECTOR('',#11658,0.393700787401575);
#3170=VECTOR('',#11677,0.393700787401575);
#3171=VECTOR('',#11678,0.393700787401575);
#3172=VECTOR('',#11679,0.393700787401575);
#3173=VECTOR('',#11680,0.393700787401575);
#3174=VECTOR('',#11681,0.393700787401575);
#3175=VECTOR('',#11682,0.393700787401575);
#3176=VECTOR('',#11683,0.393700787401575);
#3177=VECTOR('',#11684,0.393700787401575);
#3178=VECTOR('',#11685,0.393700787401575);
#3179=VECTOR('',#11686,0.393700787401575);
#3180=VECTOR('',#11687,0.393700787401575);
#3181=VECTOR('',#11688,0.393700787401575);
#3182=VECTOR('',#11689,0.393700787401575);
#3183=VECTOR('',#11690,0.393700787401575);
#3184=VECTOR('',#11691,0.393700787401575);
#3185=VECTOR('',#11692,0.393700787401575);
#3186=VECTOR('',#11693,0.393700787401575);
#3187=VECTOR('',#11694,0.393700787401575);
#3188=VECTOR('',#11695,0.393700787401575);
#3189=VECTOR('',#11698,0.393700787401575);
#3190=VECTOR('',#11701,0.393700787401575);
#3191=VECTOR('',#11704,0.393700787401575);
#3192=VECTOR('',#11709,0.393700787401575);
#3193=VECTOR('',#11714,0.393700787401575);
#3194=VECTOR('',#11717,0.393700787401575);
#3195=VECTOR('',#11720,0.393700787401575);
#3196=VECTOR('',#11723,0.393700787401575);
#3197=VECTOR('',#11728,0.393700787401575);
#3198=VECTOR('',#11733,0.393700787401575);
#3199=VECTOR('',#11736,0.393700787401575);
#3200=VECTOR('',#11739,0.393700787401575);
#3201=VECTOR('',#11742,0.393700787401575);
#3202=VECTOR('',#11747,0.393700787401575);
#3203=VECTOR('',#11752,0.393700787401575);
#3204=VECTOR('',#11755,0.393700787401575);
#3205=VECTOR('',#11758,0.393700787401575);
#3206=VECTOR('',#11761,0.393700787401575);
#3207=VECTOR('',#11766,0.393700787401575);
#3208=VECTOR('',#11771,0.393700787401575);
#3209=VECTOR('',#11776,0.393700787401575);
#3210=VECTOR('',#11779,0.393700787401575);
#3211=VECTOR('',#11780,0.393700787401575);
#3212=VECTOR('',#11783,0.393700787401575);
#3213=VECTOR('',#11788,0.393700787401575);
#3214=VECTOR('',#11789,0.393700787401575);
#3215=VECTOR('',#11794,0.393700787401575);
#3216=VECTOR('',#11799,0.393700787401575);
#3217=VECTOR('',#11804,0.393700787401575);
#3218=VECTOR('',#11807,0.393700787401575);
#3219=VECTOR('',#11808,0.393700787401575);
#3220=VECTOR('',#11809,0.393700787401575);
#3221=VECTOR('',#11812,0.393700787401575);
#3222=VECTOR('',#11817,0.393700787401575);
#3223=VECTOR('',#11818,0.393700787401575);
#3224=VECTOR('',#11819,0.393700787401575);
#3225=VECTOR('',#11826,0.393700787401575);
#3226=VECTOR('',#11829,0.393700787401575);
#3227=VECTOR('',#11838,0.393700787401575);
#3228=VECTOR('',#11841,0.393700787401575);
#3229=VECTOR('',#11844,0.393700787401575);
#3230=VECTOR('',#11847,0.393700787401575);
#3231=VECTOR('',#11848,0.393700787401575);
#3232=VECTOR('',#11851,0.393700787401575);
#3233=VECTOR('',#11856,0.393700787401575);
#3234=VECTOR('',#11863,0.393700787401575);
#3235=VECTOR('',#11866,0.393700787401575);
#3236=VECTOR('',#11871,0.393700787401575);
#3237=VECTOR('',#11878,0.393700787401575);
#3238=VECTOR('',#11879,0.393700787401575);
#3239=VECTOR('',#11882,0.393700787401575);
#3240=VECTOR('',#11883,0.393700787401575);
#3241=VECTOR('',#11886,0.393700787401575);
#3242=VECTOR('',#11891,0.393700787401575);
#3243=VECTOR('',#11896,0.393700787401575);
#3244=VECTOR('',#11901,0.393700787401575);
#3245=VECTOR('',#11904,0.393700787401575);
#3246=VECTOR('',#11909,0.393700787401575);
#3247=VECTOR('',#11910,0.393700787401575);
#3248=VECTOR('',#11913,0.393700787401575);
#3249=VECTOR('',#11914,0.393700787401575);
#3250=VECTOR('',#11917,0.393700787401575);
#3251=VECTOR('',#11922,0.393700787401575);
#3252=VECTOR('',#11927,0.393700787401575);
#3253=VECTOR('',#11932,0.393700787401575);
#3254=VECTOR('',#11935,0.393700787401575);
#3255=VECTOR('',#11940,0.045);
#3256=VECTOR('',#11945,0.045);
#3257=VECTOR('',#11948,0.045);
#3258=VECTOR('',#11953,0.045);
#3259=VECTOR('',#11958,0.045);
#3260=VECTOR('',#11961,0.393700787401575);
#3261=VECTOR('',#11964,0.393700787401575);
#3262=VECTOR('',#11975,0.393700787401575);
#3263=VECTOR('',#11976,0.393700787401575);
#3264=VECTOR('',#11977,0.393700787401575);
#3265=VECTOR('',#11978,0.393700787401575);
#3266=VECTOR('',#11979,0.393700787401575);
#3267=VECTOR('',#11980,0.393700787401575);
#3268=VECTOR('',#11983,0.393700787401575);
#3269=VECTOR('',#11988,0.393700787401575);
#3270=VECTOR('',#11989,0.393700787401575);
#3271=VECTOR('',#11994,0.393700787401575);
#3272=VECTOR('',#11999,0.393700787401575);
#3273=VECTOR('',#12004,0.393700787401575);
#3274=VECTOR('',#12017,0.393700787401575);
#3275=VECTOR('',#12018,0.393700787401575);
#3276=VECTOR('',#12023,0.393700787401575);
#3277=VECTOR('',#12032,0.0225);
#3278=VECTOR('',#12037,0.045);
#3279=VECTOR('',#12042,0.0225);
#3280=VECTOR('',#12047,0.045);
#3281=VECTOR('',#12052,0.0225);
#3282=VECTOR('',#12057,0.045);
#3283=VECTOR('',#12062,0.0225);
#3284=VECTOR('',#12067,0.045);
#3285=VECTOR('',#12072,0.0225);
#3286=VECTOR('',#12077,0.045);
#3287=VECTOR('',#12080,0.09);
#3288=VECTOR('',#12085,0.065);
#3289=VECTOR('',#12088,0.09);
#3290=VECTOR('',#12093,0.065);
#3291=VECTOR('',#12096,0.09);
#3292=VECTOR('',#12101,0.065);
#3293=VECTOR('',#12104,0.393700787401575);
#3294=VECTOR('',#12105,0.393700787401575);
#3295=VECTOR('',#12108,0.09);
#3296=VECTOR('',#12113,0.065);
#3297=VECTOR('',#12116,0.09);
#3298=VECTOR('',#12121,0.065);
#3299=VECTOR('',#12126,0.09);
#3300=VECTOR('',#12131,0.065);
#3301=VECTOR('',#12134,0.09);
#3302=VECTOR('',#12139,0.065);
#3303=VECTOR('',#12142,0.09);
#3304=VECTOR('',#12147,0.065);
#3305=VECTOR('',#12150,0.09);
#3306=VECTOR('',#12155,0.065);
#3307=VECTOR('',#12160,0.393700787401575);
#3308=VECTOR('',#12161,0.393700787401575);
#3309=VECTOR('',#12164,0.393700787401575);
#3310=VECTOR('',#12165,0.393700787401575);
#3311=VECTOR('',#12168,0.393700787401575);
#3312=VECTOR('',#12169,0.393700787401575);
#3313=VECTOR('',#12172,0.393700787401575);
#3314=VECTOR('',#12175,0.393700787401575);
#3315=VECTOR('',#12180,0.393700787401575);
#3316=VECTOR('',#12181,0.393700787401575);
#3317=VECTOR('',#12184,0.393700787401575);
#3318=VECTOR('',#12185,0.393700787401575);
#3319=VECTOR('',#12190,0.393700787401575);
#3320=VECTOR('',#12193,0.393700787401575);
#3321=VECTOR('',#12194,0.393700787401575);
#3322=VECTOR('',#12195,0.393700787401575);
#3323=VECTOR('',#12198,0.393700787401575);
#3324=VECTOR('',#12199,0.393700787401575);
#3325=VECTOR('',#12202,0.393700787401575);
#3326=VECTOR('',#12205,0.393700787401575);
#3327=VECTOR('',#12208,0.393700787401575);
#3328=VECTOR('',#12211,0.393700787401575);
#3329=VECTOR('',#12214,0.393700787401575);
#3330=VECTOR('',#12219,0.393700787401575);
#3331=VECTOR('',#12220,0.393700787401575);
#3332=VECTOR('',#12223,0.393700787401575);
#3333=VECTOR('',#12224,0.393700787401575);
#3334=VECTOR('',#12227,0.393700787401575);
#3335=VECTOR('',#12228,0.393700787401575);
#3336=VECTOR('',#12231,0.393700787401575);
#3337=VECTOR('',#12234,0.393700787401575);
#3338=VECTOR('',#12239,0.393700787401575);
#3339=VECTOR('',#12240,0.393700787401575);
#3340=VECTOR('',#12243,0.393700787401575);
#3341=VECTOR('',#12244,0.393700787401575);
#3342=VECTOR('',#12249,0.393700787401575);
#3343=VECTOR('',#12252,0.393700787401575);
#3344=VECTOR('',#12253,0.393700787401575);
#3345=VECTOR('',#12254,0.393700787401575);
#3346=VECTOR('',#12257,0.393700787401575);
#3347=VECTOR('',#12258,0.393700787401575);
#3348=VECTOR('',#12261,0.393700787401575);
#3349=VECTOR('',#12264,0.393700787401575);
#3350=VECTOR('',#12267,0.393700787401575);
#3351=VECTOR('',#12270,0.393700787401575);
#3352=VECTOR('',#12273,0.393700787401575);
#3353=VECTOR('',#12278,0.393700787401575);
#3354=VECTOR('',#12279,0.393700787401575);
#3355=VECTOR('',#12282,0.393700787401575);
#3356=VECTOR('',#12283,0.393700787401575);
#3357=VECTOR('',#12286,0.393700787401575);
#3358=VECTOR('',#12287,0.393700787401575);
#3359=VECTOR('',#12290,0.393700787401575);
#3360=VECTOR('',#12293,0.393700787401575);
#3361=VECTOR('',#12298,0.393700787401575);
#3362=VECTOR('',#12299,0.393700787401575);
#3363=VECTOR('',#12302,0.393700787401575);
#3364=VECTOR('',#12303,0.393700787401575);
#3365=VECTOR('',#12308,0.393700787401575);
#3366=VECTOR('',#12311,0.393700787401575);
#3367=VECTOR('',#12312,0.393700787401575);
#3368=VECTOR('',#12313,0.393700787401575);
#3369=VECTOR('',#12316,0.393700787401575);
#3370=VECTOR('',#12317,0.393700787401575);
#3371=VECTOR('',#12320,0.393700787401575);
#3372=VECTOR('',#12323,0.393700787401575);
#3373=VECTOR('',#12326,0.393700787401575);
#3374=VECTOR('',#12329,0.393700787401575);
#3375=VECTOR('',#12332,0.393700787401575);
#3376=VECTOR('',#12335,0.393700787401575);
#3377=VECTOR('',#12336,0.393700787401575);
#3378=VECTOR('',#12339,0.393700787401575);
#3379=VECTOR('',#12342,0.393700787401575);
#3380=VECTOR('',#12343,0.393700787401575);
#3381=VECTOR('',#12346,0.393700787401575);
#3382=VECTOR('',#12349,0.393700787401575);
#3383=VECTOR('',#12350,0.393700787401575);
#3384=VECTOR('',#12353,0.393700787401575);
#3385=VECTOR('',#12370,0.393700787401575);
#3386=VECTOR('',#12371,0.393700787401575);
#3387=VECTOR('',#12374,0.393700787401575);
#3388=VECTOR('',#12375,0.393700787401575);
#3389=VECTOR('',#12378,0.393700787401575);
#3390=VECTOR('',#12379,0.393700787401575);
#3391=VECTOR('',#12382,0.393700787401575);
#3392=VECTOR('',#12385,0.393700787401575);
#3393=VECTOR('',#12390,0.393700787401575);
#3394=VECTOR('',#12391,0.393700787401575);
#3395=VECTOR('',#12394,0.393700787401575);
#3396=VECTOR('',#12395,0.393700787401575);
#3397=VECTOR('',#12400,0.393700787401575);
#3398=VECTOR('',#12403,0.393700787401575);
#3399=VECTOR('',#12404,0.393700787401575);
#3400=VECTOR('',#12405,0.393700787401575);
#3401=VECTOR('',#12408,0.393700787401575);
#3402=VECTOR('',#12409,0.393700787401575);
#3403=VECTOR('',#12412,0.393700787401575);
#3404=VECTOR('',#12415,0.393700787401575);
#3405=VECTOR('',#12418,0.393700787401575);
#3406=VECTOR('',#12421,0.393700787401575);
#3407=VECTOR('',#12424,0.393700787401575);
#3408=VECTOR('',#12427,0.393700787401575);
#3409=VECTOR('',#12428,0.393700787401575);
#3410=VECTOR('',#12431,0.393700787401575);
#3411=VECTOR('',#12442,0.0225);
#3412=VECTOR('',#12447,0.045);
#3413=VECTOR('',#12452,0.0225);
#3414=VECTOR('',#12457,0.045);
#3415=VECTOR('',#12462,0.0225);
#3416=VECTOR('',#12467,0.045);
#3417=VECTOR('',#12472,0.0225);
#3418=VECTOR('',#12477,0.045);
#3419=VECTOR('',#12482,0.0225);
#3420=VECTOR('',#12487,0.045);
#3421=VECTOR('',#12492,0.0225);
#3422=VECTOR('',#12497,0.045);
#3423=VECTOR('',#12502,0.393700787401575);
#3424=VECTOR('',#12505,0.393700787401575);
#3425=VECTOR('',#12508,0.393700787401575);
#3426=VECTOR('',#12511,0.393700787401575);
#3427=VECTOR('',#12514,0.393700787401575);
#3428=VECTOR('',#12517,0.393700787401575);
#3429=VECTOR('',#12528,0.393700787401575);
#3430=VECTOR('',#12529,0.393700787401575);
#3431=VECTOR('',#12534,0.393700787401575);
#3432=VECTOR('',#12539,0.393700787401575);
#3433=VECTOR('',#12540,0.393700787401575);
#3434=VECTOR('',#12543,0.393700787401575);
#3435=VECTOR('',#12544,0.393700787401575);
#3436=VECTOR('',#12549,0.393700787401575);
#3437=VECTOR('',#12552,0.1);
#3438=VECTOR('',#12557,0.1);
#3439=VECTOR('',#12562,0.1);
#3440=VECTOR('',#12567,0.1);
#3441=VECTOR('',#12572,0.393700787401575);
#3442=VECTOR('',#12575,0.393700787401575);
#3443=VECTOR('',#12582,0.0225);
#3444=VECTOR('',#12587,0.045);
#3445=VECTOR('',#12592,0.0225);
#3446=VECTOR('',#12597,0.045);
#3447=VECTOR('',#12602,0.0225);
#3448=VECTOR('',#12607,0.045);
#3449=VECTOR('',#12612,0.0225);
#3450=VECTOR('',#12617,0.045);
#3451=VECTOR('',#12622,0.0225);
#3452=VECTOR('',#12627,0.045);
#3453=VECTOR('',#12632,0.0225);
#3454=VECTOR('',#12637,0.045);
#3455=VECTOR('',#12642,0.045);
#3456=VECTOR('',#12649,0.045);
#3457=VECTOR('',#12656,0.045);
#3458=VECTOR('',#12663,0.045);
#3459=VECTOR('',#12670,1.14173228346457);
#3460=VECTOR('',#12675,0.393700787401575);
#3461=VECTOR('',#12676,0.393700787401575);
#3462=VECTOR('',#12677,0.393700787401575);
#3463=VECTOR('',#12678,0.393700787401575);
#3464=VECTOR('',#12681,0.393700787401575);
#3465=VECTOR('',#12682,0.393700787401575);
#3466=VECTOR('',#12683,0.393700787401575);
#3467=VECTOR('',#12686,0.393700787401575);
#3468=VECTOR('',#12687,0.393700787401575);
#3469=VECTOR('',#12688,0.393700787401575);
#3470=VECTOR('',#12691,0.393700787401575);
#3471=VECTOR('',#12692,0.393700787401575);
#3472=VECTOR('',#12701,0.045);
#3473=VECTOR('',#12704,0.393700787401575);
#3474=VECTOR('',#12707,0.393700787401575);
#3475=VECTOR('',#12716,0.045);
#3476=VECTOR('',#12719,0.393700787401575);
#3477=VECTOR('',#12722,0.393700787401575);
#3478=VECTOR('',#12731,0.045);
#3479=VECTOR('',#12734,0.393700787401575);
#3480=VECTOR('',#12737,0.393700787401575);
#3481=VECTOR('',#12744,0.393700787401575);
#3482=VECTOR('',#12745,0.393700787401575);
#3483=VECTOR('',#12746,0.393700787401575);
#3484=VECTOR('',#12747,0.393700787401575);
#3485=VECTOR('',#12748,0.393700787401575);
#3486=VECTOR('',#12749,0.393700787401575);
#3487=VECTOR('',#12752,0.393700787401575);
#3488=VECTOR('',#12753,0.393700787401575);
#3489=VECTOR('',#12754,0.393700787401575);
#3490=VECTOR('',#12755,0.393700787401575);
#3491=VECTOR('',#12756,0.393700787401575);
#3492=VECTOR('',#12765,0.045);
#3493=VECTOR('',#12768,0.393700787401575);
#3494=VECTOR('',#12769,0.393700787401575);
#3495=VECTOR('',#12780,0.045);
#3496=VECTOR('',#12783,0.393700787401575);
#3497=VECTOR('',#12784,0.393700787401575);
#3498=VECTOR('',#12795,0.045);
#3499=VECTOR('',#12798,0.393700787401575);
#3500=VECTOR('',#12799,0.393700787401575);
#3501=VECTOR('',#12806,0.393700787401575);
#3502=VECTOR('',#12809,0.393700787401575);
#3503=VECTOR('',#12812,0.393700787401575);
#3504=VECTOR('',#12817,0.393700787401575);
#3505=VECTOR('',#12820,0.393700787401575);
#3506=VECTOR('',#12821,0.393700787401575);
#3507=VECTOR('',#12824,0.393700787401575);
#3508=VECTOR('',#12827,0.393700787401575);
#3509=VECTOR('',#12830,0.393700787401575);
#3510=VECTOR('',#12833,0.393700787401575);
#3511=VECTOR('',#12834,0.393700787401575);
#3512=VECTOR('',#12835,0.393700787401575);
#3513=VECTOR('',#12838,0.393700787401575);
#3514=VECTOR('',#12843,0.393700787401575);
#3515=VECTOR('',#12846,0.393700787401575);
#3516=VECTOR('',#12849,0.393700787401575);
#3517=VECTOR('',#12852,0.393700787401575);
#3518=VECTOR('',#12853,0.393700787401575);
#3519=VECTOR('',#12854,0.393700787401575);
#3520=VECTOR('',#12855,0.393700787401575);
#3521=VECTOR('',#12856,0.393700787401575);
#3522=VECTOR('',#12857,0.393700787401575);
#3523=VECTOR('',#12858,0.393700787401575);
#3524=VECTOR('',#12859,0.393700787401575);
#3525=VECTOR('',#12860,0.393700787401575);
#3526=VECTOR('',#12861,0.393700787401575);
#3527=VECTOR('',#12864,0.393700787401575);
#3528=VECTOR('',#12867,0.393700787401575);
#3529=VECTOR('',#12870,0.393700787401575);
#3530=VECTOR('',#12873,0.393700787401575);
#3531=VECTOR('',#12874,0.393700787401575);
#3532=VECTOR('',#12875,0.393700787401575);
#3533=VECTOR('',#12876,0.393700787401575);
#3534=VECTOR('',#12877,0.393700787401575);
#3535=VECTOR('',#12878,0.393700787401575);
#3536=VECTOR('',#12879,0.393700787401575);
#3537=VECTOR('',#12880,0.393700787401575);
#3538=VECTOR('',#12881,0.393700787401575);
#3539=VECTOR('',#12882,0.393700787401575);
#3540=VECTOR('',#12883,0.393700787401575);
#3541=VECTOR('',#12884,0.393700787401575);
#3542=VECTOR('',#12885,0.393700787401575);
#3543=VECTOR('',#12886,0.393700787401575);
#3544=VECTOR('',#12887,0.393700787401575);
#3545=VECTOR('',#12888,0.393700787401575);
#3546=VECTOR('',#12889,0.393700787401575);
#3547=VECTOR('',#12890,0.393700787401575);
#3548=VECTOR('',#12891,0.393700787401575);
#3549=VECTOR('',#12896,0.393700787401575);
#3550=VECTOR('',#12901,0.393700787401575);
#3551=VECTOR('',#12906,0.393700787401575);
#3552=VECTOR('',#12909,0.393700787401575);
#3553=VECTOR('',#12914,0.393700787401575);
#3554=VECTOR('',#12917,0.393700787401575);
#3555=VECTOR('',#12922,0.393700787401575);
#3556=VECTOR('',#12927,0.393700787401575);
#3557=VECTOR('',#12932,0.393700787401575);
#3558=VECTOR('',#12935,0.393700787401575);
#3559=VECTOR('',#12940,0.393700787401575);
#3560=VECTOR('',#12943,0.393700787401575);
#3561=VECTOR('',#12948,0.393700787401575);
#3562=VECTOR('',#12953,0.393700787401575);
#3563=VECTOR('',#12958,0.393700787401575);
#3564=VECTOR('',#12961,0.393700787401575);
#3565=VECTOR('',#12966,0.393700787401575);
#3566=VECTOR('',#12969,0.393700787401575);
#3567=VECTOR('',#12974,0.393700787401575);
#3568=VECTOR('',#12979,0.393700787401575);
#3569=VECTOR('',#12984,0.393700787401575);
#3570=VECTOR('',#12987,0.393700787401575);
#3571=VECTOR('',#12992,0.393700787401575);
#3572=VECTOR('',#12995,0.393700787401575);
#3573=VECTOR('',#13000,0.393700787401575);
#3574=VECTOR('',#13005,0.393700787401575);
#3575=VECTOR('',#13010,0.393700787401575);
#3576=VECTOR('',#13013,0.393700787401575);
#3577=VECTOR('',#13018,0.393700787401575);
#3578=VECTOR('',#13021,0.393700787401575);
#3579=VECTOR('',#13026,0.393700787401575);
#3580=VECTOR('',#13031,0.393700787401575);
#3581=VECTOR('',#13034,0.393700787401575);
#3582=VECTOR('',#13039,0.393700787401575);
#3583=VECTOR('',#13044,0.393700787401575);
#3584=VECTOR('',#13049,0.393700787401575);
#3585=VECTOR('',#13052,0.393700787401575);
#3586=VECTOR('',#13057,0.393700787401575);
#3587=VECTOR('',#13062,0.393700787401575);
#3588=VECTOR('',#13065,0.393700787401575);
#3589=VECTOR('',#13070,0.393700787401575);
#3590=VECTOR('',#13075,0.393700787401575);
#3591=VECTOR('',#13078,0.393700787401575);
#3592=VECTOR('',#13083,0.393700787401575);
#3593=VECTOR('',#13088,0.393700787401575);
#3594=VECTOR('',#13091,0.393700787401575);
#3595=VECTOR('',#13098,0.393700787401575);
#3596=VECTOR('',#13101,0.393700787401575);
#3597=VECTOR('',#13104,0.393700787401575);
#3598=VECTOR('',#13107,0.393700787401575);
#3599=VECTOR('',#13108,0.393700787401575);
#3600=VECTOR('',#13111,0.393700787401575);
#3601=VECTOR('',#13114,0.393700787401575);
#3602=VECTOR('',#13117,0.393700787401575);
#3603=VECTOR('',#13118,0.393700787401575);
#3604=VECTOR('',#13121,0.393700787401575);
#3605=VECTOR('',#13124,0.393700787401575);
#3606=VECTOR('',#13127,0.393700787401575);
#3607=VECTOR('',#13128,0.393700787401575);
#3608=VECTOR('',#13131,0.393700787401575);
#3609=VECTOR('',#13136,0.393700787401575);
#3610=VECTOR('',#13141,0.393700787401575);
#3611=VECTOR('',#13144,0.393700787401575);
#3612=VECTOR('',#13147,0.393700787401575);
#3613=VECTOR('',#13148,0.393700787401575);
#3614=VECTOR('',#13151,0.393700787401575);
#3615=VECTOR('',#13156,0.393700787401575);
#3616=VECTOR('',#13159,0.393700787401575);
#3617=VECTOR('',#13162,0.393700787401575);
#3618=VECTOR('',#13163,0.393700787401575);
#3619=VECTOR('',#13166,0.393700787401575);
#3620=VECTOR('',#13171,0.393700787401575);
#3621=VECTOR('',#13174,0.393700787401575);
#3622=VECTOR('',#13177,0.393700787401575);
#3623=VECTOR('',#13178,0.393700787401575);
#3624=VECTOR('',#13181,0.393700787401575);
#3625=VECTOR('',#13182,0.393700787401575);
#3626=VECTOR('',#13183,0.393700787401575);
#3627=VECTOR('',#13186,0.393700787401575);
#3628=VECTOR('',#13191,0.393700787401575);
#3629=VECTOR('',#13194,0.393700787401575);
#3630=VECTOR('',#13197,0.393700787401575);
#3631=VECTOR('',#13198,0.393700787401575);
#3632=VECTOR('',#13201,0.393700787401575);
#3633=VECTOR('',#13204,0.393700787401575);
#3634=VECTOR('',#13207,0.393700787401575);
#3635=VECTOR('',#13208,0.393700787401575);
#3636=VECTOR('',#13211,0.393700787401575);
#3637=VECTOR('',#13216,0.393700787401575);
#3638=VECTOR('',#13221,0.393700787401575);
#3639=VECTOR('',#13226,0.393700787401575);
#3640=VECTOR('',#13229,0.393700787401575);
#3641=VECTOR('',#13232,0.393700787401575);
#3642=VECTOR('',#13233,0.393700787401575);
#3643=VECTOR('',#13236,0.393700787401575);
#3644=VECTOR('',#13239,0.393700787401575);
#3645=VECTOR('',#13242,0.393700787401575);
#3646=VECTOR('',#13243,0.393700787401575);
#3647=VECTOR('',#13246,0.393700787401575);
#3648=VECTOR('',#13251,0.393700787401575);
#3649=VECTOR('',#13256,0.393700787401575);
#3650=VECTOR('',#13259,0.393700787401575);
#3651=VECTOR('',#13262,0.393700787401575);
#3652=VECTOR('',#13263,0.393700787401575);
#3653=VECTOR('',#13266,0.393700787401575);
#3654=VECTOR('',#13269,0.393700787401575);
#3655=VECTOR('',#13272,0.393700787401575);
#3656=VECTOR('',#13273,0.393700787401575);
#3657=VECTOR('',#13276,0.393700787401575);
#3658=VECTOR('',#13281,0.393700787401575);
#3659=VECTOR('',#13286,0.393700787401575);
#3660=VECTOR('',#13289,0.393700787401575);
#3661=VECTOR('',#13292,0.393700787401575);
#3662=VECTOR('',#13293,0.393700787401575);
#3663=VECTOR('',#13296,0.393700787401575);
#3664=VECTOR('',#13299,0.393700787401575);
#3665=VECTOR('',#13302,0.393700787401575);
#3666=VECTOR('',#13303,0.393700787401575);
#3667=VECTOR('',#13306,0.393700787401575);
#3668=VECTOR('',#13311,0.393700787401575);
#3669=VECTOR('',#13316,0.393700787401575);
#3670=VECTOR('',#13319,0.393700787401575);
#3671=VECTOR('',#13322,0.393700787401575);
#3672=VECTOR('',#13323,0.393700787401575);
#3673=VECTOR('',#13326,0.393700787401575);
#3674=VECTOR('',#13329,0.393700787401575);
#3675=VECTOR('',#13332,0.393700787401575);
#3676=VECTOR('',#13333,0.393700787401575);
#3677=VECTOR('',#13336,0.393700787401575);
#3678=VECTOR('',#13341,0.393700787401575);
#3679=VECTOR('',#13346,0.393700787401575);
#3680=VECTOR('',#13347,0.393700787401575);
#3681=VECTOR('',#13348,0.393700787401575);
#3682=VECTOR('',#13351,0.393700787401575);
#3683=VECTOR('',#13356,0.393700787401575);
#3684=VECTOR('',#13359,0.393700787401575);
#3685=VECTOR('',#13362,0.393700787401575);
#3686=VECTOR('',#13365,0.393700787401575);
#3687=VECTOR('',#13368,0.393700787401575);
#3688=VECTOR('',#13371,0.393700787401575);
#3689=VECTOR('',#13374,0.393700787401575);
#3690=VECTOR('',#13377,0.393700787401575);
#3691=VECTOR('',#13380,0.393700787401575);
#3692=VECTOR('',#13381,0.393700787401575);
#3693=VECTOR('',#13388,0.393700787401575);
#3694=VECTOR('',#13391,0.393700787401575);
#3695=VECTOR('',#13394,0.393700787401575);
#3696=VECTOR('',#13397,0.393700787401575);
#3697=VECTOR('',#13400,0.393700787401575);
#3698=VECTOR('',#13403,0.393700787401575);
#3699=VECTOR('',#13406,0.393700787401575);
#3700=VECTOR('',#13409,0.393700787401575);
#3701=VECTOR('',#13410,0.393700787401575);
#3702=VECTOR('',#13417,0.393700787401575);
#3703=VECTOR('',#13422,0.393700787401575);
#3704=VECTOR('',#13425,0.393700787401575);
#3705=VECTOR('',#13428,0.393700787401575);
#3706=VECTOR('',#13433,0.393700787401575);
#3707=VECTOR('',#13434,0.393700787401575);
#3708=VECTOR('',#13437,0.393700787401575);
#3709=VECTOR('',#13440,0.393700787401575);
#3710=VECTOR('',#13443,0.393700787401575);
#3711=VECTOR('',#13444,0.393700787401575);
#3712=VECTOR('',#13445,0.393700787401575);
#3713=VECTOR('',#13448,0.393700787401575);
#3714=VECTOR('',#13453,0.393700787401575);
#3715=VECTOR('',#13454,0.393700787401575);
#3716=VECTOR('',#13457,0.393700787401575);
#3717=VECTOR('',#13458,0.393700787401575);
#3718=VECTOR('',#13459,0.393700787401575);
#3719=VECTOR('',#13460,0.393700787401575);
#3720=VECTOR('',#13461,0.393700787401575);
#3721=VECTOR('',#13464,0.393700787401575);
#3722=VECTOR('',#13465,0.393700787401575);
#3723=VECTOR('',#13468,0.393700787401575);
#3724=VECTOR('',#13475,0.393700787401575);
#3725=VECTOR('',#13476,0.393700787401575);
#3726=VECTOR('',#13479,0.393700787401575);
#3727=VECTOR('',#13480,0.393700787401575);
#3728=VECTOR('',#13483,0.393700787401575);
#3729=VECTOR('',#13484,0.393700787401575);
#3730=VECTOR('',#13487,0.393700787401575);
#3731=VECTOR('',#13490,0.393700787401575);
#3732=VECTOR('',#13493,0.393700787401575);
#3733=VECTOR('',#13502,0.393700787401575);
#3734=VECTOR('',#13505,0.393700787401575);
#3735=VECTOR('',#13506,0.393700787401575);
#3736=VECTOR('',#13509,0.393700787401575);
#3737=VECTOR('',#13512,0.393700787401575);
#3738=VECTOR('',#13515,0.393700787401575);
#3739=VECTOR('',#13522,0.393700787401575);
#3740=VECTOR('',#13523,0.393700787401575);
#3741=VECTOR('',#13526,0.393700787401575);
#3742=VECTOR('',#13527,0.393700787401575);
#3743=VECTOR('',#13532,0.393700787401575);
#3744=VECTOR('',#13533,0.393700787401575);
#3745=VECTOR('',#13536,0.393700787401575);
#3746=VECTOR('',#13539,0.393700787401575);
#3747=VECTOR('',#13542,0.393700787401575);
#3748=VECTOR('',#13545,0.393700787401575);
#3749=VECTOR('',#13546,0.393700787401575);
#3750=VECTOR('',#13551,0.393700787401575);
#3751=VECTOR('',#13554,0.393700787401575);
#3752=VECTOR('',#13555,0.393700787401575);
#3753=VECTOR('',#13558,0.393700787401575);
#3754=VECTOR('',#13559,0.393700787401575);
#3755=VECTOR('',#13560,0.393700787401575);
#3756=VECTOR('',#13563,0.393700787401575);
#3757=VECTOR('',#13564,0.393700787401575);
#3758=VECTOR('',#13567,0.393700787401575);
#3759=VECTOR('',#13568,0.393700787401575);
#3760=VECTOR('',#13571,0.393700787401575);
#3761=VECTOR('',#13574,0.393700787401575);
#3762=VECTOR('',#13577,0.393700787401575);
#3763=VECTOR('',#13578,0.393700787401575);
#3764=VECTOR('',#13581,0.393700787401575);
#3765=VECTOR('',#13582,0.393700787401575);
#3766=VECTOR('',#13585,0.393700787401575);
#3767=VECTOR('',#13588,0.393700787401575);
#3768=VECTOR('',#13589,0.393700787401575);
#3769=VECTOR('',#13590,0.393700787401575);
#3770=VECTOR('',#13593,0.393700787401575);
#3771=VECTOR('',#13598,0.393700787401575);
#3772=B_SPLINE_CURVE_WITH_KNOTS('',3,(#13607,#13608,#13609,#13610,#13611,
#13612,#13613,#13614,#13615,#13616,#13617,#13618,#13619,#13620,#13621,#13622,
#13623,#13624,#13625,#13626,#13627,#13628),.UNSPECIFIED.,.F.,.F.,(4,2,2,
2,2,2,2,2,2,2,4),(0.152258555158232,0.172869947161456,0.21657152797916,
0.260273108796863,0.303666352082331,0.347059595367798,0.390452838653266,
0.433846081938733,0.477547662756436,0.52124924357414,0.541860635577365),
 .UNSPECIFIED.);
#3773=B_SPLINE_CURVE_WITH_KNOTS('',3,(#13632,#13633,#13634,#13635),
 .UNSPECIFIED.,.F.,.F.,(4,4),(0.576903647783492,0.617425236021736),
 .UNSPECIFIED.);
#3774=B_SPLINE_CURVE_WITH_KNOTS('',3,(#13643,#13644,#13645,#13646),
 .UNSPECIFIED.,.F.,.F.,(4,4),(4.2216613889008,4.24074874849095),
 .UNSPECIFIED.);
#3775=B_SPLINE_CURVE_WITH_KNOTS('',3,(#13850,#13851,#13852,#13853,#13854,
#13855,#13856,#13857,#13858,#13859,#13860,#13861,#13862,#13863,#13864,#13865,
#13866,#13867,#13868,#13869,#13870,#13871),.UNSPECIFIED.,.F.,.F.,(4,2,2,
2,2,2,2,2,2,2,4),(0.152258555158233,0.172869947161456,0.21657152797916,
0.260273108796863,0.303666352082331,0.347059595367798,0.390452838653266,
0.433846081938733,0.477547662756437,0.521249243574141,0.541860635577367),
 .UNSPECIFIED.);
#3776=B_SPLINE_CURVE_WITH_KNOTS('',3,(#13875,#13876,#13877,#13878),
 .UNSPECIFIED.,.F.,.F.,(4,4),(0.576903647783491,0.597094644652368),
 .UNSPECIFIED.);
#3777=B_SPLINE_CURVE_WITH_KNOTS('',3,(#13883,#13884,#13885,#13886),
 .UNSPECIFIED.,.F.,.F.,(4,4),(4.22042005522751,4.23956761846139),
 .UNSPECIFIED.);
#3778=B_SPLINE_CURVE_WITH_KNOTS('',3,(#13891,#13892,#13893,#13894,#13895,
#13896,#13897,#13898,#13899,#13900,#13901,#13902,#13903,#13904,#13905,#13906,
#13907,#13908,#13909,#13910,#13911,#13912),.UNSPECIFIED.,.F.,.F.,(4,2,2,
2,2,2,2,2,2,2,4),(0.152258555158232,0.172869947161456,0.21657152797916,
0.260273108796863,0.303666352082331,0.347059595367798,0.390452838653266,
0.433846081938733,0.477547662756436,0.52124924357414,0.541860635577365),
 .UNSPECIFIED.);
#3779=B_SPLINE_CURVE_WITH_KNOTS('',3,(#13916,#13917,#13918,#13919),
 .UNSPECIFIED.,.F.,.F.,(4,4),(0.576903647783488,0.597094644652365),
 .UNSPECIFIED.);
#3780=B_SPLINE_CURVE_WITH_KNOTS('',3,(#13924,#13925,#13926,#13927),
 .UNSPECIFIED.,.F.,.F.,(4,4),(4.22042005522749,4.23956761846138),
 .UNSPECIFIED.);
#3781=B_SPLINE_CURVE_WITH_KNOTS('',3,(#13932,#13933,#13934,#13935,#13936,
#13937,#13938,#13939,#13940,#13941,#13942,#13943,#13944,#13945,#13946,#13947,
#13948,#13949,#13950,#13951,#13952,#13953),.UNSPECIFIED.,.F.,.F.,(4,2,2,
2,2,2,2,2,2,2,4),(0.152258555158233,0.172869947161457,0.216571527979161,
0.260273108796864,0.303666352082332,0.347059595367799,0.390452838653266,
0.433846081938734,0.477547662756437,0.521249243574141,0.541860635577365),
 .UNSPECIFIED.);
#3782=B_SPLINE_CURVE_WITH_KNOTS('',3,(#13957,#13958,#13959,#13960),
 .UNSPECIFIED.,.F.,.F.,(4,4),(0.399549625508799,0.491003329899892),
 .UNSPECIFIED.);
#3783=B_SPLINE_CURVE_WITH_KNOTS('',3,(#13965,#13966,#13967,#13968),
 .UNSPECIFIED.,.F.,.F.,(4,4),(3.4295262367073,3.5209799410984),
 .UNSPECIFIED.);
#3784=B_SPLINE_CURVE_WITH_KNOTS('',3,(#13973,#13974,#13975,#13976,#13977,
#13978,#13979,#13980,#13981,#13982,#13983,#13984,#13985,#13986,#13987,#13988,
#13989,#13990,#13991,#13992,#13993,#13994),.UNSPECIFIED.,.F.,.F.,(4,2,2,
2,2,2,2,2,2,2,4),(0.152258555158233,0.172869947161457,0.216571527979161,
0.260273108796864,0.303666352082332,0.347059595367799,0.390452838653266,
0.433846081938734,0.477547662756437,0.521249243574141,0.541860635577365),
 .UNSPECIFIED.);
#3785=B_SPLINE_CURVE_WITH_KNOTS('',3,(#13998,#13999,#14000,#14001),
 .UNSPECIFIED.,.F.,.F.,(4,4),(0.399549625508816,0.491003329899901),
 .UNSPECIFIED.);
#3786=B_SPLINE_CURVE_WITH_KNOTS('',3,(#14006,#14007,#14008,#14009),
 .UNSPECIFIED.,.F.,.F.,(4,4),(3.42952623670736,3.52097994109844),
 .UNSPECIFIED.);
#3787=B_SPLINE_CURVE_WITH_KNOTS('',3,(#14578,#14579,#14580,#14581,#14582,
#14583,#14584,#14585,#14586,#14587),.UNSPECIFIED.,.F.,.F.,(4,2,2,2,4),(0.346814447695242,
0.390148211710778,0.433481975726314,0.476711105898329,0.511037438637265),
 .UNSPECIFIED.);
#3788=B_SPLINE_CURVE_WITH_KNOTS('',3,(#14598,#14599,#14600,#14601,#14602,
#14603,#14604,#14605,#14606,#14607),.UNSPECIFIED.,.F.,.F.,(4,2,2,2,4),(0.182591456753218,
0.216917789492155,0.26014691966417,0.303480683679706,0.346814447695242),
 .UNSPECIFIED.);
#3789=B_SPLINE_CURVE_WITH_KNOTS('',3,(#14814,#14815,#14816,#14817,#14818,
#14819,#14820,#14821,#14822,#14823),.UNSPECIFIED.,.F.,.F.,(4,2,2,2,4),(0.346814447695242,
0.390148211710778,0.433481975726314,0.476711105898329,0.511037438637265),
 .UNSPECIFIED.);
#3790=B_SPLINE_CURVE_WITH_KNOTS('',3,(#14831,#14832,#14833,#14834,#14835,
#14836,#14837,#14838,#14839,#14840),.UNSPECIFIED.,.F.,.F.,(4,2,2,2,4),(0.182591456753217,
0.216917789492155,0.26014691966417,0.303480683679706,0.346814447695242),
 .UNSPECIFIED.);
#3791=B_SPLINE_CURVE_WITH_KNOTS('',3,(#14855,#14856,#14857,#14858,#14859,
#14860,#14861,#14862,#14863,#14864),.UNSPECIFIED.,.F.,.F.,(4,2,2,2,4),(0.346814447695242,
0.390148211710778,0.433481975726314,0.476711105898329,0.511037438637266),
 .UNSPECIFIED.);
#3792=B_SPLINE_CURVE_WITH_KNOTS('',3,(#14872,#14873,#14874,#14875,#14876,
#14877,#14878,#14879,#14880,#14881),.UNSPECIFIED.,.F.,.F.,(4,2,2,2,4),(0.182591456753217,
0.216917789492155,0.26014691966417,0.303480683679706,0.346814447695242),
 .UNSPECIFIED.);
#3793=B_SPLINE_CURVE_WITH_KNOTS('',3,(#14896,#14897,#14898,#14899,#14900,
#14901,#14902,#14903,#14904,#14905),.UNSPECIFIED.,.F.,.F.,(4,2,2,2,4),(0.346814447695241,
0.390148211710776,0.433481975726311,0.476711105898327,0.511037438637263),
 .UNSPECIFIED.);
#3794=B_SPLINE_CURVE_WITH_KNOTS('',3,(#14913,#14914,#14915,#14916,#14917,
#14918,#14919,#14920,#14921,#14922),.UNSPECIFIED.,.F.,.F.,(4,2,2,2,4),(0.182591456753219,
0.216917789492156,0.260146919664171,0.303480683679706,0.346814447695241),
 .UNSPECIFIED.);
#3795=B_SPLINE_CURVE_WITH_KNOTS('',3,(#14937,#14938,#14939,#14940,#14941,
#14942,#14943,#14944,#14945,#14946),.UNSPECIFIED.,.F.,.F.,(4,2,2,2,4),(0.346814447695241,
0.390148211710776,0.433481975726311,0.476711105898327,0.511037438637263),
 .UNSPECIFIED.);
#3796=B_SPLINE_CURVE_WITH_KNOTS('',3,(#14954,#14955,#14956,#14957,#14958,
#14959,#14960,#14961,#14962,#14963),.UNSPECIFIED.,.F.,.F.,(4,2,2,2,4),(0.182591456753219,
0.216917789492156,0.260146919664171,0.303480683679706,0.346814447695241),
 .UNSPECIFIED.);
#3797=VERTEX_POINT('',#13605);
#3798=VERTEX_POINT('',#13606);
#3799=VERTEX_POINT('',#13629);
#3800=VERTEX_POINT('',#13631);
#3801=VERTEX_POINT('',#13636);
#3802=VERTEX_POINT('',#13638);
#3803=VERTEX_POINT('',#13640);
#3804=VERTEX_POINT('',#13642);
#3805=VERTEX_POINT('',#13649);
#3806=VERTEX_POINT('',#13652);
#3807=VERTEX_POINT('',#13656);
#3808=VERTEX_POINT('',#13657);
#3809=VERTEX_POINT('',#13659);
#3810=VERTEX_POINT('',#13661);
#3811=VERTEX_POINT('',#13663);
#3812=VERTEX_POINT('',#13665);
#3813=VERTEX_POINT('',#13667);
#3814=VERTEX_POINT('',#13669);
#3815=VERTEX_POINT('',#13671);
#3816=VERTEX_POINT('',#13673);
#3817=VERTEX_POINT('',#13675);
#3818=VERTEX_POINT('',#13677);
#3819=VERTEX_POINT('',#13679);
#3820=VERTEX_POINT('',#13681);
#3821=VERTEX_POINT('',#13683);
#3822=VERTEX_POINT('',#13685);
#3823=VERTEX_POINT('',#13687);
#3824=VERTEX_POINT('',#13689);
#3825=VERTEX_POINT('',#13691);
#3826=VERTEX_POINT('',#13693);
#3827=VERTEX_POINT('',#13695);
#3828=VERTEX_POINT('',#13697);
#3829=VERTEX_POINT('',#13699);
#3830=VERTEX_POINT('',#13701);
#3831=VERTEX_POINT('',#13703);
#3832=VERTEX_POINT('',#13705);
#3833=VERTEX_POINT('',#13707);
#3834=VERTEX_POINT('',#13709);
#3835=VERTEX_POINT('',#13711);
#3836=VERTEX_POINT('',#13713);
#3837=VERTEX_POINT('',#13715);
#3838=VERTEX_POINT('',#13717);
#3839=VERTEX_POINT('',#13719);
#3840=VERTEX_POINT('',#13721);
#3841=VERTEX_POINT('',#13723);
#3842=VERTEX_POINT('',#13725);
#3843=VERTEX_POINT('',#13727);
#3844=VERTEX_POINT('',#13729);
#3845=VERTEX_POINT('',#13731);
#3846=VERTEX_POINT('',#13733);
#3847=VERTEX_POINT('',#13735);
#3848=VERTEX_POINT('',#13737);
#3849=VERTEX_POINT('',#13739);
#3850=VERTEX_POINT('',#13741);
#3851=VERTEX_POINT('',#13743);
#3852=VERTEX_POINT('',#13745);
#3853=VERTEX_POINT('',#13747);
#3854=VERTEX_POINT('',#13749);
#3855=VERTEX_POINT('',#13751);
#3856=VERTEX_POINT('',#13753);
#3857=VERTEX_POINT('',#13755);
#3858=VERTEX_POINT('',#13757);
#3859=VERTEX_POINT('',#13759);
#3860=VERTEX_POINT('',#13761);
#3861=VERTEX_POINT('',#13763);
#3862=VERTEX_POINT('',#13765);
#3863=VERTEX_POINT('',#13767);
#3864=VERTEX_POINT('',#13769);
#3865=VERTEX_POINT('',#13771);
#3866=VERTEX_POINT('',#13773);
#3867=VERTEX_POINT('',#13775);
#3868=VERTEX_POINT('',#13777);
#3869=VERTEX_POINT('',#13779);
#3870=VERTEX_POINT('',#13781);
#3871=VERTEX_POINT('',#13783);
#3872=VERTEX_POINT('',#13785);
#3873=VERTEX_POINT('',#13787);
#3874=VERTEX_POINT('',#13789);
#3875=VERTEX_POINT('',#13792);
#3876=VERTEX_POINT('',#13793);
#3877=VERTEX_POINT('',#13795);
#3878=VERTEX_POINT('',#13797);
#3879=VERTEX_POINT('',#13800);
#3880=VERTEX_POINT('',#13802);
#3881=VERTEX_POINT('',#13804);
#3882=VERTEX_POINT('',#13807);
#3883=VERTEX_POINT('',#13809);
#3884=VERTEX_POINT('',#13811);
#3885=VERTEX_POINT('',#13813);
#3886=VERTEX_POINT('',#13815);
#3887=VERTEX_POINT('',#13817);
#3888=VERTEX_POINT('',#13819);
#3889=VERTEX_POINT('',#13821);
#3890=VERTEX_POINT('',#13823);
#3891=VERTEX_POINT('',#13824);
#3892=VERTEX_POINT('',#13826);
#3893=VERTEX_POINT('',#13828);
#3894=VERTEX_POINT('',#13831);
#3895=VERTEX_POINT('',#13832);
#3896=VERTEX_POINT('',#13834);
#3897=VERTEX_POINT('',#13836);
#3898=VERTEX_POINT('',#13839);
#3899=VERTEX_POINT('',#13840);
#3900=VERTEX_POINT('',#13842);
#3901=VERTEX_POINT('',#13844);
#3902=VERTEX_POINT('',#13848);
#3903=VERTEX_POINT('',#13849);
#3904=VERTEX_POINT('',#13872);
#3905=VERTEX_POINT('',#13874);
#3906=VERTEX_POINT('',#13880);
#3907=VERTEX_POINT('',#13882);
#3908=VERTEX_POINT('',#13889);
#3909=VERTEX_POINT('',#13890);
#3910=VERTEX_POINT('',#13913);
#3911=VERTEX_POINT('',#13915);
#3912=VERTEX_POINT('',#13921);
#3913=VERTEX_POINT('',#13923);
#3914=VERTEX_POINT('',#13930);
#3915=VERTEX_POINT('',#13931);
#3916=VERTEX_POINT('',#13954);
#3917=VERTEX_POINT('',#13956);
#3918=VERTEX_POINT('',#13962);
#3919=VERTEX_POINT('',#13964);
#3920=VERTEX_POINT('',#13971);
#3921=VERTEX_POINT('',#13972);
#3922=VERTEX_POINT('',#13995);
#3923=VERTEX_POINT('',#13997);
#3924=VERTEX_POINT('',#14003);
#3925=VERTEX_POINT('',#14005);
#3926=VERTEX_POINT('',#14012);
#3927=VERTEX_POINT('',#14013);
#3928=VERTEX_POINT('',#14022);
#3929=VERTEX_POINT('',#14027);
#3930=VERTEX_POINT('',#14029);
#3931=VERTEX_POINT('',#14035);
#3932=VERTEX_POINT('',#14041);
#3933=VERTEX_POINT('',#14045);
#3934=VERTEX_POINT('',#14047);
#3935=VERTEX_POINT('',#14051);
#3936=VERTEX_POINT('',#14054);
#3937=VERTEX_POINT('',#14061);
#3938=VERTEX_POINT('',#14065);
#3939=VERTEX_POINT('',#14067);
#3940=VERTEX_POINT('',#14071);
#3941=VERTEX_POINT('',#14074);
#3942=VERTEX_POINT('',#14081);
#3943=VERTEX_POINT('',#14085);
#3944=VERTEX_POINT('',#14089);
#3945=VERTEX_POINT('',#14095);
#3946=VERTEX_POINT('',#14100);
#3947=VERTEX_POINT('',#14104);
#3948=VERTEX_POINT('',#14109);
#3949=VERTEX_POINT('',#14114);
#3950=VERTEX_POINT('',#14123);
#3951=VERTEX_POINT('',#14124);
#3952=VERTEX_POINT('',#14126);
#3953=VERTEX_POINT('',#14130);
#3954=VERTEX_POINT('',#14133);
#3955=VERTEX_POINT('',#14135);
#3956=VERTEX_POINT('',#14137);
#3957=VERTEX_POINT('',#14141);
#3958=VERTEX_POINT('',#14147);
#3959=VERTEX_POINT('',#14148);
#3960=VERTEX_POINT('',#14150);
#3961=VERTEX_POINT('',#14152);
#3962=VERTEX_POINT('',#14154);
#3963=VERTEX_POINT('',#14156);
#3964=VERTEX_POINT('',#14158);
#3965=VERTEX_POINT('',#14160);
#3966=VERTEX_POINT('',#14162);
#3967=VERTEX_POINT('',#14164);
#3968=VERTEX_POINT('',#14166);
#3969=VERTEX_POINT('',#14168);
#3970=VERTEX_POINT('',#14170);
#3971=VERTEX_POINT('',#14172);
#3972=VERTEX_POINT('',#14175);
#3973=VERTEX_POINT('',#14178);
#3974=VERTEX_POINT('',#14181);
#3975=VERTEX_POINT('',#14184);
#3976=VERTEX_POINT('',#14186);
#3977=VERTEX_POINT('',#14188);
#3978=VERTEX_POINT('',#14190);
#3979=VERTEX_POINT('',#14192);
#3980=VERTEX_POINT('',#14194);
#3981=VERTEX_POINT('',#14198);
#3982=VERTEX_POINT('',#14200);
#3983=VERTEX_POINT('',#14203);
#3984=VERTEX_POINT('',#14207);
#3985=VERTEX_POINT('',#14209);
#3986=VERTEX_POINT('',#14212);
#3987=VERTEX_POINT('',#14216);
#3988=VERTEX_POINT('',#14218);
#3989=VERTEX_POINT('',#14221);
#3990=VERTEX_POINT('',#14225);
#3991=VERTEX_POINT('',#14227);
#3992=VERTEX_POINT('',#14230);
#3993=VERTEX_POINT('',#14234);
#3994=VERTEX_POINT('',#14236);
#3995=VERTEX_POINT('',#14239);
#3996=VERTEX_POINT('',#14243);
#3997=VERTEX_POINT('',#14249);
#3998=VERTEX_POINT('',#14255);
#3999=VERTEX_POINT('',#14264);
#4000=VERTEX_POINT('',#14273);
#4001=VERTEX_POINT('',#14287);
#4002=VERTEX_POINT('',#14296);
#4003=VERTEX_POINT('',#14305);
#4004=VERTEX_POINT('',#14313);
#4005=VERTEX_POINT('',#14319);
#4006=VERTEX_POINT('',#14320);
#4007=VERTEX_POINT('',#14325);
#4008=VERTEX_POINT('',#14329);
#4009=VERTEX_POINT('',#14331);
#4010=VERTEX_POINT('',#14333);
#4011=VERTEX_POINT('',#14335);
#4012=VERTEX_POINT('',#14337);
#4013=VERTEX_POINT('',#14341);
#4014=VERTEX_POINT('',#14342);
#4015=VERTEX_POINT('',#14347);
#4016=VERTEX_POINT('',#14351);
#4017=VERTEX_POINT('',#14353);
#4018=VERTEX_POINT('',#14355);
#4019=VERTEX_POINT('',#14357);
#4020=VERTEX_POINT('',#14359);
#4021=VERTEX_POINT('',#14376);
#4022=VERTEX_POINT('',#14377);
#4023=VERTEX_POINT('',#14382);
#4024=VERTEX_POINT('',#14386);
#4025=VERTEX_POINT('',#14388);
#4026=VERTEX_POINT('',#14390);
#4027=VERTEX_POINT('',#14392);
#4028=VERTEX_POINT('',#14394);
#4029=VERTEX_POINT('',#14398);
#4030=VERTEX_POINT('',#14399);
#4031=VERTEX_POINT('',#14404);
#4032=VERTEX_POINT('',#14408);
#4033=VERTEX_POINT('',#14410);
#4034=VERTEX_POINT('',#14412);
#4035=VERTEX_POINT('',#14414);
#4036=VERTEX_POINT('',#14416);
#4037=VERTEX_POINT('',#14433);
#4038=VERTEX_POINT('',#14434);
#4039=VERTEX_POINT('',#14439);
#4040=VERTEX_POINT('',#14443);
#4041=VERTEX_POINT('',#14445);
#4042=VERTEX_POINT('',#14447);
#4043=VERTEX_POINT('',#14449);
#4044=VERTEX_POINT('',#14451);
#4045=VERTEX_POINT('',#14455);
#4046=VERTEX_POINT('',#14456);
#4047=VERTEX_POINT('',#14461);
#4048=VERTEX_POINT('',#14465);
#4049=VERTEX_POINT('',#14467);
#4050=VERTEX_POINT('',#14469);
#4051=VERTEX_POINT('',#14471);
#4052=VERTEX_POINT('',#14473);
#4053=VERTEX_POINT('',#14511);
#4054=VERTEX_POINT('',#14512);
#4055=VERTEX_POINT('',#14517);
#4056=VERTEX_POINT('',#14521);
#4057=VERTEX_POINT('',#14523);
#4058=VERTEX_POINT('',#14525);
#4059=VERTEX_POINT('',#14527);
#4060=VERTEX_POINT('',#14529);
#4061=VERTEX_POINT('',#14533);
#4062=VERTEX_POINT('',#14534);
#4063=VERTEX_POINT('',#14539);
#4064=VERTEX_POINT('',#14543);
#4065=VERTEX_POINT('',#14545);
#4066=VERTEX_POINT('',#14547);
#4067=VERTEX_POINT('',#14549);
#4068=VERTEX_POINT('',#14551);
#4069=VERTEX_POINT('',#14576);
#4070=VERTEX_POINT('',#14577);
#4071=VERTEX_POINT('',#14588);
#4072=VERTEX_POINT('',#14590);
#4073=VERTEX_POINT('',#14592);
#4074=VERTEX_POINT('',#14594);
#4075=VERTEX_POINT('',#14596);
#4076=VERTEX_POINT('',#14609);
#4077=VERTEX_POINT('',#14610);
#4078=VERTEX_POINT('',#14612);
#4079=VERTEX_POINT('',#14614);
#4080=VERTEX_POINT('',#14616);
#4081=VERTEX_POINT('',#14618);
#4082=VERTEX_POINT('',#14620);
#4083=VERTEX_POINT('',#14622);
#4084=VERTEX_POINT('',#14624);
#4085=VERTEX_POINT('',#14626);
#4086=VERTEX_POINT('',#14628);
#4087=VERTEX_POINT('',#14630);
#4088=VERTEX_POINT('',#14632);
#4089=VERTEX_POINT('',#14634);
#4090=VERTEX_POINT('',#14636);
#4091=VERTEX_POINT('',#14638);
#4092=VERTEX_POINT('',#14640);
#4093=VERTEX_POINT('',#14642);
#4094=VERTEX_POINT('',#14644);
#4095=VERTEX_POINT('',#14646);
#4096=VERTEX_POINT('',#14648);
#4097=VERTEX_POINT('',#14650);
#4098=VERTEX_POINT('',#14652);
#4099=VERTEX_POINT('',#14654);
#4100=VERTEX_POINT('',#14656);
#4101=VERTEX_POINT('',#14658);
#4102=VERTEX_POINT('',#14660);
#4103=VERTEX_POINT('',#14662);
#4104=VERTEX_POINT('',#14664);
#4105=VERTEX_POINT('',#14666);
#4106=VERTEX_POINT('',#14668);
#4107=VERTEX_POINT('',#14670);
#4108=VERTEX_POINT('',#14672);
#4109=VERTEX_POINT('',#14674);
#4110=VERTEX_POINT('',#14676);
#4111=VERTEX_POINT('',#14678);
#4112=VERTEX_POINT('',#14680);
#4113=VERTEX_POINT('',#14682);
#4114=VERTEX_POINT('',#14684);
#4115=VERTEX_POINT('',#14686);
#4116=VERTEX_POINT('',#14688);
#4117=VERTEX_POINT('',#14690);
#4118=VERTEX_POINT('',#14692);
#4119=VERTEX_POINT('',#14694);
#4120=VERTEX_POINT('',#14696);
#4121=VERTEX_POINT('',#14698);
#4122=VERTEX_POINT('',#14700);
#4123=VERTEX_POINT('',#14702);
#4124=VERTEX_POINT('',#14704);
#4125=VERTEX_POINT('',#14706);
#4126=VERTEX_POINT('',#14708);
#4127=VERTEX_POINT('',#14710);
#4128=VERTEX_POINT('',#14712);
#4129=VERTEX_POINT('',#14714);
#4130=VERTEX_POINT('',#14716);
#4131=VERTEX_POINT('',#14718);
#4132=VERTEX_POINT('',#14720);
#4133=VERTEX_POINT('',#14722);
#4134=VERTEX_POINT('',#14724);
#4135=VERTEX_POINT('',#14726);
#4136=VERTEX_POINT('',#14728);
#4137=VERTEX_POINT('',#14730);
#4138=VERTEX_POINT('',#14732);
#4139=VERTEX_POINT('',#14734);
#4140=VERTEX_POINT('',#14736);
#4141=VERTEX_POINT('',#14738);
#4142=VERTEX_POINT('',#14740);
#4143=VERTEX_POINT('',#14742);
#4144=VERTEX_POINT('',#14745);
#4145=VERTEX_POINT('',#14747);
#4146=VERTEX_POINT('',#14749);
#4147=VERTEX_POINT('',#14751);
#4148=VERTEX_POINT('',#14753);
#4149=VERTEX_POINT('',#14755);
#4150=VERTEX_POINT('',#14757);
#4151=VERTEX_POINT('',#14759);
#4152=VERTEX_POINT('',#14761);
#4153=VERTEX_POINT('',#14763);
#4154=VERTEX_POINT('',#14765);
#4155=VERTEX_POINT('',#14768);
#4156=VERTEX_POINT('',#14769);
#4157=VERTEX_POINT('',#14771);
#4158=VERTEX_POINT('',#14773);
#4159=VERTEX_POINT('',#14776);
#4160=VERTEX_POINT('',#14777);
#4161=VERTEX_POINT('',#14779);
#4162=VERTEX_POINT('',#14781);
#4163=VERTEX_POINT('',#14784);
#4164=VERTEX_POINT('',#14785);
#4165=VERTEX_POINT('',#14787);
#4166=VERTEX_POINT('',#14789);
#4167=VERTEX_POINT('',#14792);
#4168=VERTEX_POINT('',#14793);
#4169=VERTEX_POINT('',#14795);
#4170=VERTEX_POINT('',#14797);
#4171=VERTEX_POINT('',#14801);
#4172=VERTEX_POINT('',#14803);
#4173=VERTEX_POINT('',#14805);
#4174=VERTEX_POINT('',#14807);
#4175=VERTEX_POINT('',#14812);
#4176=VERTEX_POINT('',#14813);
#4177=VERTEX_POINT('',#14824);
#4178=VERTEX_POINT('',#14827);
#4179=VERTEX_POINT('',#14829);
#4180=VERTEX_POINT('',#14842);
#4181=VERTEX_POINT('',#14844);
#4182=VERTEX_POINT('',#14846);
#4183=VERTEX_POINT('',#14848);
#4184=VERTEX_POINT('',#14853);
#4185=VERTEX_POINT('',#14854);
#4186=VERTEX_POINT('',#14865);
#4187=VERTEX_POINT('',#14868);
#4188=VERTEX_POINT('',#14870);
#4189=VERTEX_POINT('',#14883);
#4190=VERTEX_POINT('',#14885);
#4191=VERTEX_POINT('',#14887);
#4192=VERTEX_POINT('',#14889);
#4193=VERTEX_POINT('',#14894);
#4194=VERTEX_POINT('',#14895);
#4195=VERTEX_POINT('',#14906);
#4196=VERTEX_POINT('',#14909);
#4197=VERTEX_POINT('',#14911);
#4198=VERTEX_POINT('',#14924);
#4199=VERTEX_POINT('',#14926);
#4200=VERTEX_POINT('',#14928);
#4201=VERTEX_POINT('',#14930);
#4202=VERTEX_POINT('',#14935);
#4203=VERTEX_POINT('',#14936);
#4204=VERTEX_POINT('',#14947);
#4205=VERTEX_POINT('',#14950);
#4206=VERTEX_POINT('',#14952);
#4207=VERTEX_POINT('',#14965);
#4208=VERTEX_POINT('',#14969);
#4209=VERTEX_POINT('',#14973);
#4210=VERTEX_POINT('',#14977);
#4211=VERTEX_POINT('',#14981);
#4212=VERTEX_POINT('',#14985);
#4213=VERTEX_POINT('',#14989);
#4214=VERTEX_POINT('',#14993);
#4215=VERTEX_POINT('',#14995);
#4216=VERTEX_POINT('',#14999);
#4217=VERTEX_POINT('',#15003);
#4218=VERTEX_POINT('',#15005);
#4219=VERTEX_POINT('',#15009);
#4220=VERTEX_POINT('',#15011);
#4221=VERTEX_POINT('',#15015);
#4222=VERTEX_POINT('',#15020);
#4223=VERTEX_POINT('',#15024);
#4224=VERTEX_POINT('',#15026);
#4225=VERTEX_POINT('',#15030);
#4226=VERTEX_POINT('',#15034);
#4227=VERTEX_POINT('',#15037);
#4228=VERTEX_POINT('',#15039);
#4229=VERTEX_POINT('',#15042);
#4230=VERTEX_POINT('',#15053);
#4231=VERTEX_POINT('',#15054);
#4232=VERTEX_POINT('',#15059);
#4233=VERTEX_POINT('',#15063);
#4234=VERTEX_POINT('',#15067);
#4235=VERTEX_POINT('',#15073);
#4236=VERTEX_POINT('',#15079);
#4237=VERTEX_POINT('',#15080);
#4238=VERTEX_POINT('',#15085);
#4239=VERTEX_POINT('',#15089);
#4240=VERTEX_POINT('',#15093);
#4241=VERTEX_POINT('',#15099);
#4242=VERTEX_POINT('',#15105);
#4243=VERTEX_POINT('',#15109);
#4244=VERTEX_POINT('',#15115);
#4245=VERTEX_POINT('',#15119);
#4246=VERTEX_POINT('',#15131);
#4247=VERTEX_POINT('',#15132);
#4248=VERTEX_POINT('',#15134);
#4249=VERTEX_POINT('',#15138);
#4250=VERTEX_POINT('',#15141);
#4251=VERTEX_POINT('',#15143);
#4252=VERTEX_POINT('',#15145);
#4253=VERTEX_POINT('',#15149);
#4254=VERTEX_POINT('',#15155);
#4255=VERTEX_POINT('',#15156);
#4256=VERTEX_POINT('',#15158);
#4257=VERTEX_POINT('',#15160);
#4258=VERTEX_POINT('',#15162);
#4259=VERTEX_POINT('',#15164);
#4260=VERTEX_POINT('',#15166);
#4261=VERTEX_POINT('',#15168);
#4262=VERTEX_POINT('',#15170);
#4263=VERTEX_POINT('',#15172);
#4264=VERTEX_POINT('',#15174);
#4265=VERTEX_POINT('',#15176);
#4266=VERTEX_POINT('',#15178);
#4267=VERTEX_POINT('',#15180);
#4268=VERTEX_POINT('',#15183);
#4269=VERTEX_POINT('',#15186);
#4270=VERTEX_POINT('',#15189);
#4271=VERTEX_POINT('',#15192);
#4272=VERTEX_POINT('',#15194);
#4273=VERTEX_POINT('',#15196);
#4274=VERTEX_POINT('',#15198);
#4275=VERTEX_POINT('',#15200);
#4276=VERTEX_POINT('',#15202);
#4277=VERTEX_POINT('',#15206);
#4278=VERTEX_POINT('',#15208);
#4279=VERTEX_POINT('',#15211);
#4280=VERTEX_POINT('',#15215);
#4281=VERTEX_POINT('',#15217);
#4282=VERTEX_POINT('',#15220);
#4283=VERTEX_POINT('',#15224);
#4284=VERTEX_POINT('',#15226);
#4285=VERTEX_POINT('',#15229);
#4286=VERTEX_POINT('',#15233);
#4287=VERTEX_POINT('',#15235);
#4288=VERTEX_POINT('',#15238);
#4289=VERTEX_POINT('',#15242);
#4290=VERTEX_POINT('',#15244);
#4291=VERTEX_POINT('',#15247);
#4292=VERTEX_POINT('',#15254);
#4293=VERTEX_POINT('',#15263);
#4294=VERTEX_POINT('',#15272);
#4295=VERTEX_POINT('',#15284);
#4296=VERTEX_POINT('',#15293);
#4297=VERTEX_POINT('',#15303);
#4298=VERTEX_POINT('',#15309);
#4299=VERTEX_POINT('',#15315);
#4300=VERTEX_POINT('',#15321);
#4301=VERTEX_POINT('',#15327);
#4302=VERTEX_POINT('',#15328);
#4303=VERTEX_POINT('',#15333);
#4304=VERTEX_POINT('',#15337);
#4305=VERTEX_POINT('',#15339);
#4306=VERTEX_POINT('',#15341);
#4307=VERTEX_POINT('',#15343);
#4308=VERTEX_POINT('',#15345);
#4309=VERTEX_POINT('',#15349);
#4310=VERTEX_POINT('',#15350);
#4311=VERTEX_POINT('',#15355);
#4312=VERTEX_POINT('',#15359);
#4313=VERTEX_POINT('',#15361);
#4314=VERTEX_POINT('',#15363);
#4315=VERTEX_POINT('',#15365);
#4316=VERTEX_POINT('',#15367);
#4317=VERTEX_POINT('',#15384);
#4318=VERTEX_POINT('',#15385);
#4319=VERTEX_POINT('',#15390);
#4320=VERTEX_POINT('',#15394);
#4321=VERTEX_POINT('',#15396);
#4322=VERTEX_POINT('',#15398);
#4323=VERTEX_POINT('',#15400);
#4324=VERTEX_POINT('',#15402);
#4325=VERTEX_POINT('',#15406);
#4326=VERTEX_POINT('',#15407);
#4327=VERTEX_POINT('',#15412);
#4328=VERTEX_POINT('',#15416);
#4329=VERTEX_POINT('',#15418);
#4330=VERTEX_POINT('',#15420);
#4331=VERTEX_POINT('',#15422);
#4332=VERTEX_POINT('',#15424);
#4333=VERTEX_POINT('',#15441);
#4334=VERTEX_POINT('',#15442);
#4335=VERTEX_POINT('',#15447);
#4336=VERTEX_POINT('',#15451);
#4337=VERTEX_POINT('',#15453);
#4338=VERTEX_POINT('',#15455);
#4339=VERTEX_POINT('',#15457);
#4340=VERTEX_POINT('',#15459);
#4341=VERTEX_POINT('',#15463);
#4342=VERTEX_POINT('',#15464);
#4343=VERTEX_POINT('',#15469);
#4344=VERTEX_POINT('',#15473);
#4345=VERTEX_POINT('',#15475);
#4346=VERTEX_POINT('',#15477);
#4347=VERTEX_POINT('',#15479);
#4348=VERTEX_POINT('',#15481);
#4349=VERTEX_POINT('',#15519);
#4350=VERTEX_POINT('',#15520);
#4351=VERTEX_POINT('',#15525);
#4352=VERTEX_POINT('',#15529);
#4353=VERTEX_POINT('',#15531);
#4354=VERTEX_POINT('',#15533);
#4355=VERTEX_POINT('',#15535);
#4356=VERTEX_POINT('',#15537);
#4357=VERTEX_POINT('',#15541);
#4358=VERTEX_POINT('',#15542);
#4359=VERTEX_POINT('',#15547);
#4360=VERTEX_POINT('',#15551);
#4361=VERTEX_POINT('',#15553);
#4362=VERTEX_POINT('',#15555);
#4363=VERTEX_POINT('',#15557);
#4364=VERTEX_POINT('',#15559);
#4365=VERTEX_POINT('',#15584);
#4366=VERTEX_POINT('',#15586);
#4367=VERTEX_POINT('',#15589);
#4368=VERTEX_POINT('',#15593);
#4369=VERTEX_POINT('',#15595);
#4370=VERTEX_POINT('',#15598);
#4371=VERTEX_POINT('',#15602);
#4372=VERTEX_POINT('',#15604);
#4373=VERTEX_POINT('',#15607);
#4374=VERTEX_POINT('',#15611);
#4375=VERTEX_POINT('',#15613);
#4376=VERTEX_POINT('',#15616);
#4377=VERTEX_POINT('',#15620);
#4378=VERTEX_POINT('',#15622);
#4379=VERTEX_POINT('',#15625);
#4380=VERTEX_POINT('',#15629);
#4381=VERTEX_POINT('',#15631);
#4382=VERTEX_POINT('',#15634);
#4383=VERTEX_POINT('',#15638);
#4384=VERTEX_POINT('',#15639);
#4385=VERTEX_POINT('',#15641);
#4386=VERTEX_POINT('',#15643);
#4387=VERTEX_POINT('',#15647);
#4388=VERTEX_POINT('',#15649);
#4389=VERTEX_POINT('',#15651);
#4390=VERTEX_POINT('',#15653);
#4391=VERTEX_POINT('',#15655);
#4392=VERTEX_POINT('',#15657);
#4393=VERTEX_POINT('',#15660);
#4394=VERTEX_POINT('',#15662);
#4395=VERTEX_POINT('',#15664);
#4396=VERTEX_POINT('',#15666);
#4397=VERTEX_POINT('',#15669);
#4398=VERTEX_POINT('',#15673);
#4399=VERTEX_POINT('',#15677);
#4400=VERTEX_POINT('',#15678);
#4401=VERTEX_POINT('',#15683);
#4402=VERTEX_POINT('',#15687);
#4403=VERTEX_POINT('',#15691);
#4404=VERTEX_POINT('',#15695);
#4405=VERTEX_POINT('',#15699);
#4406=VERTEX_POINT('',#15703);
#4407=VERTEX_POINT('',#15712);
#4408=VERTEX_POINT('',#15714);
#4409=VERTEX_POINT('',#15717);
#4410=VERTEX_POINT('',#15721);
#4411=VERTEX_POINT('',#15723);
#4412=VERTEX_POINT('',#15726);
#4413=VERTEX_POINT('',#15730);
#4414=VERTEX_POINT('',#15732);
#4415=VERTEX_POINT('',#15735);
#4416=VERTEX_POINT('',#15739);
#4417=VERTEX_POINT('',#15741);
#4418=VERTEX_POINT('',#15744);
#4419=VERTEX_POINT('',#15748);
#4420=VERTEX_POINT('',#15750);
#4421=VERTEX_POINT('',#15753);
#4422=VERTEX_POINT('',#15757);
#4423=VERTEX_POINT('',#15759);
#4424=VERTEX_POINT('',#15762);
#4425=VERTEX_POINT('',#15766);
#4426=VERTEX_POINT('',#15768);
#4427=VERTEX_POINT('',#15772);
#4428=VERTEX_POINT('',#15774);
#4429=VERTEX_POINT('',#15778);
#4430=VERTEX_POINT('',#15780);
#4431=VERTEX_POINT('',#15784);
#4432=VERTEX_POINT('',#15786);
#4433=VERTEX_POINT('',#15790);
#4434=VERTEX_POINT('',#15792);
#4435=VERTEX_POINT('',#15796);
#4436=VERTEX_POINT('',#15797);
#4437=VERTEX_POINT('',#15799);
#4438=VERTEX_POINT('',#15801);
#4439=VERTEX_POINT('',#15805);
#4440=VERTEX_POINT('',#15807);
#4441=VERTEX_POINT('',#15811);
#4442=VERTEX_POINT('',#15813);
#4443=VERTEX_POINT('',#15822);
#4444=VERTEX_POINT('',#15824);
#4445=VERTEX_POINT('',#15826);
#4446=VERTEX_POINT('',#15828);
#4447=VERTEX_POINT('',#15830);
#4448=VERTEX_POINT('',#15832);
#4449=VERTEX_POINT('',#15840);
#4450=VERTEX_POINT('',#15842);
#4451=VERTEX_POINT('',#15844);
#4452=VERTEX_POINT('',#15846);
#4453=VERTEX_POINT('',#15848);
#4454=VERTEX_POINT('',#15850);
#4455=VERTEX_POINT('',#15858);
#4456=VERTEX_POINT('',#15860);
#4457=VERTEX_POINT('',#15862);
#4458=VERTEX_POINT('',#15864);
#4459=VERTEX_POINT('',#15866);
#4460=VERTEX_POINT('',#15868);
#4461=VERTEX_POINT('',#15876);
#4462=VERTEX_POINT('',#15878);
#4463=VERTEX_POINT('',#15880);
#4464=VERTEX_POINT('',#15882);
#4465=VERTEX_POINT('',#15887);
#4466=VERTEX_POINT('',#15889);
#4467=VERTEX_POINT('',#15891);
#4468=VERTEX_POINT('',#15893);
#4469=VERTEX_POINT('',#15897);
#4470=VERTEX_POINT('',#15898);
#4471=VERTEX_POINT('',#15904);
#4472=VERTEX_POINT('',#15906);
#4473=VERTEX_POINT('',#15908);
#4474=VERTEX_POINT('',#15911);
#4475=VERTEX_POINT('',#15915);
#4476=VERTEX_POINT('',#15916);
#4477=VERTEX_POINT('',#15922);
#4478=VERTEX_POINT('',#15924);
#4479=VERTEX_POINT('',#15926);
#4480=VERTEX_POINT('',#15929);
#4481=VERTEX_POINT('',#15933);
#4482=VERTEX_POINT('',#15934);
#4483=VERTEX_POINT('',#15940);
#4484=VERTEX_POINT('',#15942);
#4485=VERTEX_POINT('',#15944);
#4486=VERTEX_POINT('',#15947);
#4487=VERTEX_POINT('',#15951);
#4488=VERTEX_POINT('',#15953);
#4489=VERTEX_POINT('',#15955);
#4490=VERTEX_POINT('',#15957);
#4491=VERTEX_POINT('',#15959);
#4492=VERTEX_POINT('',#15961);
#4493=VERTEX_POINT('',#15964);
#4494=VERTEX_POINT('',#15966);
#4495=VERTEX_POINT('',#15968);
#4496=VERTEX_POINT('',#15971);
#4497=VERTEX_POINT('',#15973);
#4498=VERTEX_POINT('',#15975);
#4499=VERTEX_POINT('',#15977);
#4500=VERTEX_POINT('',#15979);
#4501=VERTEX_POINT('',#15981);
#4502=VERTEX_POINT('',#15983);
#4503=VERTEX_POINT('',#15985);
#4504=VERTEX_POINT('',#15989);
#4505=VERTEX_POINT('',#15991);
#4506=VERTEX_POINT('',#15993);
#4507=VERTEX_POINT('',#15996);
#4508=VERTEX_POINT('',#15997);
#4509=VERTEX_POINT('',#15999);
#4510=VERTEX_POINT('',#16001);
#4511=VERTEX_POINT('',#16003);
#4512=VERTEX_POINT('',#16005);
#4513=VERTEX_POINT('',#16007);
#4514=VERTEX_POINT('',#16009);
#4515=VERTEX_POINT('',#16011);
#4516=VERTEX_POINT('',#16013);
#4517=VERTEX_POINT('',#16015);
#4518=VERTEX_POINT('',#16017);
#4519=VERTEX_POINT('',#16020);
#4520=VERTEX_POINT('',#16021);
#4521=VERTEX_POINT('',#16023);
#4522=VERTEX_POINT('',#16025);
#4523=VERTEX_POINT('',#16028);
#4524=VERTEX_POINT('',#16029);
#4525=VERTEX_POINT('',#16031);
#4526=VERTEX_POINT('',#16033);
#4527=VERTEX_POINT('',#16035);
#4528=VERTEX_POINT('',#16037);
#4529=VERTEX_POINT('',#16039);
#4530=VERTEX_POINT('',#16043);
#4531=VERTEX_POINT('',#16045);
#4532=VERTEX_POINT('',#16047);
#4533=VERTEX_POINT('',#16049);
#4534=VERTEX_POINT('',#16051);
#4535=VERTEX_POINT('',#16053);
#4536=VERTEX_POINT('',#16055);
#4537=VERTEX_POINT('',#16057);
#4538=VERTEX_POINT('',#16059);
#4539=VERTEX_POINT('',#16061);
#4540=VERTEX_POINT('',#16063);
#4541=VERTEX_POINT('',#16065);
#4542=VERTEX_POINT('',#16067);
#4543=VERTEX_POINT('',#16069);
#4544=VERTEX_POINT('',#16071);
#4545=VERTEX_POINT('',#16073);
#4546=VERTEX_POINT('',#16075);
#4547=VERTEX_POINT('',#16077);
#4548=VERTEX_POINT('',#16081);
#4549=VERTEX_POINT('',#16085);
#4550=VERTEX_POINT('',#16086);
#4551=VERTEX_POINT('',#16088);
#4552=VERTEX_POINT('',#16091);
#4553=VERTEX_POINT('',#16093);
#4554=VERTEX_POINT('',#16095);
#4555=VERTEX_POINT('',#16099);
#4556=VERTEX_POINT('',#16100);
#4557=VERTEX_POINT('',#16103);
#4558=VERTEX_POINT('',#16105);
#4559=VERTEX_POINT('',#16108);
#4560=VERTEX_POINT('',#16112);
#4561=VERTEX_POINT('',#16113);
#4562=VERTEX_POINT('',#16115);
#4563=VERTEX_POINT('',#16118);
#4564=VERTEX_POINT('',#16120);
#4565=VERTEX_POINT('',#16125);
#4566=VERTEX_POINT('',#16126);
#4567=VERTEX_POINT('',#16129);
#4568=VERTEX_POINT('',#16131);
#4569=VERTEX_POINT('',#16134);
#4570=VERTEX_POINT('',#16138);
#4571=VERTEX_POINT('',#16139);
#4572=VERTEX_POINT('',#16141);
#4573=VERTEX_POINT('',#16144);
#4574=VERTEX_POINT('',#16146);
#4575=VERTEX_POINT('',#16151);
#4576=VERTEX_POINT('',#16152);
#4577=VERTEX_POINT('',#16155);
#4578=VERTEX_POINT('',#16157);
#4579=VERTEX_POINT('',#16160);
#4580=VERTEX_POINT('',#16164);
#4581=VERTEX_POINT('',#16165);
#4582=VERTEX_POINT('',#16167);
#4583=VERTEX_POINT('',#16170);
#4584=VERTEX_POINT('',#16172);
#4585=VERTEX_POINT('',#16177);
#4586=VERTEX_POINT('',#16178);
#4587=VERTEX_POINT('',#16181);
#4588=VERTEX_POINT('',#16183);
#4589=VERTEX_POINT('',#16186);
#4590=VERTEX_POINT('',#16190);
#4591=VERTEX_POINT('',#16191);
#4592=VERTEX_POINT('',#16193);
#4593=VERTEX_POINT('',#16196);
#4594=VERTEX_POINT('',#16198);
#4595=VERTEX_POINT('',#16203);
#4596=VERTEX_POINT('',#16204);
#4597=VERTEX_POINT('',#16206);
#4598=VERTEX_POINT('',#16208);
#4599=VERTEX_POINT('',#16210);
#4600=VERTEX_POINT('',#16213);
#4601=VERTEX_POINT('',#16217);
#4602=VERTEX_POINT('',#16220);
#4603=VERTEX_POINT('',#16222);
#4604=VERTEX_POINT('',#16225);
#4605=VERTEX_POINT('',#16229);
#4606=VERTEX_POINT('',#16230);
#4607=VERTEX_POINT('',#16232);
#4608=VERTEX_POINT('',#16235);
#4609=VERTEX_POINT('',#16237);
#4610=VERTEX_POINT('',#16242);
#4611=VERTEX_POINT('',#16243);
#4612=VERTEX_POINT('',#16245);
#4613=VERTEX_POINT('',#16248);
#4614=VERTEX_POINT('',#16250);
#4615=VERTEX_POINT('',#16255);
#4616=VERTEX_POINT('',#16256);
#4617=VERTEX_POINT('',#16258);
#4618=VERTEX_POINT('',#16261);
#4619=VERTEX_POINT('',#16263);
#4620=VERTEX_POINT('',#16268);
#4621=VERTEX_POINT('',#16269);
#4622=VERTEX_POINT('',#16271);
#4623=VERTEX_POINT('',#16274);
#4624=VERTEX_POINT('',#16276);
#4625=VERTEX_POINT('',#16281);
#4626=VERTEX_POINT('',#16283);
#4627=VERTEX_POINT('',#16285);
#4628=VERTEX_POINT('',#16288);
#4629=VERTEX_POINT('',#16290);
#4630=VERTEX_POINT('',#16297);
#4631=VERTEX_POINT('',#16299);
#4632=VERTEX_POINT('',#16303);
#4633=VERTEX_POINT('',#16307);
#4634=VERTEX_POINT('',#16309);
#4635=VERTEX_POINT('',#16313);
#4636=VERTEX_POINT('',#16317);
#4637=VERTEX_POINT('',#16321);
#4638=VERTEX_POINT('',#16325);
#4639=VERTEX_POINT('',#16327);
#4640=VERTEX_POINT('',#16331);
#4641=VERTEX_POINT('',#16335);
#4642=VERTEX_POINT('',#16339);
#4643=VERTEX_POINT('',#16341);
#4644=VERTEX_POINT('',#16345);
#4645=VERTEX_POINT('',#16349);
#4646=VERTEX_POINT('',#16353);
#4647=VERTEX_POINT('',#16355);
#4648=VERTEX_POINT('',#16359);
#4649=VERTEX_POINT('',#16363);
#4650=VERTEX_POINT('',#16365);
#4651=VERTEX_POINT('',#16369);
#4652=VERTEX_POINT('',#16373);
#4653=VERTEX_POINT('',#16375);
#4654=VERTEX_POINT('',#16379);
#4655=VERTEX_POINT('',#16383);
#4656=VERTEX_POINT('',#16385);
#4657=VERTEX_POINT('',#16389);
#4658=VERTEX_POINT('',#16393);
#4659=VERTEX_POINT('',#16397);
#4660=VERTEX_POINT('',#16401);
#4661=VERTEX_POINT('',#16405);
#4662=VERTEX_POINT('',#16407);
#4663=VERTEX_POINT('',#16411);
#4664=VERTEX_POINT('',#16415);
#4665=VERTEX_POINT('',#16417);
#4666=VERTEX_POINT('',#16421);
#4667=VERTEX_POINT('',#16425);
#4668=VERTEX_POINT('',#16429);
#4669=VERTEX_POINT('',#16433);
#4670=VERTEX_POINT('',#16435);
#4671=VERTEX_POINT('',#16439);
#4672=VERTEX_POINT('',#16443);
#4673=VERTEX_POINT('',#16445);
#4674=VERTEX_POINT('',#16449);
#4675=VERTEX_POINT('',#16453);
#4676=VERTEX_POINT('',#16457);
#4677=VERTEX_POINT('',#16461);
#4678=VERTEX_POINT('',#16463);
#4679=VERTEX_POINT('',#16467);
#4680=VERTEX_POINT('',#16471);
#4681=VERTEX_POINT('',#16473);
#4682=VERTEX_POINT('',#16477);
#4683=VERTEX_POINT('',#16481);
#4684=VERTEX_POINT('',#16485);
#4685=VERTEX_POINT('',#16489);
#4686=VERTEX_POINT('',#16491);
#4687=VERTEX_POINT('',#16495);
#4688=VERTEX_POINT('',#16499);
#4689=VERTEX_POINT('',#16501);
#4690=VERTEX_POINT('',#16505);
#4691=VERTEX_POINT('',#16509);
#4692=VERTEX_POINT('',#16513);
#4693=VERTEX_POINT('',#16517);
#4694=VERTEX_POINT('',#16519);
#4695=VERTEX_POINT('',#16523);
#4696=VERTEX_POINT('',#16543);
#4697=VERTEX_POINT('',#16563);
#4698=VERTEX_POINT('',#16569);
#4699=VERTEX_POINT('',#16573);
#4700=VERTEX_POINT('',#16575);
#4701=VERTEX_POINT('',#16581);
#4702=VERTEX_POINT('',#16582);
#4703=VERTEX_POINT('',#16589);
#4704=VERTEX_POINT('',#16591);
#4705=VERTEX_POINT('',#16593);
#4706=VERTEX_POINT('',#16595);
#4707=VERTEX_POINT('',#16597);
#4708=VERTEX_POINT('',#16599);
#4709=VERTEX_POINT('',#16601);
#4710=VERTEX_POINT('',#16608);
#4711=VERTEX_POINT('',#16610);
#4712=VERTEX_POINT('',#16612);
#4713=VERTEX_POINT('',#16614);
#4714=VERTEX_POINT('',#16624);
#4715=VERTEX_POINT('',#16625);
#4716=VERTEX_POINT('',#16630);
#4717=VERTEX_POINT('',#16634);
#4718=VERTEX_POINT('',#16637);
#4719=VERTEX_POINT('',#16639);
#4720=VERTEX_POINT('',#16641);
#4721=VERTEX_POINT('',#16643);
#4722=VERTEX_POINT('',#16645);
#4723=VERTEX_POINT('',#16647);
#4724=VERTEX_POINT('',#16665);
#4725=VERTEX_POINT('',#16666);
#4726=VERTEX_POINT('',#16671);
#4727=VERTEX_POINT('',#16675);
#4728=VERTEX_POINT('',#16676);
#4729=VERTEX_POINT('',#16683);
#4730=VERTEX_POINT('',#16685);
#4731=VERTEX_POINT('',#16689);
#4732=VERTEX_POINT('',#16693);
#4733=VERTEX_POINT('',#16697);
#4734=VERTEX_POINT('',#16701);
#4735=VERTEX_POINT('',#16703);
#4736=VERTEX_POINT('',#16707);
#4737=VERTEX_POINT('',#16711);
#4738=VERTEX_POINT('',#16719);
#4739=VERTEX_POINT('',#16723);
#4740=VERTEX_POINT('',#16729);
#4741=VERTEX_POINT('',#16731);
#4742=EDGE_CURVE('',#3797,#3798,#3772,.F.);
#4743=EDGE_CURVE('',#3797,#3799,#1990,.T.);
#4744=EDGE_CURVE('',#3800,#3799,#3773,.F.);
#4745=EDGE_CURVE('',#3801,#3800,#1513,.F.);
#4746=EDGE_CURVE('',#3801,#3802,#1991,.T.);
#4747=EDGE_CURVE('',#3802,#3803,#1494,.T.);
#4748=EDGE_CURVE('',#3803,#3804,#3774,.T.);
#4749=EDGE_CURVE('',#3804,#3798,#1992,.T.);
#4750=EDGE_CURVE('',#3805,#3804,#1514,.T.);
#4751=EDGE_CURVE('',#3799,#3805,#1515,.T.);
#4752=EDGE_CURVE('',#3797,#3806,#1516,.T.);
#4753=EDGE_CURVE('',#3806,#3798,#1517,.T.);
#4754=EDGE_CURVE('',#3807,#3808,#1993,.T.);
#4755=EDGE_CURVE('',#3809,#3807,#1994,.T.);
#4756=EDGE_CURVE('',#3810,#3809,#1995,.T.);
#4757=EDGE_CURVE('',#3810,#3811,#1996,.T.);
#4758=EDGE_CURVE('',#3812,#3811,#1518,.F.);
#4759=EDGE_CURVE('',#3812,#3813,#1997,.T.);
#4760=EDGE_CURVE('',#3814,#3813,#1519,.F.);
#4761=EDGE_CURVE('',#3814,#3815,#1998,.T.);
#4762=EDGE_CURVE('',#3816,#3815,#1520,.F.);
#4763=EDGE_CURVE('',#3817,#3816,#1999,.T.);
#4764=EDGE_CURVE('',#3818,#3817,#1521,.F.);
#4765=EDGE_CURVE('',#3818,#3819,#2000,.T.);
#4766=EDGE_CURVE('',#3820,#3819,#1522,.F.);
#4767=EDGE_CURVE('',#3820,#3821,#2001,.T.);
#4768=EDGE_CURVE('',#3822,#3821,#1523,.F.);
#4769=EDGE_CURVE('',#3822,#3823,#2002,.T.);
#4770=EDGE_CURVE('',#3824,#3823,#2003,.T.);
#4771=EDGE_CURVE('',#3825,#3824,#2004,.T.);
#4772=EDGE_CURVE('',#3826,#3825,#2005,.T.);
#4773=EDGE_CURVE('',#3826,#3827,#2006,.T.);
#4774=EDGE_CURVE('',#3828,#3827,#1524,.F.);
#4775=EDGE_CURVE('',#3828,#3829,#2007,.T.);
#4776=EDGE_CURVE('',#3830,#3829,#1525,.F.);
#4777=EDGE_CURVE('',#3830,#3831,#2008,.T.);
#4778=EDGE_CURVE('',#3832,#3831,#1526,.F.);
#4779=EDGE_CURVE('',#3833,#3832,#2009,.T.);
#4780=EDGE_CURVE('',#3834,#3833,#1527,.F.);
#4781=EDGE_CURVE('',#3834,#3835,#2010,.T.);
#4782=EDGE_CURVE('',#3836,#3835,#1528,.F.);
#4783=EDGE_CURVE('',#3836,#3837,#2011,.T.);
#4784=EDGE_CURVE('',#3838,#3837,#1529,.F.);
#4785=EDGE_CURVE('',#3838,#3839,#2012,.T.);
#4786=EDGE_CURVE('',#3840,#3839,#2013,.T.);
#4787=EDGE_CURVE('',#3841,#3840,#2014,.T.);
#4788=EDGE_CURVE('',#3842,#3841,#2015,.T.);
#4789=EDGE_CURVE('',#3842,#3843,#2016,.T.);
#4790=EDGE_CURVE('',#3844,#3843,#1530,.F.);
#4791=EDGE_CURVE('',#3844,#3845,#2017,.T.);
#4792=EDGE_CURVE('',#3846,#3845,#1531,.F.);
#4793=EDGE_CURVE('',#3846,#3847,#2018,.T.);
#4794=EDGE_CURVE('',#3848,#3847,#1532,.F.);
#4795=EDGE_CURVE('',#3849,#3848,#2019,.T.);
#4796=EDGE_CURVE('',#3850,#3849,#1533,.F.);
#4797=EDGE_CURVE('',#3850,#3851,#2020,.T.);
#4798=EDGE_CURVE('',#3852,#3851,#1534,.F.);
#4799=EDGE_CURVE('',#3852,#3853,#2021,.T.);
#4800=EDGE_CURVE('',#3854,#3853,#1535,.F.);
#4801=EDGE_CURVE('',#3854,#3855,#2022,.T.);
#4802=EDGE_CURVE('',#3856,#3855,#2023,.T.);
#4803=EDGE_CURVE('',#3857,#3856,#2024,.T.);
#4804=EDGE_CURVE('',#3858,#3857,#2025,.T.);
#4805=EDGE_CURVE('',#3858,#3859,#2026,.T.);
#4806=EDGE_CURVE('',#3860,#3859,#1536,.F.);
#4807=EDGE_CURVE('',#3860,#3861,#2027,.T.);
#4808=EDGE_CURVE('',#3862,#3861,#1537,.F.);
#4809=EDGE_CURVE('',#3862,#3863,#2028,.T.);
#4810=EDGE_CURVE('',#3864,#3863,#1538,.F.);
#4811=EDGE_CURVE('',#3865,#3864,#2029,.T.);
#4812=EDGE_CURVE('',#3866,#3865,#1539,.F.);
#4813=EDGE_CURVE('',#3866,#3867,#2030,.T.);
#4814=EDGE_CURVE('',#3868,#3867,#1540,.F.);
#4815=EDGE_CURVE('',#3868,#3869,#2031,.T.);
#4816=EDGE_CURVE('',#3870,#3869,#1541,.F.);
#4817=EDGE_CURVE('',#3870,#3871,#2032,.T.);
#4818=EDGE_CURVE('',#3872,#3871,#2033,.T.);
#4819=EDGE_CURVE('',#3873,#3872,#2034,.T.);
#4820=EDGE_CURVE('',#3874,#3873,#2035,.T.);
#4821=EDGE_CURVE('',#3808,#3874,#2036,.T.);
#4822=EDGE_CURVE('',#3875,#3876,#2037,.T.);
#4823=EDGE_CURVE('',#3877,#3876,#2038,.T.);
#4824=EDGE_CURVE('',#3878,#3877,#2039,.T.);
#4825=EDGE_CURVE('',#3878,#3875,#2040,.T.);
#4826=EDGE_CURVE('',#3879,#3879,#1542,.T.);
#4827=EDGE_CURVE('',#3880,#3802,#2041,.T.);
#4828=EDGE_CURVE('',#3801,#3881,#2042,.T.);
#4829=EDGE_CURVE('',#3881,#3880,#2043,.T.);
#4830=EDGE_CURVE('',#3882,#3882,#1543,.T.);
#4831=EDGE_CURVE('',#3883,#3883,#1544,.T.);
#4832=EDGE_CURVE('',#3884,#3884,#1545,.T.);
#4833=EDGE_CURVE('',#3885,#3885,#1546,.T.);
#4834=EDGE_CURVE('',#3886,#3886,#1547,.T.);
#4835=EDGE_CURVE('',#3887,#3887,#1548,.T.);
#4836=EDGE_CURVE('',#3888,#3888,#1549,.T.);
#4837=EDGE_CURVE('',#3889,#3889,#1550,.T.);
#4838=EDGE_CURVE('',#3890,#3891,#2044,.T.);
#4839=EDGE_CURVE('',#3892,#3891,#2045,.T.);
#4840=EDGE_CURVE('',#3893,#3892,#2046,.T.);
#4841=EDGE_CURVE('',#3893,#3890,#2047,.T.);
#4842=EDGE_CURVE('',#3894,#3895,#2048,.T.);
#4843=EDGE_CURVE('',#3896,#3894,#2049,.T.);
#4844=EDGE_CURVE('',#3897,#3896,#2050,.T.);
#4845=EDGE_CURVE('',#3897,#3895,#2051,.T.);
#4846=EDGE_CURVE('',#3898,#3899,#2052,.T.);
#4847=EDGE_CURVE('',#3900,#3898,#2053,.T.);
#4848=EDGE_CURVE('',#3901,#3900,#2054,.T.);
#4849=EDGE_CURVE('',#3901,#3899,#2055,.T.);
#4850=EDGE_CURVE('',#3902,#3903,#3775,.F.);
#4851=EDGE_CURVE('',#3902,#3904,#2056,.T.);
#4852=EDGE_CURVE('',#3905,#3904,#3776,.F.);
#4853=EDGE_CURVE('',#3892,#3905,#1495,.F.);
#4854=EDGE_CURVE('',#3891,#3906,#1496,.T.);
#4855=EDGE_CURVE('',#3906,#3907,#3777,.T.);
#4856=EDGE_CURVE('',#3907,#3903,#2057,.T.);
#4857=EDGE_CURVE('',#3908,#3909,#3778,.F.);
#4858=EDGE_CURVE('',#3908,#3910,#2058,.T.);
#4859=EDGE_CURVE('',#3911,#3910,#3779,.F.);
#4860=EDGE_CURVE('',#3877,#3911,#1497,.F.);
#4861=EDGE_CURVE('',#3876,#3912,#1498,.T.);
#4862=EDGE_CURVE('',#3912,#3913,#3780,.T.);
#4863=EDGE_CURVE('',#3913,#3909,#2059,.T.);
#4864=EDGE_CURVE('',#3914,#3915,#3781,.F.);
#4865=EDGE_CURVE('',#3914,#3916,#2060,.T.);
#4866=EDGE_CURVE('',#3917,#3916,#3782,.F.);
#4867=EDGE_CURVE('',#3896,#3917,#1499,.F.);
#4868=EDGE_CURVE('',#3894,#3918,#1500,.T.);
#4869=EDGE_CURVE('',#3918,#3919,#3783,.T.);
#4870=EDGE_CURVE('',#3919,#3915,#2061,.T.);
#4871=EDGE_CURVE('',#3920,#3921,#3784,.F.);
#4872=EDGE_CURVE('',#3920,#3922,#2062,.T.);
#4873=EDGE_CURVE('',#3923,#3922,#3785,.F.);
#4874=EDGE_CURVE('',#3900,#3923,#1501,.F.);
#4875=EDGE_CURVE('',#3898,#3924,#1502,.T.);
#4876=EDGE_CURVE('',#3924,#3925,#3786,.T.);
#4877=EDGE_CURVE('',#3925,#3921,#2063,.T.);
#4878=EDGE_CURVE('',#3926,#3927,#1551,.T.);
#4879=EDGE_CURVE('',#3927,#3923,#2064,.T.);
#4880=EDGE_CURVE('',#3922,#3925,#1552,.T.);
#4881=EDGE_CURVE('',#3924,#3926,#2065,.F.);
#4882=EDGE_CURVE('',#3927,#3901,#1553,.T.);
#4883=EDGE_CURVE('',#3899,#3926,#1554,.T.);
#4884=EDGE_CURVE('',#3928,#3928,#1555,.T.);
#4885=EDGE_CURVE('',#3916,#3919,#1556,.T.);
#4886=EDGE_CURVE('',#3918,#3929,#2066,.T.);
#4887=EDGE_CURVE('',#3929,#3930,#1557,.T.);
#4888=EDGE_CURVE('',#3917,#3930,#2067,.T.);
#4889=EDGE_CURVE('',#3895,#3929,#1558,.T.);
#4890=EDGE_CURVE('',#3914,#3931,#1559,.T.);
#4891=EDGE_CURVE('',#3931,#3915,#1560,.T.);
#4892=EDGE_CURVE('',#3930,#3897,#1561,.T.);
#4893=EDGE_CURVE('',#3875,#3932,#1562,.T.);
#4894=EDGE_CURVE('',#3932,#3912,#2068,.T.);
#4895=EDGE_CURVE('',#3932,#3933,#1563,.T.);
#4896=EDGE_CURVE('',#3934,#3933,#2069,.T.);
#4897=EDGE_CURVE('',#3934,#3913,#1564,.T.);
#4898=EDGE_CURVE('',#3935,#3878,#1565,.T.);
#4899=EDGE_CURVE('',#3933,#3935,#1566,.T.);
#4900=EDGE_CURVE('',#3936,#3936,#1567,.T.);
#4901=EDGE_CURVE('',#3911,#3935,#2070,.F.);
#4902=EDGE_CURVE('',#3910,#3934,#1568,.T.);
#4903=EDGE_CURVE('',#3890,#3937,#1569,.T.);
#4904=EDGE_CURVE('',#3937,#3906,#2071,.T.);
#4905=EDGE_CURVE('',#3937,#3938,#1570,.T.);
#4906=EDGE_CURVE('',#3939,#3938,#2072,.T.);
#4907=EDGE_CURVE('',#3939,#3907,#1571,.T.);
#4908=EDGE_CURVE('',#3940,#3893,#1572,.T.);
#4909=EDGE_CURVE('',#3938,#3940,#1573,.T.);
#4910=EDGE_CURVE('',#3941,#3941,#1574,.T.);
#4911=EDGE_CURVE('',#3905,#3940,#2073,.F.);
#4912=EDGE_CURVE('',#3904,#3939,#1575,.T.);
#4913=EDGE_CURVE('',#3880,#3942,#1576,.T.);
#4914=EDGE_CURVE('',#3942,#3803,#2074,.T.);
#4915=EDGE_CURVE('',#3942,#3943,#1577,.T.);
#4916=EDGE_CURVE('',#3805,#3943,#2075,.T.);
#4917=EDGE_CURVE('',#3943,#3944,#1578,.T.);
#4918=EDGE_CURVE('',#3944,#3800,#2076,.T.);
#4919=EDGE_CURVE('',#3944,#3881,#2077,.T.);
#4920=EDGE_CURVE('',#3928,#3945,#2078,.T.);
#4921=EDGE_CURVE('',#3920,#3945,#1579,.T.);
#4922=EDGE_CURVE('',#3945,#3921,#1580,.T.);
#4923=EDGE_CURVE('',#3946,#3946,#1581,.T.);
#4924=EDGE_CURVE('',#3946,#3931,#2079,.T.);
#4925=EDGE_CURVE('',#3936,#3947,#2080,.T.);
#4926=EDGE_CURVE('',#3908,#3947,#1582,.T.);
#4927=EDGE_CURVE('',#3947,#3909,#1583,.T.);
#4928=EDGE_CURVE('',#3941,#3948,#2081,.T.);
#4929=EDGE_CURVE('',#3902,#3948,#1584,.T.);
#4930=EDGE_CURVE('',#3948,#3903,#1585,.T.);
#4931=EDGE_CURVE('',#3949,#3949,#1586,.T.);
#4932=EDGE_CURVE('',#3949,#3806,#2082,.T.);
#4933=EDGE_CURVE('',#3950,#3951,#2083,.T.);
#4934=EDGE_CURVE('',#3950,#3952,#69,.T.);
#4935=EDGE_CURVE('',#3953,#3952,#2084,.T.);
#4936=EDGE_CURVE('',#3874,#3953,#2085,.T.);
#4937=EDGE_CURVE('',#3873,#3954,#2086,.T.);
#4938=EDGE_CURVE('',#3955,#3954,#2087,.T.);
#4939=EDGE_CURVE('',#3955,#3956,#70,.T.);
#4940=EDGE_CURVE('',#3957,#3956,#2088,.T.);
#4941=EDGE_CURVE('',#3957,#3951,#71,.T.);
#4942=EDGE_CURVE('',#3958,#3959,#2089,.T.);
#4943=EDGE_CURVE('',#3959,#3960,#1587,.T.);
#4944=EDGE_CURVE('',#3960,#3961,#1588,.T.);
#4945=EDGE_CURVE('',#3961,#3962,#2090,.T.);
#4946=EDGE_CURVE('',#3962,#3963,#2091,.T.);
#4947=EDGE_CURVE('',#3963,#3964,#1589,.T.);
#4948=EDGE_CURVE('',#3964,#3965,#1590,.T.);
#4949=EDGE_CURVE('',#3965,#3966,#2092,.T.);
#4950=EDGE_CURVE('',#3966,#3967,#1591,.T.);
#4951=EDGE_CURVE('',#3967,#3968,#1592,.T.);
#4952=EDGE_CURVE('',#3968,#3969,#2093,.T.);
#4953=EDGE_CURVE('',#3969,#3970,#1593,.T.);
#4954=EDGE_CURVE('',#3970,#3971,#1594,.T.);
#4955=EDGE_CURVE('',#3971,#3953,#2094,.T.);
#4956=EDGE_CURVE('',#3952,#3972,#1595,.T.);
#4957=EDGE_CURVE('',#3972,#3950,#1596,.T.);
#4958=EDGE_CURVE('',#3951,#3973,#1597,.T.);
#4959=EDGE_CURVE('',#3973,#3957,#1598,.T.);
#4960=EDGE_CURVE('',#3956,#3974,#1599,.T.);
#4961=EDGE_CURVE('',#3974,#3955,#1600,.T.);
#4962=EDGE_CURVE('',#3954,#3975,#2095,.T.);
#4963=EDGE_CURVE('',#3975,#3976,#2096,.T.);
#4964=EDGE_CURVE('',#3976,#3977,#1601,.T.);
#4965=EDGE_CURVE('',#3977,#3978,#1602,.T.);
#4966=EDGE_CURVE('',#3978,#3979,#2097,.T.);
#4967=EDGE_CURVE('',#3979,#3980,#1603,.T.);
#4968=EDGE_CURVE('',#3980,#3958,#1604,.T.);
#4969=EDGE_CURVE('',#3981,#3981,#1605,.T.);
#4970=EDGE_CURVE('',#3981,#3982,#2098,.T.);
#4971=EDGE_CURVE('',#3983,#3983,#1606,.T.);
#4972=EDGE_CURVE('',#3983,#3981,#2099,.T.);
#4973=EDGE_CURVE('',#3984,#3984,#1607,.T.);
#4974=EDGE_CURVE('',#3984,#3985,#2100,.T.);
#4975=EDGE_CURVE('',#3986,#3986,#1608,.T.);
#4976=EDGE_CURVE('',#3986,#3984,#2101,.T.);
#4977=EDGE_CURVE('',#3987,#3987,#1609,.T.);
#4978=EDGE_CURVE('',#3987,#3988,#2102,.T.);
#4979=EDGE_CURVE('',#3989,#3989,#1610,.T.);
#4980=EDGE_CURVE('',#3989,#3987,#2103,.T.);
#4981=EDGE_CURVE('',#3990,#3990,#1611,.T.);
#4982=EDGE_CURVE('',#3990,#3991,#2104,.T.);
#4983=EDGE_CURVE('',#3992,#3992,#1612,.T.);
#4984=EDGE_CURVE('',#3992,#3990,#2105,.T.);
#4985=EDGE_CURVE('',#3993,#3993,#1613,.T.);
#4986=EDGE_CURVE('',#3993,#3994,#2106,.T.);
#4987=EDGE_CURVE('',#3995,#3995,#1614,.T.);
#4988=EDGE_CURVE('',#3995,#3993,#2107,.T.);
#4989=EDGE_CURVE('',#3972,#3996,#2108,.T.);
#4990=EDGE_CURVE('',#3996,#3996,#1615,.T.);
#4991=EDGE_CURVE('',#3996,#3879,#2109,.T.);
#4992=EDGE_CURVE('',#3974,#3997,#2110,.T.);
#4993=EDGE_CURVE('',#3997,#3997,#1616,.T.);
#4994=EDGE_CURVE('',#3997,#3885,#2111,.T.);
#4995=EDGE_CURVE('',#3973,#3998,#2112,.T.);
#4996=EDGE_CURVE('',#3998,#3998,#1617,.T.);
#4997=EDGE_CURVE('',#3998,#3884,#2113,.T.);
#4998=EDGE_CURVE('',#3971,#3969,#72,.T.);
#4999=EDGE_CURVE('',#3970,#3999,#2114,.T.);
#5000=EDGE_CURVE('',#3999,#3999,#1618,.T.);
#5001=EDGE_CURVE('',#3999,#3889,#2115,.T.);
#5002=EDGE_CURVE('',#3965,#3963,#73,.T.);
#5003=EDGE_CURVE('',#3964,#4000,#2116,.T.);
#5004=EDGE_CURVE('',#4000,#4000,#1619,.T.);
#5005=EDGE_CURVE('',#4000,#3888,#2117,.T.);
#5006=EDGE_CURVE('',#3968,#3966,#74,.T.);
#5007=EDGE_CURVE('',#3808,#3962,#2118,.T.);
#5008=EDGE_CURVE('',#3961,#3959,#75,.T.);
#5009=EDGE_CURVE('',#3960,#4001,#2119,.T.);
#5010=EDGE_CURVE('',#4001,#4001,#1620,.T.);
#5011=EDGE_CURVE('',#4001,#3887,#2120,.T.);
#5012=EDGE_CURVE('',#3978,#3976,#76,.T.);
#5013=EDGE_CURVE('',#3977,#4002,#2121,.T.);
#5014=EDGE_CURVE('',#4002,#4002,#1621,.T.);
#5015=EDGE_CURVE('',#4002,#3883,#2122,.T.);
#5016=EDGE_CURVE('',#3958,#3979,#77,.T.);
#5017=EDGE_CURVE('',#3980,#4003,#2123,.T.);
#5018=EDGE_CURVE('',#4003,#4003,#1622,.T.);
#5019=EDGE_CURVE('',#4003,#3882,#2124,.T.);
#5020=EDGE_CURVE('',#3807,#3975,#2125,.T.);
#5021=EDGE_CURVE('',#3967,#4004,#2126,.T.);
#5022=EDGE_CURVE('',#4004,#4004,#1623,.T.);
#5023=EDGE_CURVE('',#4004,#3886,#2127,.T.);
#5024=EDGE_CURVE('',#4005,#4006,#1624,.T.);
#5025=EDGE_CURVE('',#4006,#3870,#2128,.T.);
#5026=EDGE_CURVE('',#3869,#4005,#2129,.T.);
#5027=EDGE_CURVE('',#4007,#4006,#2130,.T.);
#5028=EDGE_CURVE('',#3871,#4007,#2131,.T.);
#5029=EDGE_CURVE('',#4005,#4008,#2132,.T.);
#5030=EDGE_CURVE('',#4009,#4008,#1625,.T.);
#5031=EDGE_CURVE('',#4009,#4010,#2133,.T.);
#5032=EDGE_CURVE('',#4011,#4010,#1626,.T.);
#5033=EDGE_CURVE('',#4011,#4012,#2134,.T.);
#5034=EDGE_CURVE('',#4012,#4007,#2135,.T.);
#5035=EDGE_CURVE('',#4013,#4014,#1627,.T.);
#5036=EDGE_CURVE('',#4014,#3860,#2136,.T.);
#5037=EDGE_CURVE('',#3859,#4013,#2137,.T.);
#5038=EDGE_CURVE('',#4015,#4014,#2138,.T.);
#5039=EDGE_CURVE('',#3861,#4015,#2139,.T.);
#5040=EDGE_CURVE('',#4013,#4016,#2140,.T.);
#5041=EDGE_CURVE('',#4016,#4017,#2141,.T.);
#5042=EDGE_CURVE('',#4017,#4018,#2142,.T.);
#5043=EDGE_CURVE('',#4019,#4018,#1628,.T.);
#5044=EDGE_CURVE('',#4019,#4020,#2143,.T.);
#5045=EDGE_CURVE('',#4015,#4020,#1629,.T.);
#5046=EDGE_CURVE('',#4010,#3866,#2144,.T.);
#5047=EDGE_CURVE('',#3865,#4011,#2145,.T.);
#5048=EDGE_CURVE('',#3867,#4009,#2146,.T.);
#5049=EDGE_CURVE('',#4008,#3868,#2147,.T.);
#5050=EDGE_CURVE('',#4020,#3862,#2148,.T.);
#5051=EDGE_CURVE('',#3863,#4019,#2149,.T.);
#5052=EDGE_CURVE('',#4018,#3864,#2150,.T.);
#5053=EDGE_CURVE('',#4021,#4022,#1630,.T.);
#5054=EDGE_CURVE('',#4022,#3854,#2151,.T.);
#5055=EDGE_CURVE('',#3853,#4021,#2152,.T.);
#5056=EDGE_CURVE('',#4023,#4022,#2153,.T.);
#5057=EDGE_CURVE('',#3855,#4023,#2154,.T.);
#5058=EDGE_CURVE('',#4021,#4024,#2155,.T.);
#5059=EDGE_CURVE('',#4025,#4024,#1631,.T.);
#5060=EDGE_CURVE('',#4025,#4026,#2156,.T.);
#5061=EDGE_CURVE('',#4027,#4026,#1632,.T.);
#5062=EDGE_CURVE('',#4027,#4028,#2157,.T.);
#5063=EDGE_CURVE('',#4028,#4023,#2158,.T.);
#5064=EDGE_CURVE('',#4029,#4030,#1633,.T.);
#5065=EDGE_CURVE('',#4030,#3844,#2159,.T.);
#5066=EDGE_CURVE('',#3843,#4029,#2160,.T.);
#5067=EDGE_CURVE('',#4031,#4030,#2161,.T.);
#5068=EDGE_CURVE('',#3845,#4031,#2162,.T.);
#5069=EDGE_CURVE('',#4029,#4032,#2163,.T.);
#5070=EDGE_CURVE('',#4032,#4033,#2164,.T.);
#5071=EDGE_CURVE('',#4033,#4034,#2165,.T.);
#5072=EDGE_CURVE('',#4035,#4034,#1634,.T.);
#5073=EDGE_CURVE('',#4035,#4036,#2166,.T.);
#5074=EDGE_CURVE('',#4031,#4036,#1635,.T.);
#5075=EDGE_CURVE('',#4026,#3850,#2167,.T.);
#5076=EDGE_CURVE('',#3849,#4027,#2168,.T.);
#5077=EDGE_CURVE('',#3851,#4025,#2169,.T.);
#5078=EDGE_CURVE('',#4024,#3852,#2170,.T.);
#5079=EDGE_CURVE('',#4036,#3846,#2171,.T.);
#5080=EDGE_CURVE('',#3847,#4035,#2172,.T.);
#5081=EDGE_CURVE('',#4034,#3848,#2173,.T.);
#5082=EDGE_CURVE('',#4037,#4038,#1636,.T.);
#5083=EDGE_CURVE('',#4038,#3838,#2174,.T.);
#5084=EDGE_CURVE('',#3837,#4037,#2175,.T.);
#5085=EDGE_CURVE('',#4039,#4038,#2176,.T.);
#5086=EDGE_CURVE('',#3839,#4039,#2177,.T.);
#5087=EDGE_CURVE('',#4037,#4040,#2178,.T.);
#5088=EDGE_CURVE('',#4041,#4040,#1637,.T.);
#5089=EDGE_CURVE('',#4041,#4042,#2179,.T.);
#5090=EDGE_CURVE('',#4043,#4042,#1638,.T.);
#5091=EDGE_CURVE('',#4043,#4044,#2180,.T.);
#5092=EDGE_CURVE('',#4044,#4039,#2181,.T.);
#5093=EDGE_CURVE('',#4045,#4046,#1639,.T.);
#5094=EDGE_CURVE('',#4046,#3828,#2182,.T.);
#5095=EDGE_CURVE('',#3827,#4045,#2183,.T.);
#5096=EDGE_CURVE('',#4047,#4046,#2184,.T.);
#5097=EDGE_CURVE('',#3829,#4047,#2185,.T.);
#5098=EDGE_CURVE('',#4045,#4048,#2186,.T.);
#5099=EDGE_CURVE('',#4048,#4049,#2187,.T.);
#5100=EDGE_CURVE('',#4049,#4050,#2188,.T.);
#5101=EDGE_CURVE('',#4051,#4050,#1640,.T.);
#5102=EDGE_CURVE('',#4051,#4052,#2189,.T.);
#5103=EDGE_CURVE('',#4047,#4052,#1641,.T.);
#5104=EDGE_CURVE('',#4042,#3834,#2190,.T.);
#5105=EDGE_CURVE('',#3833,#4043,#2191,.T.);
#5106=EDGE_CURVE('',#3835,#4041,#2192,.T.);
#5107=EDGE_CURVE('',#4040,#3836,#2193,.T.);
#5108=EDGE_CURVE('',#4052,#3830,#2194,.T.);
#5109=EDGE_CURVE('',#3831,#4051,#2195,.T.);
#5110=EDGE_CURVE('',#4050,#3832,#2196,.T.);
#5111=EDGE_CURVE('',#4016,#3858,#2197,.T.);
#5112=EDGE_CURVE('',#3857,#4017,#2198,.T.);
#5113=EDGE_CURVE('',#4012,#3872,#2199,.T.);
#5114=EDGE_CURVE('',#4032,#3842,#2200,.T.);
#5115=EDGE_CURVE('',#3841,#4033,#2201,.T.);
#5116=EDGE_CURVE('',#4028,#3856,#2202,.T.);
#5117=EDGE_CURVE('',#4048,#3826,#2203,.T.);
#5118=EDGE_CURVE('',#3825,#4049,#2204,.T.);
#5119=EDGE_CURVE('',#4044,#3840,#2205,.T.);
#5120=EDGE_CURVE('',#4053,#4054,#1642,.T.);
#5121=EDGE_CURVE('',#4054,#3822,#2206,.T.);
#5122=EDGE_CURVE('',#3821,#4053,#2207,.T.);
#5123=EDGE_CURVE('',#4055,#4054,#2208,.T.);
#5124=EDGE_CURVE('',#3823,#4055,#2209,.T.);
#5125=EDGE_CURVE('',#4053,#4056,#2210,.T.);
#5126=EDGE_CURVE('',#4057,#4056,#1643,.T.);
#5127=EDGE_CURVE('',#4057,#4058,#2211,.T.);
#5128=EDGE_CURVE('',#4059,#4058,#1644,.T.);
#5129=EDGE_CURVE('',#4059,#4060,#2212,.T.);
#5130=EDGE_CURVE('',#4060,#4055,#2213,.T.);
#5131=EDGE_CURVE('',#4061,#4062,#1645,.T.);
#5132=EDGE_CURVE('',#4062,#3812,#2214,.T.);
#5133=EDGE_CURVE('',#3811,#4061,#2215,.T.);
#5134=EDGE_CURVE('',#4063,#4062,#2216,.T.);
#5135=EDGE_CURVE('',#3813,#4063,#2217,.T.);
#5136=EDGE_CURVE('',#4061,#4064,#2218,.T.);
#5137=EDGE_CURVE('',#4064,#4065,#2219,.T.);
#5138=EDGE_CURVE('',#4065,#4066,#2220,.T.);
#5139=EDGE_CURVE('',#4067,#4066,#1646,.T.);
#5140=EDGE_CURVE('',#4067,#4068,#2221,.T.);
#5141=EDGE_CURVE('',#4063,#4068,#1647,.T.);
#5142=EDGE_CURVE('',#4058,#3818,#2222,.T.);
#5143=EDGE_CURVE('',#3817,#4059,#2223,.T.);
#5144=EDGE_CURVE('',#3819,#4057,#2224,.T.);
#5145=EDGE_CURVE('',#4056,#3820,#2225,.T.);
#5146=EDGE_CURVE('',#4068,#3814,#2226,.T.);
#5147=EDGE_CURVE('',#3815,#4067,#2227,.T.);
#5148=EDGE_CURVE('',#4066,#3816,#2228,.T.);
#5149=EDGE_CURVE('',#4064,#3810,#2229,.T.);
#5150=EDGE_CURVE('',#3809,#4065,#2230,.T.);
#5151=EDGE_CURVE('',#4060,#3824,#2231,.T.);
#5152=EDGE_CURVE('',#4069,#4070,#3787,.F.);
#5153=EDGE_CURVE('',#4069,#4071,#2232,.T.);
#5154=EDGE_CURVE('',#4071,#4072,#1503,.T.);
#5155=EDGE_CURVE('',#4072,#4073,#2233,.T.);
#5156=EDGE_CURVE('',#4073,#4074,#1504,.T.);
#5157=EDGE_CURVE('',#4074,#4075,#2234,.T.);
#5158=EDGE_CURVE('',#4070,#4075,#3788,.F.);
#5159=EDGE_CURVE('',#4076,#4077,#2235,.T.);
#5160=EDGE_CURVE('',#4077,#4078,#2236,.T.);
#5161=EDGE_CURVE('',#4078,#4079,#2237,.T.);
#5162=EDGE_CURVE('',#4080,#4079,#2238,.T.);
#5163=EDGE_CURVE('',#4080,#4081,#1648,.F.);
#5164=EDGE_CURVE('',#4082,#4081,#2239,.T.);
#5165=EDGE_CURVE('',#4082,#4083,#1649,.F.);
#5166=EDGE_CURVE('',#4084,#4083,#2240,.T.);
#5167=EDGE_CURVE('',#4084,#4085,#1650,.F.);
#5168=EDGE_CURVE('',#4085,#4086,#2241,.T.);
#5169=EDGE_CURVE('',#4086,#4087,#1651,.F.);
#5170=EDGE_CURVE('',#4088,#4087,#2242,.T.);
#5171=EDGE_CURVE('',#4088,#4089,#1652,.F.);
#5172=EDGE_CURVE('',#4090,#4089,#2243,.T.);
#5173=EDGE_CURVE('',#4090,#4091,#1653,.F.);
#5174=EDGE_CURVE('',#4092,#4091,#2244,.T.);
#5175=EDGE_CURVE('',#4092,#4093,#2245,.T.);
#5176=EDGE_CURVE('',#4093,#4094,#2246,.T.);
#5177=EDGE_CURVE('',#4094,#4095,#2247,.T.);
#5178=EDGE_CURVE('',#4096,#4095,#2248,.T.);
#5179=EDGE_CURVE('',#4096,#4097,#1654,.F.);
#5180=EDGE_CURVE('',#4098,#4097,#2249,.T.);
#5181=EDGE_CURVE('',#4098,#4099,#1655,.F.);
#5182=EDGE_CURVE('',#4100,#4099,#2250,.T.);
#5183=EDGE_CURVE('',#4100,#4101,#1656,.F.);
#5184=EDGE_CURVE('',#4101,#4102,#2251,.T.);
#5185=EDGE_CURVE('',#4102,#4103,#1657,.F.);
#5186=EDGE_CURVE('',#4104,#4103,#2252,.T.);
#5187=EDGE_CURVE('',#4104,#4105,#1658,.F.);
#5188=EDGE_CURVE('',#4106,#4105,#2253,.T.);
#5189=EDGE_CURVE('',#4106,#4107,#1659,.F.);
#5190=EDGE_CURVE('',#4108,#4107,#2254,.T.);
#5191=EDGE_CURVE('',#4108,#4109,#2255,.T.);
#5192=EDGE_CURVE('',#4109,#4110,#2256,.T.);
#5193=EDGE_CURVE('',#4110,#4111,#2257,.T.);
#5194=EDGE_CURVE('',#4112,#4111,#2258,.T.);
#5195=EDGE_CURVE('',#4112,#4113,#1660,.F.);
#5196=EDGE_CURVE('',#4114,#4113,#2259,.T.);
#5197=EDGE_CURVE('',#4114,#4115,#1661,.F.);
#5198=EDGE_CURVE('',#4116,#4115,#2260,.T.);
#5199=EDGE_CURVE('',#4116,#4117,#1662,.F.);
#5200=EDGE_CURVE('',#4117,#4118,#2261,.T.);
#5201=EDGE_CURVE('',#4118,#4119,#1663,.F.);
#5202=EDGE_CURVE('',#4120,#4119,#2262,.T.);
#5203=EDGE_CURVE('',#4120,#4121,#1664,.F.);
#5204=EDGE_CURVE('',#4122,#4121,#2263,.T.);
#5205=EDGE_CURVE('',#4122,#4123,#1665,.F.);
#5206=EDGE_CURVE('',#4124,#4123,#2264,.T.);
#5207=EDGE_CURVE('',#4124,#4125,#2265,.T.);
#5208=EDGE_CURVE('',#4125,#4126,#2266,.T.);
#5209=EDGE_CURVE('',#4126,#4127,#2267,.T.);
#5210=EDGE_CURVE('',#4128,#4127,#2268,.T.);
#5211=EDGE_CURVE('',#4128,#4129,#1666,.F.);
#5212=EDGE_CURVE('',#4130,#4129,#2269,.T.);
#5213=EDGE_CURVE('',#4130,#4131,#1667,.F.);
#5214=EDGE_CURVE('',#4132,#4131,#2270,.T.);
#5215=EDGE_CURVE('',#4132,#4133,#1668,.F.);
#5216=EDGE_CURVE('',#4133,#4134,#2271,.T.);
#5217=EDGE_CURVE('',#4134,#4135,#1669,.F.);
#5218=EDGE_CURVE('',#4136,#4135,#2272,.T.);
#5219=EDGE_CURVE('',#4136,#4137,#1670,.F.);
#5220=EDGE_CURVE('',#4138,#4137,#2273,.T.);
#5221=EDGE_CURVE('',#4138,#4139,#1671,.F.);
#5222=EDGE_CURVE('',#4140,#4139,#2274,.T.);
#5223=EDGE_CURVE('',#4140,#4141,#2275,.T.);
#5224=EDGE_CURVE('',#4141,#4142,#2276,.T.);
#5225=EDGE_CURVE('',#4142,#4143,#2277,.T.);
#5226=EDGE_CURVE('',#4143,#4076,#2278,.T.);
#5227=EDGE_CURVE('',#4144,#4144,#1672,.T.);
#5228=EDGE_CURVE('',#4145,#4145,#1673,.T.);
#5229=EDGE_CURVE('',#4146,#4146,#1674,.T.);
#5230=EDGE_CURVE('',#4147,#4147,#1675,.T.);
#5231=EDGE_CURVE('',#4148,#4148,#1676,.T.);
#5232=EDGE_CURVE('',#4149,#4149,#1677,.T.);
#5233=EDGE_CURVE('',#4150,#4150,#1678,.T.);
#5234=EDGE_CURVE('',#4151,#4151,#1679,.T.);
#5235=EDGE_CURVE('',#4152,#4152,#1680,.T.);
#5236=EDGE_CURVE('',#4073,#4153,#2279,.T.);
#5237=EDGE_CURVE('',#4154,#4072,#2280,.T.);
#5238=EDGE_CURVE('',#4154,#4153,#2281,.T.);
#5239=EDGE_CURVE('',#4155,#4156,#2282,.T.);
#5240=EDGE_CURVE('',#4157,#4155,#2283,.T.);
#5241=EDGE_CURVE('',#4158,#4157,#2284,.T.);
#5242=EDGE_CURVE('',#4158,#4156,#2285,.T.);
#5243=EDGE_CURVE('',#4159,#4160,#2286,.T.);
#5244=EDGE_CURVE('',#4161,#4159,#2287,.T.);
#5245=EDGE_CURVE('',#4162,#4161,#2288,.T.);
#5246=EDGE_CURVE('',#4162,#4160,#2289,.T.);
#5247=EDGE_CURVE('',#4163,#4164,#2290,.T.);
#5248=EDGE_CURVE('',#4165,#4163,#2291,.T.);
#5249=EDGE_CURVE('',#4166,#4165,#2292,.T.);
#5250=EDGE_CURVE('',#4166,#4164,#2293,.T.);
#5251=EDGE_CURVE('',#4167,#4168,#2294,.T.);
#5252=EDGE_CURVE('',#4169,#4167,#2295,.T.);
#5253=EDGE_CURVE('',#4170,#4169,#2296,.T.);
#5254=EDGE_CURVE('',#4170,#4168,#2297,.T.);
#5255=EDGE_CURVE('',#4074,#4171,#2298,.T.);
#5256=EDGE_CURVE('',#4172,#4171,#1681,.T.);
#5257=EDGE_CURVE('',#4172,#4173,#2299,.T.);
#5258=EDGE_CURVE('',#4174,#4173,#1682,.T.);
#5259=EDGE_CURVE('',#4174,#4071,#2300,.T.);
#5260=EDGE_CURVE('',#4069,#4075,#1683,.T.);
#5261=EDGE_CURVE('',#4175,#4176,#3789,.F.);
#5262=EDGE_CURVE('',#4175,#4177,#2301,.T.);
#5263=EDGE_CURVE('',#4177,#4157,#1505,.T.);
#5264=EDGE_CURVE('',#4155,#4178,#1506,.T.);
#5265=EDGE_CURVE('',#4178,#4179,#2302,.T.);
#5266=EDGE_CURVE('',#4176,#4179,#3790,.F.);
#5267=EDGE_CURVE('',#4178,#4180,#2303,.T.);
#5268=EDGE_CURVE('',#4181,#4180,#1684,.T.);
#5269=EDGE_CURVE('',#4181,#4182,#2304,.T.);
#5270=EDGE_CURVE('',#4183,#4182,#1685,.T.);
#5271=EDGE_CURVE('',#4183,#4177,#2305,.T.);
#5272=EDGE_CURVE('',#4175,#4179,#1686,.T.);
#5273=EDGE_CURVE('',#4184,#4185,#3791,.F.);
#5274=EDGE_CURVE('',#4184,#4186,#2306,.T.);
#5275=EDGE_CURVE('',#4186,#4161,#1507,.T.);
#5276=EDGE_CURVE('',#4159,#4187,#1508,.T.);
#5277=EDGE_CURVE('',#4187,#4188,#2307,.T.);
#5278=EDGE_CURVE('',#4185,#4188,#3792,.F.);
#5279=EDGE_CURVE('',#4187,#4189,#2308,.T.);
#5280=EDGE_CURVE('',#4190,#4189,#1687,.T.);
#5281=EDGE_CURVE('',#4190,#4191,#2309,.T.);
#5282=EDGE_CURVE('',#4192,#4191,#1688,.T.);
#5283=EDGE_CURVE('',#4192,#4186,#2310,.T.);
#5284=EDGE_CURVE('',#4184,#4188,#1689,.T.);
#5285=EDGE_CURVE('',#4193,#4194,#3793,.F.);
#5286=EDGE_CURVE('',#4193,#4195,#2311,.T.);
#5287=EDGE_CURVE('',#4195,#4169,#1509,.T.);
#5288=EDGE_CURVE('',#4167,#4196,#1510,.T.);
#5289=EDGE_CURVE('',#4196,#4197,#2312,.T.);
#5290=EDGE_CURVE('',#4194,#4197,#3794,.F.);
#5291=EDGE_CURVE('',#4196,#4198,#2313,.T.);
#5292=EDGE_CURVE('',#4199,#4198,#1690,.T.);
#5293=EDGE_CURVE('',#4199,#4200,#2314,.T.);
#5294=EDGE_CURVE('',#4201,#4200,#1691,.T.);
#5295=EDGE_CURVE('',#4201,#4195,#2315,.T.);
#5296=EDGE_CURVE('',#4193,#4197,#1692,.T.);
#5297=EDGE_CURVE('',#4202,#4203,#3795,.F.);
#5298=EDGE_CURVE('',#4202,#4204,#2316,.T.);
#5299=EDGE_CURVE('',#4204,#4165,#1511,.T.);
#5300=EDGE_CURVE('',#4163,#4205,#1512,.T.);
#5301=EDGE_CURVE('',#4205,#4206,#2317,.T.);
#5302=EDGE_CURVE('',#4203,#4206,#3796,.F.);
#5303=EDGE_CURVE('',#4168,#4207,#1693,.T.);
#5304=EDGE_CURVE('',#4207,#4196,#2318,.T.);
#5305=EDGE_CURVE('',#4207,#4208,#2319,.T.);
#5306=EDGE_CURVE('',#4198,#4208,#2320,.T.);
#5307=EDGE_CURVE('',#4195,#4209,#2321,.T.);
#5308=EDGE_CURVE('',#4209,#4170,#1694,.T.);
#5309=EDGE_CURVE('',#4210,#4201,#2322,.T.);
#5310=EDGE_CURVE('',#4210,#4209,#2323,.T.);
#5311=EDGE_CURVE('',#4208,#4211,#1695,.T.);
#5312=EDGE_CURVE('',#4211,#4199,#2324,.T.);
#5313=EDGE_CURVE('',#4212,#4210,#1696,.T.);
#5314=EDGE_CURVE('',#4200,#4212,#2325,.T.);
#5315=EDGE_CURVE('',#4164,#4213,#1697,.T.);
#5316=EDGE_CURVE('',#4213,#4205,#2326,.T.);
#5317=EDGE_CURVE('',#4213,#4214,#2327,.T.);
#5318=EDGE_CURVE('',#4215,#4214,#2328,.T.);
#5319=EDGE_CURVE('',#4205,#4215,#2329,.T.);
#5320=EDGE_CURVE('',#4204,#4216,#2330,.T.);
#5321=EDGE_CURVE('',#4216,#4166,#1698,.T.);
#5322=EDGE_CURVE('',#4217,#4204,#2331,.T.);
#5323=EDGE_CURVE('',#4218,#4217,#2332,.T.);
#5324=EDGE_CURVE('',#4218,#4216,#2333,.T.);
#5325=EDGE_CURVE('',#4219,#4215,#1699,.T.);
#5326=EDGE_CURVE('',#4214,#4220,#1700,.T.);
#5327=EDGE_CURVE('',#4220,#4219,#2334,.T.);
#5328=EDGE_CURVE('',#4219,#4221,#2335,.T.);
#5329=EDGE_CURVE('',#4217,#4221,#1701,.T.);
#5330=EDGE_CURVE('',#4202,#4206,#1702,.T.);
#5331=EDGE_CURVE('',#4222,#4218,#1703,.T.);
#5332=EDGE_CURVE('',#4221,#4222,#2336,.T.);
#5333=EDGE_CURVE('',#4189,#4223,#2337,.T.);
#5334=EDGE_CURVE('',#4223,#4224,#1704,.T.);
#5335=EDGE_CURVE('',#4224,#4190,#2338,.T.);
#5336=EDGE_CURVE('',#4224,#4225,#2339,.T.);
#5337=EDGE_CURVE('',#4191,#4225,#2340,.T.);
#5338=EDGE_CURVE('',#4226,#4223,#2341,.T.);
#5339=EDGE_CURVE('',#4160,#4226,#1705,.T.);
#5340=EDGE_CURVE('',#4227,#4162,#1706,.T.);
#5341=EDGE_CURVE('',#4228,#4227,#2342,.T.);
#5342=EDGE_CURVE('',#4225,#4228,#1707,.T.);
#5343=EDGE_CURVE('',#4229,#4229,#1708,.T.);
#5344=EDGE_CURVE('',#4228,#4192,#2343,.T.);
#5345=EDGE_CURVE('',#4226,#4187,#2344,.T.);
#5346=EDGE_CURVE('',#4186,#4227,#2345,.T.);
#5347=EDGE_CURVE('',#4230,#4231,#1709,.T.);
#5348=EDGE_CURVE('',#4231,#4183,#2346,.T.);
#5349=EDGE_CURVE('',#4182,#4230,#2347,.T.);
#5350=EDGE_CURVE('',#4232,#4181,#2348,.T.);
#5351=EDGE_CURVE('',#4232,#4230,#2349,.T.);
#5352=EDGE_CURVE('',#4180,#4233,#2350,.T.);
#5353=EDGE_CURVE('',#4233,#4232,#1710,.T.);
#5354=EDGE_CURVE('',#4177,#4234,#2351,.T.);
#5355=EDGE_CURVE('',#4234,#4158,#1711,.T.);
#5356=EDGE_CURVE('',#4231,#4234,#2352,.T.);
#5357=EDGE_CURVE('',#4156,#4235,#1712,.T.);
#5358=EDGE_CURVE('',#4235,#4178,#2353,.T.);
#5359=EDGE_CURVE('',#4235,#4233,#2354,.T.);
#5360=EDGE_CURVE('',#4236,#4237,#1713,.T.);
#5361=EDGE_CURVE('',#4237,#4174,#2355,.T.);
#5362=EDGE_CURVE('',#4173,#4236,#2356,.T.);
#5363=EDGE_CURVE('',#4238,#4172,#2357,.T.);
#5364=EDGE_CURVE('',#4238,#4236,#2358,.T.);
#5365=EDGE_CURVE('',#4171,#4239,#2359,.T.);
#5366=EDGE_CURVE('',#4239,#4238,#1714,.T.);
#5367=EDGE_CURVE('',#4071,#4240,#2360,.T.);
#5368=EDGE_CURVE('',#4240,#4154,#1715,.T.);
#5369=EDGE_CURVE('',#4237,#4240,#2361,.T.);
#5370=EDGE_CURVE('',#4153,#4241,#1716,.T.);
#5371=EDGE_CURVE('',#4241,#4074,#2362,.T.);
#5372=EDGE_CURVE('',#4241,#4239,#2363,.T.);
#5373=EDGE_CURVE('',#4242,#4242,#1717,.T.);
#5374=EDGE_CURVE('',#4242,#4070,#2364,.T.);
#5375=EDGE_CURVE('',#4243,#4243,#1718,.T.);
#5376=EDGE_CURVE('',#4243,#4176,#2365,.T.);
#5377=EDGE_CURVE('',#4229,#4185,#2366,.T.);
#5378=EDGE_CURVE('',#4244,#4244,#1719,.T.);
#5379=EDGE_CURVE('',#4244,#4194,#2367,.T.);
#5380=EDGE_CURVE('',#4245,#4245,#1720,.T.);
#5381=EDGE_CURVE('',#4245,#4203,#2368,.T.);
#5382=EDGE_CURVE('',#4211,#4212,#2369,.T.);
#5383=EDGE_CURVE('',#4220,#4222,#2370,.T.);
#5384=EDGE_CURVE('',#4246,#4247,#2371,.T.);
#5385=EDGE_CURVE('',#4248,#4247,#78,.T.);
#5386=EDGE_CURVE('',#4248,#4249,#2372,.T.);
#5387=EDGE_CURVE('',#4143,#4249,#2373,.T.);
#5388=EDGE_CURVE('',#4142,#4250,#2374,.T.);
#5389=EDGE_CURVE('',#4250,#4251,#2375,.T.);
#5390=EDGE_CURVE('',#4252,#4251,#79,.T.);
#5391=EDGE_CURVE('',#4252,#4253,#2376,.T.);
#5392=EDGE_CURVE('',#4246,#4253,#80,.T.);
#5393=EDGE_CURVE('',#4254,#4255,#2377,.T.);
#5394=EDGE_CURVE('',#4256,#4254,#1721,.T.);
#5395=EDGE_CURVE('',#4257,#4256,#1722,.T.);
#5396=EDGE_CURVE('',#4258,#4257,#2378,.T.);
#5397=EDGE_CURVE('',#4259,#4258,#2379,.T.);
#5398=EDGE_CURVE('',#4260,#4259,#1723,.T.);
#5399=EDGE_CURVE('',#4261,#4260,#1724,.T.);
#5400=EDGE_CURVE('',#4262,#4261,#2380,.T.);
#5401=EDGE_CURVE('',#4263,#4262,#1725,.T.);
#5402=EDGE_CURVE('',#4264,#4263,#1726,.T.);
#5403=EDGE_CURVE('',#4265,#4264,#2381,.T.);
#5404=EDGE_CURVE('',#4266,#4265,#1727,.T.);
#5405=EDGE_CURVE('',#4267,#4266,#1728,.T.);
#5406=EDGE_CURVE('',#4249,#4267,#2382,.T.);
#5407=EDGE_CURVE('',#4268,#4248,#1729,.T.);
#5408=EDGE_CURVE('',#4247,#4268,#1730,.T.);
#5409=EDGE_CURVE('',#4269,#4246,#1731,.T.);
#5410=EDGE_CURVE('',#4253,#4269,#1732,.T.);
#5411=EDGE_CURVE('',#4270,#4252,#1733,.T.);
#5412=EDGE_CURVE('',#4251,#4270,#1734,.T.);
#5413=EDGE_CURVE('',#4271,#4250,#2383,.T.);
#5414=EDGE_CURVE('',#4272,#4271,#2384,.T.);
#5415=EDGE_CURVE('',#4273,#4272,#1735,.T.);
#5416=EDGE_CURVE('',#4274,#4273,#1736,.T.);
#5417=EDGE_CURVE('',#4275,#4274,#2385,.T.);
#5418=EDGE_CURVE('',#4276,#4275,#1737,.T.);
#5419=EDGE_CURVE('',#4255,#4276,#1738,.T.);
#5420=EDGE_CURVE('',#4277,#4277,#1739,.T.);
#5421=EDGE_CURVE('',#4277,#4278,#2386,.T.);
#5422=EDGE_CURVE('',#4279,#4279,#1740,.T.);
#5423=EDGE_CURVE('',#4279,#4277,#2387,.T.);
#5424=EDGE_CURVE('',#4280,#4280,#1741,.T.);
#5425=EDGE_CURVE('',#4280,#4281,#2388,.T.);
#5426=EDGE_CURVE('',#4282,#4282,#1742,.T.);
#5427=EDGE_CURVE('',#4282,#4280,#2389,.T.);
#5428=EDGE_CURVE('',#4283,#4283,#1743,.T.);
#5429=EDGE_CURVE('',#4283,#4284,#2390,.T.);
#5430=EDGE_CURVE('',#4285,#4285,#1744,.T.);
#5431=EDGE_CURVE('',#4285,#4283,#2391,.T.);
#5432=EDGE_CURVE('',#4286,#4286,#1745,.T.);
#5433=EDGE_CURVE('',#4286,#4287,#2392,.T.);
#5434=EDGE_CURVE('',#4288,#4288,#1746,.T.);
#5435=EDGE_CURVE('',#4288,#4286,#2393,.T.);
#5436=EDGE_CURVE('',#4289,#4289,#1747,.T.);
#5437=EDGE_CURVE('',#4289,#4290,#2394,.T.);
#5438=EDGE_CURVE('',#4291,#4291,#1748,.T.);
#5439=EDGE_CURVE('',#4291,#4289,#2395,.T.);
#5440=EDGE_CURVE('',#4254,#4257,#81,.T.);
#5441=EDGE_CURVE('',#4256,#4292,#2396,.T.);
#5442=EDGE_CURVE('',#4292,#4292,#1749,.T.);
#5443=EDGE_CURVE('',#4292,#4144,#2397,.T.);
#5444=EDGE_CURVE('',#4272,#4274,#82,.T.);
#5445=EDGE_CURVE('',#4273,#4293,#2398,.T.);
#5446=EDGE_CURVE('',#4293,#4293,#1750,.T.);
#5447=EDGE_CURVE('',#4293,#4149,#2399,.T.);
#5448=EDGE_CURVE('',#4275,#4255,#83,.T.);
#5449=EDGE_CURVE('',#4276,#4294,#2400,.T.);
#5450=EDGE_CURVE('',#4294,#4294,#1751,.T.);
#5451=EDGE_CURVE('',#4294,#4150,#2401,.T.);
#5452=EDGE_CURVE('',#4076,#4258,#2402,.T.);
#5453=EDGE_CURVE('',#4077,#4271,#2403,.T.);
#5454=EDGE_CURVE('',#4259,#4261,#84,.T.);
#5455=EDGE_CURVE('',#4260,#4295,#2404,.T.);
#5456=EDGE_CURVE('',#4295,#4295,#1752,.T.);
#5457=EDGE_CURVE('',#4295,#4145,#2405,.T.);
#5458=EDGE_CURVE('',#4265,#4267,#85,.T.);
#5459=EDGE_CURVE('',#4266,#4296,#2406,.T.);
#5460=EDGE_CURVE('',#4296,#4296,#1753,.T.);
#5461=EDGE_CURVE('',#4296,#4146,#2407,.T.);
#5462=EDGE_CURVE('',#4262,#4264,#86,.T.);
#5463=EDGE_CURVE('',#4268,#4297,#2408,.T.);
#5464=EDGE_CURVE('',#4297,#4297,#1754,.T.);
#5465=EDGE_CURVE('',#4297,#4147,#2409,.T.);
#5466=EDGE_CURVE('',#4270,#4298,#2410,.T.);
#5467=EDGE_CURVE('',#4298,#4298,#1755,.T.);
#5468=EDGE_CURVE('',#4298,#4151,#2411,.T.);
#5469=EDGE_CURVE('',#4269,#4299,#2412,.T.);
#5470=EDGE_CURVE('',#4299,#4299,#1756,.T.);
#5471=EDGE_CURVE('',#4299,#4152,#2413,.T.);
#5472=EDGE_CURVE('',#4263,#4300,#2414,.T.);
#5473=EDGE_CURVE('',#4300,#4300,#1757,.T.);
#5474=EDGE_CURVE('',#4300,#4148,#2415,.T.);
#5475=EDGE_CURVE('',#4301,#4302,#1758,.T.);
#5476=EDGE_CURVE('',#4081,#4301,#2416,.T.);
#5477=EDGE_CURVE('',#4302,#4080,#2417,.T.);
#5478=EDGE_CURVE('',#4079,#4303,#2418,.T.);
#5479=EDGE_CURVE('',#4303,#4302,#2419,.T.);
#5480=EDGE_CURVE('',#4304,#4303,#2420,.T.);
#5481=EDGE_CURVE('',#4305,#4304,#2421,.T.);
#5482=EDGE_CURVE('',#4305,#4306,#1759,.T.);
#5483=EDGE_CURVE('',#4307,#4306,#2422,.T.);
#5484=EDGE_CURVE('',#4307,#4308,#1760,.T.);
#5485=EDGE_CURVE('',#4301,#4308,#2423,.T.);
#5486=EDGE_CURVE('',#4309,#4310,#1761,.T.);
#5487=EDGE_CURVE('',#4091,#4309,#2424,.T.);
#5488=EDGE_CURVE('',#4310,#4090,#2425,.T.);
#5489=EDGE_CURVE('',#4089,#4311,#2426,.T.);
#5490=EDGE_CURVE('',#4311,#4310,#2427,.T.);
#5491=EDGE_CURVE('',#4311,#4312,#1762,.T.);
#5492=EDGE_CURVE('',#4313,#4312,#2428,.T.);
#5493=EDGE_CURVE('',#4313,#4314,#1763,.T.);
#5494=EDGE_CURVE('',#4315,#4314,#2429,.T.);
#5495=EDGE_CURVE('',#4316,#4315,#2430,.T.);
#5496=EDGE_CURVE('',#4309,#4316,#2431,.T.);
#5497=EDGE_CURVE('',#4085,#4305,#2432,.T.);
#5498=EDGE_CURVE('',#4306,#4084,#2433,.T.);
#5499=EDGE_CURVE('',#4083,#4307,#2434,.T.);
#5500=EDGE_CURVE('',#4308,#4082,#2435,.T.);
#5501=EDGE_CURVE('',#4312,#4088,#2436,.T.);
#5502=EDGE_CURVE('',#4087,#4313,#2437,.T.);
#5503=EDGE_CURVE('',#4314,#4086,#2438,.T.);
#5504=EDGE_CURVE('',#4317,#4318,#1764,.T.);
#5505=EDGE_CURVE('',#4097,#4317,#2439,.T.);
#5506=EDGE_CURVE('',#4318,#4096,#2440,.T.);
#5507=EDGE_CURVE('',#4095,#4319,#2441,.T.);
#5508=EDGE_CURVE('',#4319,#4318,#2442,.T.);
#5509=EDGE_CURVE('',#4320,#4319,#2443,.T.);
#5510=EDGE_CURVE('',#4321,#4320,#2444,.T.);
#5511=EDGE_CURVE('',#4321,#4322,#1765,.T.);
#5512=EDGE_CURVE('',#4323,#4322,#2445,.T.);
#5513=EDGE_CURVE('',#4323,#4324,#1766,.T.);
#5514=EDGE_CURVE('',#4317,#4324,#2446,.T.);
#5515=EDGE_CURVE('',#4325,#4326,#1767,.T.);
#5516=EDGE_CURVE('',#4107,#4325,#2447,.T.);
#5517=EDGE_CURVE('',#4326,#4106,#2448,.T.);
#5518=EDGE_CURVE('',#4105,#4327,#2449,.T.);
#5519=EDGE_CURVE('',#4327,#4326,#2450,.T.);
#5520=EDGE_CURVE('',#4327,#4328,#1768,.T.);
#5521=EDGE_CURVE('',#4329,#4328,#2451,.T.);
#5522=EDGE_CURVE('',#4329,#4330,#1769,.T.);
#5523=EDGE_CURVE('',#4331,#4330,#2452,.T.);
#5524=EDGE_CURVE('',#4332,#4331,#2453,.T.);
#5525=EDGE_CURVE('',#4325,#4332,#2454,.T.);
#5526=EDGE_CURVE('',#4101,#4321,#2455,.T.);
#5527=EDGE_CURVE('',#4322,#4100,#2456,.T.);
#5528=EDGE_CURVE('',#4099,#4323,#2457,.T.);
#5529=EDGE_CURVE('',#4324,#4098,#2458,.T.);
#5530=EDGE_CURVE('',#4328,#4104,#2459,.T.);
#5531=EDGE_CURVE('',#4103,#4329,#2460,.T.);
#5532=EDGE_CURVE('',#4330,#4102,#2461,.T.);
#5533=EDGE_CURVE('',#4333,#4334,#1770,.T.);
#5534=EDGE_CURVE('',#4113,#4333,#2462,.T.);
#5535=EDGE_CURVE('',#4334,#4112,#2463,.T.);
#5536=EDGE_CURVE('',#4111,#4335,#2464,.T.);
#5537=EDGE_CURVE('',#4335,#4334,#2465,.T.);
#5538=EDGE_CURVE('',#4336,#4335,#2466,.T.);
#5539=EDGE_CURVE('',#4337,#4336,#2467,.T.);
#5540=EDGE_CURVE('',#4337,#4338,#1771,.T.);
#5541=EDGE_CURVE('',#4339,#4338,#2468,.T.);
#5542=EDGE_CURVE('',#4339,#4340,#1772,.T.);
#5543=EDGE_CURVE('',#4333,#4340,#2469,.T.);
#5544=EDGE_CURVE('',#4341,#4342,#1773,.T.);
#5545=EDGE_CURVE('',#4123,#4341,#2470,.T.);
#5546=EDGE_CURVE('',#4342,#4122,#2471,.T.);
#5547=EDGE_CURVE('',#4121,#4343,#2472,.T.);
#5548=EDGE_CURVE('',#4343,#4342,#2473,.T.);
#5549=EDGE_CURVE('',#4343,#4344,#1774,.T.);
#5550=EDGE_CURVE('',#4345,#4344,#2474,.T.);
#5551=EDGE_CURVE('',#4345,#4346,#1775,.T.);
#5552=EDGE_CURVE('',#4347,#4346,#2475,.T.);
#5553=EDGE_CURVE('',#4348,#4347,#2476,.T.);
#5554=EDGE_CURVE('',#4341,#4348,#2477,.T.);
#5555=EDGE_CURVE('',#4117,#4337,#2478,.T.);
#5556=EDGE_CURVE('',#4338,#4116,#2479,.T.);
#5557=EDGE_CURVE('',#4115,#4339,#2480,.T.);
#5558=EDGE_CURVE('',#4340,#4114,#2481,.T.);
#5559=EDGE_CURVE('',#4344,#4120,#2482,.T.);
#5560=EDGE_CURVE('',#4119,#4345,#2483,.T.);
#5561=EDGE_CURVE('',#4346,#4118,#2484,.T.);
#5562=EDGE_CURVE('',#4316,#4092,#2485,.T.);
#5563=EDGE_CURVE('',#4093,#4315,#2486,.T.);
#5564=EDGE_CURVE('',#4304,#4078,#2487,.T.);
#5565=EDGE_CURVE('',#4332,#4108,#2488,.T.);
#5566=EDGE_CURVE('',#4109,#4331,#2489,.T.);
#5567=EDGE_CURVE('',#4320,#4094,#2490,.T.);
#5568=EDGE_CURVE('',#4348,#4124,#2491,.T.);
#5569=EDGE_CURVE('',#4125,#4347,#2492,.T.);
#5570=EDGE_CURVE('',#4336,#4110,#2493,.T.);
#5571=EDGE_CURVE('',#4349,#4350,#1776,.T.);
#5572=EDGE_CURVE('',#4129,#4349,#2494,.T.);
#5573=EDGE_CURVE('',#4350,#4128,#2495,.T.);
#5574=EDGE_CURVE('',#4127,#4351,#2496,.T.);
#5575=EDGE_CURVE('',#4351,#4350,#2497,.T.);
#5576=EDGE_CURVE('',#4352,#4351,#2498,.T.);
#5577=EDGE_CURVE('',#4353,#4352,#2499,.T.);
#5578=EDGE_CURVE('',#4353,#4354,#1777,.T.);
#5579=EDGE_CURVE('',#4355,#4354,#2500,.T.);
#5580=EDGE_CURVE('',#4355,#4356,#1778,.T.);
#5581=EDGE_CURVE('',#4349,#4356,#2501,.T.);
#5582=EDGE_CURVE('',#4357,#4358,#1779,.T.);
#5583=EDGE_CURVE('',#4139,#4357,#2502,.T.);
#5584=EDGE_CURVE('',#4358,#4138,#2503,.T.);
#5585=EDGE_CURVE('',#4137,#4359,#2504,.T.);
#5586=EDGE_CURVE('',#4359,#4358,#2505,.T.);
#5587=EDGE_CURVE('',#4359,#4360,#1780,.T.);
#5588=EDGE_CURVE('',#4361,#4360,#2506,.T.);
#5589=EDGE_CURVE('',#4361,#4362,#1781,.T.);
#5590=EDGE_CURVE('',#4363,#4362,#2507,.T.);
#5591=EDGE_CURVE('',#4364,#4363,#2508,.T.);
#5592=EDGE_CURVE('',#4357,#4364,#2509,.T.);
#5593=EDGE_CURVE('',#4133,#4353,#2510,.T.);
#5594=EDGE_CURVE('',#4354,#4132,#2511,.T.);
#5595=EDGE_CURVE('',#4131,#4355,#2512,.T.);
#5596=EDGE_CURVE('',#4356,#4130,#2513,.T.);
#5597=EDGE_CURVE('',#4360,#4136,#2514,.T.);
#5598=EDGE_CURVE('',#4135,#4361,#2515,.T.);
#5599=EDGE_CURVE('',#4362,#4134,#2516,.T.);
#5600=EDGE_CURVE('',#4364,#4140,#2517,.T.);
#5601=EDGE_CURVE('',#4141,#4363,#2518,.T.);
#5602=EDGE_CURVE('',#4352,#4126,#2519,.T.);
#5603=EDGE_CURVE('',#4365,#4365,#1782,.T.);
#5604=EDGE_CURVE('',#4365,#4366,#2520,.T.);
#5605=EDGE_CURVE('',#4367,#4367,#1783,.T.);
#5606=EDGE_CURVE('',#4367,#4365,#2521,.T.);
#5607=EDGE_CURVE('',#4368,#4368,#1784,.T.);
#5608=EDGE_CURVE('',#4368,#4369,#2522,.T.);
#5609=EDGE_CURVE('',#4370,#4370,#1785,.T.);
#5610=EDGE_CURVE('',#4370,#4368,#2523,.T.);
#5611=EDGE_CURVE('',#4371,#4371,#1786,.T.);
#5612=EDGE_CURVE('',#4371,#4372,#2524,.T.);
#5613=EDGE_CURVE('',#4373,#4373,#1787,.T.);
#5614=EDGE_CURVE('',#4373,#4371,#2525,.T.);
#5615=EDGE_CURVE('',#4374,#4374,#1788,.T.);
#5616=EDGE_CURVE('',#4374,#4375,#2526,.T.);
#5617=EDGE_CURVE('',#4376,#4376,#1789,.T.);
#5618=EDGE_CURVE('',#4376,#4374,#2527,.T.);
#5619=EDGE_CURVE('',#4377,#4377,#1790,.T.);
#5620=EDGE_CURVE('',#4377,#4378,#2528,.T.);
#5621=EDGE_CURVE('',#4379,#4379,#1791,.T.);
#5622=EDGE_CURVE('',#4379,#4377,#2529,.T.);
#5623=EDGE_CURVE('',#4380,#4380,#1792,.T.);
#5624=EDGE_CURVE('',#4380,#4381,#2530,.T.);
#5625=EDGE_CURVE('',#4382,#4382,#1793,.T.);
#5626=EDGE_CURVE('',#4382,#4380,#2531,.T.);
#5627=EDGE_CURVE('',#4383,#4384,#1794,.T.);
#5628=EDGE_CURVE('',#4384,#4385,#2532,.T.);
#5629=EDGE_CURVE('',#4385,#4386,#1795,.T.);
#5630=EDGE_CURVE('',#4386,#4383,#2533,.T.);
#5631=EDGE_CURVE('',#4385,#4387,#2534,.T.);
#5632=EDGE_CURVE('',#4388,#4387,#1796,.T.);
#5633=EDGE_CURVE('',#4388,#4389,#2535,.T.);
#5634=EDGE_CURVE('',#4390,#4389,#1797,.T.);
#5635=EDGE_CURVE('',#4390,#4391,#2536,.T.);
#5636=EDGE_CURVE('',#4392,#4391,#1798,.T.);
#5637=EDGE_CURVE('',#4392,#4386,#2537,.T.);
#5638=EDGE_CURVE('',#4393,#4393,#1799,.T.);
#5639=EDGE_CURVE('',#4394,#4394,#1800,.T.);
#5640=EDGE_CURVE('',#4395,#4395,#1801,.T.);
#5641=EDGE_CURVE('',#4396,#4396,#1802,.T.);
#5642=EDGE_CURVE('',#4397,#4384,#2538,.T.);
#5643=EDGE_CURVE('',#4387,#4397,#2539,.T.);
#5644=EDGE_CURVE('',#4397,#4398,#1803,.T.);
#5645=EDGE_CURVE('',#4398,#4388,#2540,.T.);
#5646=EDGE_CURVE('',#4399,#4400,#1804,.T.);
#5647=EDGE_CURVE('',#4400,#4392,#2541,.T.);
#5648=EDGE_CURVE('',#4391,#4399,#2542,.T.);
#5649=EDGE_CURVE('',#4401,#4390,#2543,.T.);
#5650=EDGE_CURVE('',#4399,#4401,#2544,.T.);
#5651=EDGE_CURVE('',#4402,#4401,#1805,.T.);
#5652=EDGE_CURVE('',#4389,#4402,#2545,.T.);
#5653=EDGE_CURVE('',#4393,#4403,#2546,.T.);
#5654=EDGE_CURVE('',#4403,#4403,#1806,.T.);
#5655=EDGE_CURVE('',#4394,#4404,#2547,.T.);
#5656=EDGE_CURVE('',#4404,#4404,#1807,.T.);
#5657=EDGE_CURVE('',#4395,#4405,#2548,.T.);
#5658=EDGE_CURVE('',#4405,#4405,#1808,.T.);
#5659=EDGE_CURVE('',#4396,#4406,#2549,.T.);
#5660=EDGE_CURVE('',#4406,#4406,#1809,.T.);
#5661=EDGE_CURVE('',#4402,#4398,#2550,.T.);
#5662=EDGE_CURVE('',#4383,#4400,#2551,.T.);
#5663=EDGE_CURVE('',#4407,#4407,#1810,.T.);
#5664=EDGE_CURVE('',#4407,#4408,#2552,.T.);
#5665=EDGE_CURVE('',#4409,#4409,#1811,.T.);
#5666=EDGE_CURVE('',#4409,#4407,#2553,.T.);
#5667=EDGE_CURVE('',#4410,#4410,#1812,.T.);
#5668=EDGE_CURVE('',#4410,#4411,#2554,.T.);
#5669=EDGE_CURVE('',#4412,#4412,#1813,.T.);
#5670=EDGE_CURVE('',#4412,#4410,#2555,.T.);
#5671=EDGE_CURVE('',#4413,#4413,#1814,.T.);
#5672=EDGE_CURVE('',#4413,#4414,#2556,.T.);
#5673=EDGE_CURVE('',#4415,#4415,#1815,.T.);
#5674=EDGE_CURVE('',#4415,#4413,#2557,.T.);
#5675=EDGE_CURVE('',#4416,#4416,#1816,.T.);
#5676=EDGE_CURVE('',#4416,#4417,#2558,.T.);
#5677=EDGE_CURVE('',#4418,#4418,#1817,.T.);
#5678=EDGE_CURVE('',#4418,#4416,#2559,.T.);
#5679=EDGE_CURVE('',#4419,#4419,#1818,.T.);
#5680=EDGE_CURVE('',#4419,#4420,#2560,.T.);
#5681=EDGE_CURVE('',#4421,#4421,#1819,.T.);
#5682=EDGE_CURVE('',#4421,#4419,#2561,.T.);
#5683=EDGE_CURVE('',#4422,#4422,#1820,.T.);
#5684=EDGE_CURVE('',#4422,#4423,#2562,.T.);
#5685=EDGE_CURVE('',#4424,#4424,#1821,.T.);
#5686=EDGE_CURVE('',#4424,#4422,#2563,.T.);
#5687=EDGE_CURVE('',#4425,#4425,#1822,.T.);
#5688=EDGE_CURVE('',#4425,#4426,#2564,.T.);
#5689=EDGE_CURVE('',#4426,#4426,#1823,.T.);
#5690=EDGE_CURVE('',#4427,#4427,#1824,.T.);
#5691=EDGE_CURVE('',#4427,#4428,#2565,.T.);
#5692=EDGE_CURVE('',#4428,#4428,#1825,.T.);
#5693=EDGE_CURVE('',#4429,#4429,#1826,.T.);
#5694=EDGE_CURVE('',#4429,#4430,#2566,.T.);
#5695=EDGE_CURVE('',#4430,#4430,#1827,.T.);
#5696=EDGE_CURVE('',#4431,#4431,#1828,.T.);
#5697=EDGE_CURVE('',#4431,#4432,#2567,.T.);
#5698=EDGE_CURVE('',#4432,#4432,#1829,.T.);
#5699=EDGE_CURVE('',#4433,#4433,#1830,.T.);
#5700=EDGE_CURVE('',#4433,#4434,#2568,.T.);
#5701=EDGE_CURVE('',#4434,#4434,#1831,.T.);
#5702=EDGE_CURVE('',#4435,#4436,#2569,.T.);
#5703=EDGE_CURVE('',#4435,#4437,#2570,.T.);
#5704=EDGE_CURVE('',#4438,#4437,#2571,.T.);
#5705=EDGE_CURVE('',#4436,#4438,#2572,.T.);
#5706=EDGE_CURVE('',#4436,#4439,#2573,.T.);
#5707=EDGE_CURVE('',#4440,#4438,#2574,.T.);
#5708=EDGE_CURVE('',#4439,#4440,#2575,.T.);
#5709=EDGE_CURVE('',#4439,#4441,#2576,.T.);
#5710=EDGE_CURVE('',#4442,#4440,#2577,.T.);
#5711=EDGE_CURVE('',#4441,#4442,#2578,.T.);
#5712=EDGE_CURVE('',#4441,#4435,#2579,.T.);
#5713=EDGE_CURVE('',#4437,#4442,#2580,.T.);
#5714=EDGE_CURVE('',#4443,#4443,#1832,.T.);
#5715=EDGE_CURVE('',#4443,#4444,#2581,.T.);
#5716=EDGE_CURVE('',#4445,#4444,#1833,.T.);
#5717=EDGE_CURVE('',#4446,#4445,#2582,.T.);
#5718=EDGE_CURVE('',#4446,#4447,#1834,.T.);
#5719=EDGE_CURVE('',#4448,#4447,#2583,.T.);
#5720=EDGE_CURVE('',#4444,#4448,#1835,.T.);
#5721=EDGE_CURVE('',#4447,#4446,#87,.T.);
#5722=EDGE_CURVE('',#4449,#4449,#1836,.T.);
#5723=EDGE_CURVE('',#4449,#4450,#2584,.T.);
#5724=EDGE_CURVE('',#4451,#4450,#1837,.T.);
#5725=EDGE_CURVE('',#4452,#4451,#2585,.T.);
#5726=EDGE_CURVE('',#4452,#4453,#1838,.T.);
#5727=EDGE_CURVE('',#4454,#4453,#2586,.T.);
#5728=EDGE_CURVE('',#4450,#4454,#1839,.T.);
#5729=EDGE_CURVE('',#4453,#4452,#88,.T.);
#5730=EDGE_CURVE('',#4455,#4455,#1840,.T.);
#5731=EDGE_CURVE('',#4455,#4456,#2587,.T.);
#5732=EDGE_CURVE('',#4457,#4456,#1841,.T.);
#5733=EDGE_CURVE('',#4458,#4457,#2588,.T.);
#5734=EDGE_CURVE('',#4458,#4459,#1842,.T.);
#5735=EDGE_CURVE('',#4460,#4459,#2589,.T.);
#5736=EDGE_CURVE('',#4456,#4460,#1843,.T.);
#5737=EDGE_CURVE('',#4459,#4458,#89,.T.);
#5738=EDGE_CURVE('',#4461,#4448,#2590,.T.);
#5739=EDGE_CURVE('',#4462,#4461,#2591,.T.);
#5740=EDGE_CURVE('',#4462,#4463,#2592,.T.);
#5741=EDGE_CURVE('',#4464,#4463,#2593,.T.);
#5742=EDGE_CURVE('',#4451,#4464,#2594,.T.);
#5743=EDGE_CURVE('',#4445,#4454,#2595,.T.);
#5744=EDGE_CURVE('',#4465,#4460,#2596,.T.);
#5745=EDGE_CURVE('',#4466,#4465,#2597,.T.);
#5746=EDGE_CURVE('',#4466,#4467,#2598,.T.);
#5747=EDGE_CURVE('',#4468,#4467,#2599,.T.);
#5748=EDGE_CURVE('',#4457,#4468,#2600,.T.);
#5749=EDGE_CURVE('',#4469,#4470,#90,.T.);
#5750=EDGE_CURVE('',#4469,#4470,#1844,.T.);
#5751=EDGE_CURVE('',#4471,#4471,#1845,.T.);
#5752=EDGE_CURVE('',#4471,#4472,#2601,.T.);
#5753=EDGE_CURVE('',#4473,#4472,#1846,.T.);
#5754=EDGE_CURVE('',#4470,#4473,#2602,.T.);
#5755=EDGE_CURVE('',#4474,#4469,#2603,.T.);
#5756=EDGE_CURVE('',#4472,#4474,#1847,.T.);
#5757=EDGE_CURVE('',#4475,#4476,#91,.T.);
#5758=EDGE_CURVE('',#4475,#4476,#1848,.T.);
#5759=EDGE_CURVE('',#4477,#4477,#1849,.T.);
#5760=EDGE_CURVE('',#4477,#4478,#2604,.T.);
#5761=EDGE_CURVE('',#4479,#4478,#1850,.T.);
#5762=EDGE_CURVE('',#4476,#4479,#2605,.T.);
#5763=EDGE_CURVE('',#4480,#4475,#2606,.T.);
#5764=EDGE_CURVE('',#4478,#4480,#1851,.T.);
#5765=EDGE_CURVE('',#4481,#4482,#92,.T.);
#5766=EDGE_CURVE('',#4481,#4482,#1852,.T.);
#5767=EDGE_CURVE('',#4483,#4483,#1853,.T.);
#5768=EDGE_CURVE('',#4483,#4484,#2607,.T.);
#5769=EDGE_CURVE('',#4485,#4484,#1854,.T.);
#5770=EDGE_CURVE('',#4482,#4485,#2608,.T.);
#5771=EDGE_CURVE('',#4486,#4481,#2609,.T.);
#5772=EDGE_CURVE('',#4484,#4486,#1855,.T.);
#5773=EDGE_CURVE('',#4487,#4464,#1856,.F.);
#5774=EDGE_CURVE('',#4487,#4488,#2610,.T.);
#5775=EDGE_CURVE('',#4489,#4488,#1857,.F.);
#5776=EDGE_CURVE('',#4490,#4489,#2611,.T.);
#5777=EDGE_CURVE('',#4491,#4490,#1858,.F.);
#5778=EDGE_CURVE('',#4491,#4492,#2612,.T.);
#5779=EDGE_CURVE('',#4465,#4492,#1859,.F.);
#5780=EDGE_CURVE('',#4468,#4493,#1860,.T.);
#5781=EDGE_CURVE('',#4493,#4494,#2613,.T.);
#5782=EDGE_CURVE('',#4494,#4495,#1861,.T.);
#5783=EDGE_CURVE('',#4486,#4495,#2614,.T.);
#5784=EDGE_CURVE('',#4496,#4485,#2615,.T.);
#5785=EDGE_CURVE('',#4497,#4496,#1862,.F.);
#5786=EDGE_CURVE('',#4498,#4497,#2616,.T.);
#5787=EDGE_CURVE('',#4499,#4498,#1863,.F.);
#5788=EDGE_CURVE('',#4499,#4500,#2617,.T.);
#5789=EDGE_CURVE('',#4501,#4500,#1864,.F.);
#5790=EDGE_CURVE('',#4502,#4501,#2618,.T.);
#5791=EDGE_CURVE('',#4503,#4502,#1865,.F.);
#5792=EDGE_CURVE('',#4480,#4503,#2619,.T.);
#5793=EDGE_CURVE('',#4474,#4479,#2620,.T.);
#5794=EDGE_CURVE('',#4504,#4473,#2621,.T.);
#5795=EDGE_CURVE('',#4504,#4505,#1866,.T.);
#5796=EDGE_CURVE('',#4506,#4505,#2622,.T.);
#5797=EDGE_CURVE('',#4506,#4461,#1867,.T.);
#5798=EDGE_CURVE('',#4507,#4508,#1868,.T.);
#5799=EDGE_CURVE('',#4507,#4509,#2623,.T.);
#5800=EDGE_CURVE('',#4510,#4509,#1869,.T.);
#5801=EDGE_CURVE('',#4510,#4511,#2624,.T.);
#5802=EDGE_CURVE('',#4512,#4511,#1870,.T.);
#5803=EDGE_CURVE('',#4512,#4513,#2625,.T.);
#5804=EDGE_CURVE('',#4514,#4513,#1871,.T.);
#5805=EDGE_CURVE('',#4514,#4515,#2626,.T.);
#5806=EDGE_CURVE('',#4515,#4516,#2627,.T.);
#5807=EDGE_CURVE('',#4516,#4517,#2628,.T.);
#5808=EDGE_CURVE('',#4517,#4518,#2629,.T.);
#5809=EDGE_CURVE('',#4518,#4508,#2630,.T.);
#5810=EDGE_CURVE('',#4519,#4520,#2631,.T.);
#5811=EDGE_CURVE('',#4520,#4521,#2632,.T.);
#5812=EDGE_CURVE('',#4521,#4522,#2633,.T.);
#5813=EDGE_CURVE('',#4522,#4519,#2634,.T.);
#5814=EDGE_CURVE('',#4523,#4524,#2635,.T.);
#5815=EDGE_CURVE('',#4524,#4525,#1872,.T.);
#5816=EDGE_CURVE('',#4525,#4526,#2636,.T.);
#5817=EDGE_CURVE('',#4526,#4527,#1873,.T.);
#5818=EDGE_CURVE('',#4527,#4528,#2637,.T.);
#5819=EDGE_CURVE('',#4528,#4529,#1874,.T.);
#5820=EDGE_CURVE('',#4529,#4523,#2638,.T.);
#5821=EDGE_CURVE('',#4523,#4530,#2639,.T.);
#5822=EDGE_CURVE('',#4530,#4531,#2640,.T.);
#5823=EDGE_CURVE('',#4531,#4532,#2641,.T.);
#5824=EDGE_CURVE('',#4532,#4533,#2642,.T.);
#5825=EDGE_CURVE('',#4533,#4534,#2643,.T.);
#5826=EDGE_CURVE('',#4534,#4535,#2644,.T.);
#5827=EDGE_CURVE('',#4535,#4536,#2645,.T.);
#5828=EDGE_CURVE('',#4536,#4537,#2646,.T.);
#5829=EDGE_CURVE('',#4537,#4538,#2647,.T.);
#5830=EDGE_CURVE('',#4538,#4539,#2648,.T.);
#5831=EDGE_CURVE('',#4539,#4540,#2649,.T.);
#5832=EDGE_CURVE('',#4540,#4541,#2650,.T.);
#5833=EDGE_CURVE('',#4541,#4542,#2651,.T.);
#5834=EDGE_CURVE('',#4542,#4543,#2652,.T.);
#5835=EDGE_CURVE('',#4543,#4544,#2653,.T.);
#5836=EDGE_CURVE('',#4544,#4545,#2654,.T.);
#5837=EDGE_CURVE('',#4545,#4546,#2655,.T.);
#5838=EDGE_CURVE('',#4546,#4547,#2656,.T.);
#5839=EDGE_CURVE('',#4524,#4547,#2657,.T.);
#5840=EDGE_CURVE('',#4531,#4548,#1875,.T.);
#5841=EDGE_CURVE('',#4548,#4530,#2658,.T.);
#5842=EDGE_CURVE('',#4549,#4550,#1876,.T.);
#5843=EDGE_CURVE('',#4551,#4549,#2659,.T.);
#5844=EDGE_CURVE('',#4538,#4551,#1877,.T.);
#5845=EDGE_CURVE('',#4552,#4537,#1878,.T.);
#5846=EDGE_CURVE('',#4553,#4552,#2660,.T.);
#5847=EDGE_CURVE('',#4554,#4553,#1879,.T.);
#5848=EDGE_CURVE('',#4550,#4554,#2661,.T.);
#5849=EDGE_CURVE('',#4555,#4556,#1880,.T.);
#5850=EDGE_CURVE('',#4554,#4555,#2662,.T.);
#5851=EDGE_CURVE('',#4557,#4554,#1881,.T.);
#5852=EDGE_CURVE('',#4558,#4557,#2663,.T.);
#5853=EDGE_CURVE('',#4537,#4558,#1882,.T.);
#5854=EDGE_CURVE('',#4559,#4536,#1883,.T.);
#5855=EDGE_CURVE('',#4556,#4559,#2664,.T.);
#5856=EDGE_CURVE('',#4560,#4561,#1884,.T.);
#5857=EDGE_CURVE('',#4562,#4560,#2665,.T.);
#5858=EDGE_CURVE('',#4539,#4562,#1885,.T.);
#5859=EDGE_CURVE('',#4563,#4538,#1886,.T.);
#5860=EDGE_CURVE('',#4564,#4563,#2666,.T.);
#5861=EDGE_CURVE('',#4550,#4564,#1887,.T.);
#5862=EDGE_CURVE('',#4561,#4550,#2667,.T.);
#5863=EDGE_CURVE('',#4565,#4566,#1888,.T.);
#5864=EDGE_CURVE('',#4555,#4565,#2668,.T.);
#5865=EDGE_CURVE('',#4567,#4555,#1889,.T.);
#5866=EDGE_CURVE('',#4568,#4567,#2669,.T.);
#5867=EDGE_CURVE('',#4536,#4568,#1890,.T.);
#5868=EDGE_CURVE('',#4569,#4535,#1891,.T.);
#5869=EDGE_CURVE('',#4566,#4569,#2670,.T.);
#5870=EDGE_CURVE('',#4570,#4571,#1892,.T.);
#5871=EDGE_CURVE('',#4572,#4570,#2671,.T.);
#5872=EDGE_CURVE('',#4540,#4572,#1893,.T.);
#5873=EDGE_CURVE('',#4573,#4539,#1894,.T.);
#5874=EDGE_CURVE('',#4574,#4573,#2672,.T.);
#5875=EDGE_CURVE('',#4561,#4574,#1895,.T.);
#5876=EDGE_CURVE('',#4571,#4561,#2673,.T.);
#5877=EDGE_CURVE('',#4575,#4576,#1896,.T.);
#5878=EDGE_CURVE('',#4565,#4575,#2674,.T.);
#5879=EDGE_CURVE('',#4577,#4565,#1897,.T.);
#5880=EDGE_CURVE('',#4578,#4577,#2675,.T.);
#5881=EDGE_CURVE('',#4535,#4578,#1898,.T.);
#5882=EDGE_CURVE('',#4579,#4534,#1899,.T.);
#5883=EDGE_CURVE('',#4576,#4579,#2676,.T.);
#5884=EDGE_CURVE('',#4580,#4581,#1900,.T.);
#5885=EDGE_CURVE('',#4582,#4580,#2677,.T.);
#5886=EDGE_CURVE('',#4541,#4582,#1901,.T.);
#5887=EDGE_CURVE('',#4583,#4540,#1902,.T.);
#5888=EDGE_CURVE('',#4584,#4583,#2678,.T.);
#5889=EDGE_CURVE('',#4571,#4584,#1903,.T.);
#5890=EDGE_CURVE('',#4581,#4571,#2679,.T.);
#5891=EDGE_CURVE('',#4585,#4586,#1904,.T.);
#5892=EDGE_CURVE('',#4575,#4585,#2680,.T.);
#5893=EDGE_CURVE('',#4587,#4575,#1905,.T.);
#5894=EDGE_CURVE('',#4588,#4587,#2681,.T.);
#5895=EDGE_CURVE('',#4534,#4588,#1906,.T.);
#5896=EDGE_CURVE('',#4589,#4533,#1907,.T.);
#5897=EDGE_CURVE('',#4586,#4589,#2682,.T.);
#5898=EDGE_CURVE('',#4590,#4591,#1908,.T.);
#5899=EDGE_CURVE('',#4592,#4590,#2683,.T.);
#5900=EDGE_CURVE('',#4542,#4592,#1909,.T.);
#5901=EDGE_CURVE('',#4593,#4541,#1910,.T.);
#5902=EDGE_CURVE('',#4594,#4593,#2684,.T.);
#5903=EDGE_CURVE('',#4581,#4594,#1911,.T.);
#5904=EDGE_CURVE('',#4591,#4581,#2685,.T.);
#5905=EDGE_CURVE('',#4595,#4596,#1912,.T.);
#5906=EDGE_CURVE('',#4597,#4595,#2686,.T.);
#5907=EDGE_CURVE('',#4598,#4597,#1913,.T.);
#5908=EDGE_CURVE('',#4599,#4598,#2687,.T.);
#5909=EDGE_CURVE('',#4532,#4599,#1914,.T.);
#5910=EDGE_CURVE('',#4600,#4531,#1915,.T.);
#5911=EDGE_CURVE('',#4596,#4600,#2688,.T.);
#5912=EDGE_CURVE('',#4597,#4601,#1916,.T.);
#5913=EDGE_CURVE('',#4585,#4597,#2689,.T.);
#5914=EDGE_CURVE('',#4602,#4585,#1917,.T.);
#5915=EDGE_CURVE('',#4603,#4602,#2690,.T.);
#5916=EDGE_CURVE('',#4533,#4603,#1918,.T.);
#5917=EDGE_CURVE('',#4604,#4532,#1919,.T.);
#5918=EDGE_CURVE('',#4601,#4604,#2691,.T.);
#5919=EDGE_CURVE('',#4605,#4606,#1920,.T.);
#5920=EDGE_CURVE('',#4607,#4605,#2692,.T.);
#5921=EDGE_CURVE('',#4543,#4607,#1921,.T.);
#5922=EDGE_CURVE('',#4608,#4542,#1922,.T.);
#5923=EDGE_CURVE('',#4609,#4608,#2693,.T.);
#5924=EDGE_CURVE('',#4591,#4609,#1923,.T.);
#5925=EDGE_CURVE('',#4606,#4591,#2694,.T.);
#5926=EDGE_CURVE('',#4610,#4611,#1924,.T.);
#5927=EDGE_CURVE('',#4612,#4610,#2695,.T.);
#5928=EDGE_CURVE('',#4544,#4612,#1925,.T.);
#5929=EDGE_CURVE('',#4613,#4543,#1926,.T.);
#5930=EDGE_CURVE('',#4614,#4613,#2696,.T.);
#5931=EDGE_CURVE('',#4606,#4614,#1927,.T.);
#5932=EDGE_CURVE('',#4611,#4606,#2697,.T.);
#5933=EDGE_CURVE('',#4615,#4616,#1928,.T.);
#5934=EDGE_CURVE('',#4617,#4615,#2698,.T.);
#5935=EDGE_CURVE('',#4545,#4617,#1929,.T.);
#5936=EDGE_CURVE('',#4618,#4544,#1930,.T.);
#5937=EDGE_CURVE('',#4619,#4618,#2699,.T.);
#5938=EDGE_CURVE('',#4611,#4619,#1931,.T.);
#5939=EDGE_CURVE('',#4616,#4611,#2700,.T.);
#5940=EDGE_CURVE('',#4620,#4621,#1932,.T.);
#5941=EDGE_CURVE('',#4622,#4620,#2701,.T.);
#5942=EDGE_CURVE('',#4546,#4622,#1933,.T.);
#5943=EDGE_CURVE('',#4623,#4545,#1934,.T.);
#5944=EDGE_CURVE('',#4624,#4623,#2702,.T.);
#5945=EDGE_CURVE('',#4616,#4624,#1935,.T.);
#5946=EDGE_CURVE('',#4621,#4616,#2703,.T.);
#5947=EDGE_CURVE('',#4547,#4625,#1936,.T.);
#5948=EDGE_CURVE('',#4626,#4546,#1937,.T.);
#5949=EDGE_CURVE('',#4627,#4626,#2704,.T.);
#5950=EDGE_CURVE('',#4621,#4627,#1938,.T.);
#5951=EDGE_CURVE('',#4628,#4621,#2705,.T.);
#5952=EDGE_CURVE('',#4629,#4628,#1939,.T.);
#5953=EDGE_CURVE('',#4625,#4629,#2706,.T.);
#5954=EDGE_CURVE('',#4527,#4628,#2707,.T.);
#5955=EDGE_CURVE('',#4528,#4595,#2708,.T.);
#5956=EDGE_CURVE('',#4630,#4625,#2709,.T.);
#5957=EDGE_CURVE('',#4631,#4630,#1940,.T.);
#5958=EDGE_CURVE('',#4631,#4525,#2710,.T.);
#5959=EDGE_CURVE('',#4632,#4629,#2711,.T.);
#5960=EDGE_CURVE('',#4630,#4632,#2712,.T.);
#5961=EDGE_CURVE('',#4633,#4627,#2713,.T.);
#5962=EDGE_CURVE('',#4634,#4633,#1941,.T.);
#5963=EDGE_CURVE('',#4634,#4620,#2714,.T.);
#5964=EDGE_CURVE('',#4635,#4626,#2715,.T.);
#5965=EDGE_CURVE('',#4633,#4635,#2716,.T.);
#5966=EDGE_CURVE('',#4636,#4526,#2717,.T.);
#5967=EDGE_CURVE('',#4632,#4636,#1942,.T.);
#5968=EDGE_CURVE('',#4637,#4622,#2718,.T.);
#5969=EDGE_CURVE('',#4635,#4637,#1943,.T.);
#5970=EDGE_CURVE('',#4638,#4624,#2719,.T.);
#5971=EDGE_CURVE('',#4639,#4638,#1944,.T.);
#5972=EDGE_CURVE('',#4639,#4615,#2720,.T.);
#5973=EDGE_CURVE('',#4640,#4623,#2721,.T.);
#5974=EDGE_CURVE('',#4638,#4640,#2722,.T.);
#5975=EDGE_CURVE('',#4641,#4617,#2723,.T.);
#5976=EDGE_CURVE('',#4640,#4641,#1945,.T.);
#5977=EDGE_CURVE('',#4642,#4619,#2724,.T.);
#5978=EDGE_CURVE('',#4643,#4642,#1946,.T.);
#5979=EDGE_CURVE('',#4643,#4610,#2725,.T.);
#5980=EDGE_CURVE('',#4644,#4618,#2726,.T.);
#5981=EDGE_CURVE('',#4642,#4644,#2727,.T.);
#5982=EDGE_CURVE('',#4645,#4612,#2728,.T.);
#5983=EDGE_CURVE('',#4644,#4645,#1947,.T.);
#5984=EDGE_CURVE('',#4646,#4614,#2729,.T.);
#5985=EDGE_CURVE('',#4647,#4646,#1948,.T.);
#5986=EDGE_CURVE('',#4647,#4605,#2730,.T.);
#5987=EDGE_CURVE('',#4648,#4613,#2731,.T.);
#5988=EDGE_CURVE('',#4646,#4648,#2732,.T.);
#5989=EDGE_CURVE('',#4649,#4600,#2733,.T.);
#5990=EDGE_CURVE('',#4650,#4649,#2734,.T.);
#5991=EDGE_CURVE('',#4650,#4596,#2735,.T.);
#5992=EDGE_CURVE('',#4651,#4607,#2736,.T.);
#5993=EDGE_CURVE('',#4648,#4651,#1949,.T.);
#5994=EDGE_CURVE('',#4652,#4609,#2737,.T.);
#5995=EDGE_CURVE('',#4653,#4652,#1950,.T.);
#5996=EDGE_CURVE('',#4653,#4590,#2738,.T.);
#5997=EDGE_CURVE('',#4654,#4608,#2739,.T.);
#5998=EDGE_CURVE('',#4652,#4654,#2740,.T.);
#5999=EDGE_CURVE('',#4655,#4601,#2741,.T.);
#6000=EDGE_CURVE('',#4656,#4655,#1951,.T.);
#6001=EDGE_CURVE('',#4656,#4598,#2742,.T.);
#6002=EDGE_CURVE('',#4657,#4604,#2743,.T.);
#6003=EDGE_CURVE('',#4655,#4657,#2744,.T.);
#6004=EDGE_CURVE('',#4658,#4599,#2745,.T.);
#6005=EDGE_CURVE('',#4657,#4658,#1952,.T.);
#6006=EDGE_CURVE('',#4659,#4548,#2746,.T.);
#6007=EDGE_CURVE('',#4649,#4659,#1953,.T.);
#6008=EDGE_CURVE('',#4660,#4592,#2747,.T.);
#6009=EDGE_CURVE('',#4654,#4660,#1954,.T.);
#6010=EDGE_CURVE('',#4661,#4594,#2748,.T.);
#6011=EDGE_CURVE('',#4662,#4661,#1955,.T.);
#6012=EDGE_CURVE('',#4662,#4580,#2749,.T.);
#6013=EDGE_CURVE('',#4663,#4593,#2750,.T.);
#6014=EDGE_CURVE('',#4661,#4663,#2751,.T.);
#6015=EDGE_CURVE('',#4664,#4586,#2752,.T.);
#6016=EDGE_CURVE('',#4665,#4664,#1956,.T.);
#6017=EDGE_CURVE('',#4665,#4602,#2753,.T.);
#6018=EDGE_CURVE('',#4666,#4589,#2754,.T.);
#6019=EDGE_CURVE('',#4664,#4666,#2755,.T.);
#6020=EDGE_CURVE('',#4667,#4603,#2756,.T.);
#6021=EDGE_CURVE('',#4666,#4667,#1957,.T.);
#6022=EDGE_CURVE('',#4668,#4582,#2757,.T.);
#6023=EDGE_CURVE('',#4663,#4668,#1958,.T.);
#6024=EDGE_CURVE('',#4669,#4584,#2758,.T.);
#6025=EDGE_CURVE('',#4670,#4669,#1959,.T.);
#6026=EDGE_CURVE('',#4670,#4570,#2759,.T.);
#6027=EDGE_CURVE('',#4671,#4583,#2760,.T.);
#6028=EDGE_CURVE('',#4669,#4671,#2761,.T.);
#6029=EDGE_CURVE('',#4672,#4576,#2762,.T.);
#6030=EDGE_CURVE('',#4673,#4672,#1960,.T.);
#6031=EDGE_CURVE('',#4673,#4587,#2763,.T.);
#6032=EDGE_CURVE('',#4674,#4579,#2764,.T.);
#6033=EDGE_CURVE('',#4672,#4674,#2765,.T.);
#6034=EDGE_CURVE('',#4675,#4588,#2766,.T.);
#6035=EDGE_CURVE('',#4674,#4675,#1961,.T.);
#6036=EDGE_CURVE('',#4676,#4572,#2767,.T.);
#6037=EDGE_CURVE('',#4671,#4676,#1962,.T.);
#6038=EDGE_CURVE('',#4677,#4574,#2768,.T.);
#6039=EDGE_CURVE('',#4678,#4677,#1963,.T.);
#6040=EDGE_CURVE('',#4678,#4560,#2769,.T.);
#6041=EDGE_CURVE('',#4679,#4573,#2770,.T.);
#6042=EDGE_CURVE('',#4677,#4679,#2771,.T.);
#6043=EDGE_CURVE('',#4680,#4566,#2772,.T.);
#6044=EDGE_CURVE('',#4681,#4680,#1964,.T.);
#6045=EDGE_CURVE('',#4681,#4577,#2773,.T.);
#6046=EDGE_CURVE('',#4682,#4569,#2774,.T.);
#6047=EDGE_CURVE('',#4680,#4682,#2775,.T.);
#6048=EDGE_CURVE('',#4683,#4578,#2776,.T.);
#6049=EDGE_CURVE('',#4682,#4683,#1965,.T.);
#6050=EDGE_CURVE('',#4684,#4562,#2777,.T.);
#6051=EDGE_CURVE('',#4679,#4684,#1966,.T.);
#6052=EDGE_CURVE('',#4685,#4564,#2778,.T.);
#6053=EDGE_CURVE('',#4686,#4685,#1967,.T.);
#6054=EDGE_CURVE('',#4686,#4549,#2779,.T.);
#6055=EDGE_CURVE('',#4687,#4563,#2780,.T.);
#6056=EDGE_CURVE('',#4685,#4687,#2781,.T.);
#6057=EDGE_CURVE('',#4688,#4556,#2782,.T.);
#6058=EDGE_CURVE('',#4689,#4688,#1968,.T.);
#6059=EDGE_CURVE('',#4689,#4567,#2783,.T.);
#6060=EDGE_CURVE('',#4690,#4559,#2784,.T.);
#6061=EDGE_CURVE('',#4688,#4690,#2785,.T.);
#6062=EDGE_CURVE('',#4691,#4568,#2786,.T.);
#6063=EDGE_CURVE('',#4690,#4691,#1969,.T.);
#6064=EDGE_CURVE('',#4692,#4551,#2787,.T.);
#6065=EDGE_CURVE('',#4687,#4692,#1970,.T.);
#6066=EDGE_CURVE('',#4693,#4552,#2788,.T.);
#6067=EDGE_CURVE('',#4694,#4693,#2789,.T.);
#6068=EDGE_CURVE('',#4694,#4553,#2790,.T.);
#6069=EDGE_CURVE('',#4695,#4558,#2791,.T.);
#6070=EDGE_CURVE('',#4693,#4695,#1971,.T.);
#6071=EDGE_CURVE('',#4660,#4653,#2792,.T.);
#6072=EDGE_CURVE('',#4645,#4643,#2793,.T.);
#6073=EDGE_CURVE('',#4637,#4634,#2794,.T.);
#6074=EDGE_CURVE('',#4676,#4670,#2795,.T.);
#6075=EDGE_CURVE('',#4692,#4686,#2796,.T.);
#6076=EDGE_CURVE('',#4691,#4689,#2797,.T.);
#6077=EDGE_CURVE('',#4675,#4673,#2798,.T.);
#6078=EDGE_CURVE('',#4658,#4656,#2799,.T.);
#6079=EDGE_CURVE('',#4696,#4529,#2800,.T.);
#6080=EDGE_CURVE('',#4659,#4696,#2801,.T.);
#6081=EDGE_CURVE('',#4696,#4650,#1972,.T.);
#6082=EDGE_CURVE('',#4667,#4665,#2802,.T.);
#6083=EDGE_CURVE('',#4683,#4681,#2803,.T.);
#6084=EDGE_CURVE('',#4684,#4678,#2804,.T.);
#6085=EDGE_CURVE('',#4636,#4631,#2805,.T.);
#6086=EDGE_CURVE('',#4641,#4639,#2806,.T.);
#6087=EDGE_CURVE('',#4651,#4647,#2807,.T.);
#6088=EDGE_CURVE('',#4668,#4662,#2808,.T.);
#6089=EDGE_CURVE('',#4697,#4557,#2809,.T.);
#6090=EDGE_CURVE('',#4695,#4697,#2810,.T.);
#6091=EDGE_CURVE('',#4697,#4694,#1973,.T.);
#6092=EDGE_CURVE('',#4506,#4698,#2811,.T.);
#6093=EDGE_CURVE('',#4698,#4462,#1974,.T.);
#6094=EDGE_CURVE('',#4504,#4699,#2812,.T.);
#6095=EDGE_CURVE('',#4699,#4700,#1975,.T.);
#6096=EDGE_CURVE('',#4700,#4505,#2813,.T.);
#6097=EDGE_CURVE('',#4700,#4698,#2814,.T.);
#6098=EDGE_CURVE('',#4701,#4702,#1976,.T.);
#6099=EDGE_CURVE('',#4702,#4503,#2815,.T.);
#6100=EDGE_CURVE('',#4502,#4701,#2816,.T.);
#6101=EDGE_CURVE('',#4699,#4702,#2817,.T.);
#6102=EDGE_CURVE('',#4701,#4703,#2818,.T.);
#6103=EDGE_CURVE('',#4704,#4703,#1977,.T.);
#6104=EDGE_CURVE('',#4704,#4705,#2819,.T.);
#6105=EDGE_CURVE('',#4705,#4706,#2820,.T.);
#6106=EDGE_CURVE('',#4707,#4706,#2821,.T.);
#6107=EDGE_CURVE('',#4708,#4707,#1978,.T.);
#6108=EDGE_CURVE('',#4709,#4708,#2822,.T.);
#6109=EDGE_CURVE('',#4463,#4709,#1979,.T.);
#6110=EDGE_CURVE('',#4703,#4501,#2823,.T.);
#6111=EDGE_CURVE('',#4500,#4704,#2824,.T.);
#6112=EDGE_CURVE('',#4710,#4499,#2825,.T.);
#6113=EDGE_CURVE('',#4711,#4710,#2826,.T.);
#6114=EDGE_CURVE('',#4712,#4711,#2827,.T.);
#6115=EDGE_CURVE('',#4713,#4712,#2828,.T.);
#6116=EDGE_CURVE('',#4713,#4705,#2829,.T.);
#6117=EDGE_CURVE('',#4707,#4489,#2830,.T.);
#6118=EDGE_CURVE('',#4488,#4708,#2831,.T.);
#6119=EDGE_CURVE('',#4709,#4487,#2832,.T.);
#6120=EDGE_CURVE('',#4714,#4715,#1980,.T.);
#6121=EDGE_CURVE('',#4715,#4491,#2833,.T.);
#6122=EDGE_CURVE('',#4490,#4714,#2834,.T.);
#6123=EDGE_CURVE('',#4715,#4716,#2835,.T.);
#6124=EDGE_CURVE('',#4492,#4716,#2836,.T.);
#6125=EDGE_CURVE('',#4717,#4714,#2837,.T.);
#6126=EDGE_CURVE('',#4711,#4717,#2838,.T.);
#6127=EDGE_CURVE('',#4718,#4710,#1981,.T.);
#6128=EDGE_CURVE('',#4718,#4719,#2839,.T.);
#6129=EDGE_CURVE('',#4720,#4719,#1982,.T.);
#6130=EDGE_CURVE('',#4720,#4721,#2840,.T.);
#6131=EDGE_CURVE('',#4722,#4721,#1983,.T.);
#6132=EDGE_CURVE('',#4722,#4723,#2841,.T.);
#6133=EDGE_CURVE('',#4467,#4723,#1984,.T.);
#6134=EDGE_CURVE('',#4716,#4466,#1985,.T.);
#6135=EDGE_CURVE('',#4498,#4718,#2842,.T.);
#6136=EDGE_CURVE('',#4719,#4497,#2843,.T.);
#6137=EDGE_CURVE('',#4496,#4720,#2844,.T.);
#6138=EDGE_CURVE('',#4721,#4495,#2845,.T.);
#6139=EDGE_CURVE('',#4494,#4722,#2846,.T.);
#6140=EDGE_CURVE('',#4723,#4493,#2847,.T.);
#6141=EDGE_CURVE('',#4724,#4725,#1986,.T.);
#6142=EDGE_CURVE('',#4725,#4512,#2848,.T.);
#6143=EDGE_CURVE('',#4511,#4724,#2849,.T.);
#6144=EDGE_CURVE('',#4726,#4725,#2850,.T.);
#6145=EDGE_CURVE('',#4513,#4726,#2851,.T.);
#6146=EDGE_CURVE('',#4727,#4728,#1987,.T.);
#6147=EDGE_CURVE('',#4728,#4510,#2852,.T.);
#6148=EDGE_CURVE('',#4509,#4727,#2853,.T.);
#6149=EDGE_CURVE('',#4724,#4728,#2854,.T.);
#6150=EDGE_CURVE('',#4508,#4729,#2855,.T.);
#6151=EDGE_CURVE('',#4729,#4730,#1988,.T.);
#6152=EDGE_CURVE('',#4730,#4507,#2856,.T.);
#6153=EDGE_CURVE('',#4731,#4518,#2857,.T.);
#6154=EDGE_CURVE('',#4729,#4731,#2858,.T.);
#6155=EDGE_CURVE('',#4726,#4732,#1989,.T.);
#6156=EDGE_CURVE('',#4732,#4514,#2859,.T.);
#6157=EDGE_CURVE('',#4733,#4732,#2860,.T.);
#6158=EDGE_CURVE('',#4733,#4515,#2861,.T.);
#6159=EDGE_CURVE('',#4734,#4521,#2862,.T.);
#6160=EDGE_CURVE('',#4735,#4734,#2863,.T.);
#6161=EDGE_CURVE('',#4735,#4522,#2864,.T.);
#6162=EDGE_CURVE('',#4736,#4735,#2865,.T.);
#6163=EDGE_CURVE('',#4736,#4519,#2866,.T.);
#6164=EDGE_CURVE('',#4737,#4736,#2867,.T.);
#6165=EDGE_CURVE('',#4737,#4520,#2868,.T.);
#6166=EDGE_CURVE('',#4734,#4737,#2869,.T.);
#6167=EDGE_CURVE('',#4727,#4730,#2870,.T.);
#6168=EDGE_CURVE('',#4738,#4733,#2871,.T.);
#6169=EDGE_CURVE('',#4738,#4516,#2872,.T.);
#6170=EDGE_CURVE('',#4739,#4738,#2873,.T.);
#6171=EDGE_CURVE('',#4739,#4517,#2874,.T.);
#6172=EDGE_CURVE('',#4731,#4739,#2875,.T.);
#6173=EDGE_CURVE('',#4740,#4706,#2876,.T.);
#6174=EDGE_CURVE('',#4740,#4741,#2877,.T.);
#6175=EDGE_CURVE('',#4741,#4717,#2878,.T.);
#6176=EDGE_CURVE('',#4712,#4741,#2879,.T.);
#6177=EDGE_CURVE('',#4740,#4713,#2880,.T.);
#6178=ORIENTED_EDGE('',*,*,#4742,.F.);
#6179=ORIENTED_EDGE('',*,*,#4743,.T.);
#6180=ORIENTED_EDGE('',*,*,#4744,.F.);
#6181=ORIENTED_EDGE('',*,*,#4745,.F.);
#6182=ORIENTED_EDGE('',*,*,#4746,.T.);
#6183=ORIENTED_EDGE('',*,*,#4747,.T.);
#6184=ORIENTED_EDGE('',*,*,#4748,.T.);
#6185=ORIENTED_EDGE('',*,*,#4749,.T.);
#6186=ORIENTED_EDGE('',*,*,#4749,.F.);
#6187=ORIENTED_EDGE('',*,*,#4750,.F.);
#6188=ORIENTED_EDGE('',*,*,#4751,.F.);
#6189=ORIENTED_EDGE('',*,*,#4743,.F.);
#6190=ORIENTED_EDGE('',*,*,#4752,.T.);
#6191=ORIENTED_EDGE('',*,*,#4753,.T.);
#6192=ORIENTED_EDGE('',*,*,#4754,.F.);
#6193=ORIENTED_EDGE('',*,*,#4755,.F.);
#6194=ORIENTED_EDGE('',*,*,#4756,.F.);
#6195=ORIENTED_EDGE('',*,*,#4757,.T.);
#6196=ORIENTED_EDGE('',*,*,#4758,.F.);
#6197=ORIENTED_EDGE('',*,*,#4759,.T.);
#6198=ORIENTED_EDGE('',*,*,#4760,.F.);
#6199=ORIENTED_EDGE('',*,*,#4761,.T.);
#6200=ORIENTED_EDGE('',*,*,#4762,.F.);
#6201=ORIENTED_EDGE('',*,*,#4763,.F.);
#6202=ORIENTED_EDGE('',*,*,#4764,.F.);
#6203=ORIENTED_EDGE('',*,*,#4765,.T.);
#6204=ORIENTED_EDGE('',*,*,#4766,.F.);
#6205=ORIENTED_EDGE('',*,*,#4767,.T.);
#6206=ORIENTED_EDGE('',*,*,#4768,.F.);
#6207=ORIENTED_EDGE('',*,*,#4769,.T.);
#6208=ORIENTED_EDGE('',*,*,#4770,.F.);
#6209=ORIENTED_EDGE('',*,*,#4771,.F.);
#6210=ORIENTED_EDGE('',*,*,#4772,.F.);
#6211=ORIENTED_EDGE('',*,*,#4773,.T.);
#6212=ORIENTED_EDGE('',*,*,#4774,.F.);
#6213=ORIENTED_EDGE('',*,*,#4775,.T.);
#6214=ORIENTED_EDGE('',*,*,#4776,.F.);
#6215=ORIENTED_EDGE('',*,*,#4777,.T.);
#6216=ORIENTED_EDGE('',*,*,#4778,.F.);
#6217=ORIENTED_EDGE('',*,*,#4779,.F.);
#6218=ORIENTED_EDGE('',*,*,#4780,.F.);
#6219=ORIENTED_EDGE('',*,*,#4781,.T.);
#6220=ORIENTED_EDGE('',*,*,#4782,.F.);
#6221=ORIENTED_EDGE('',*,*,#4783,.T.);
#6222=ORIENTED_EDGE('',*,*,#4784,.F.);
#6223=ORIENTED_EDGE('',*,*,#4785,.T.);
#6224=ORIENTED_EDGE('',*,*,#4786,.F.);
#6225=ORIENTED_EDGE('',*,*,#4787,.F.);
#6226=ORIENTED_EDGE('',*,*,#4788,.F.);
#6227=ORIENTED_EDGE('',*,*,#4789,.T.);
#6228=ORIENTED_EDGE('',*,*,#4790,.F.);
#6229=ORIENTED_EDGE('',*,*,#4791,.T.);
#6230=ORIENTED_EDGE('',*,*,#4792,.F.);
#6231=ORIENTED_EDGE('',*,*,#4793,.T.);
#6232=ORIENTED_EDGE('',*,*,#4794,.F.);
#6233=ORIENTED_EDGE('',*,*,#4795,.F.);
#6234=ORIENTED_EDGE('',*,*,#4796,.F.);
#6235=ORIENTED_EDGE('',*,*,#4797,.T.);
#6236=ORIENTED_EDGE('',*,*,#4798,.F.);
#6237=ORIENTED_EDGE('',*,*,#4799,.T.);
#6238=ORIENTED_EDGE('',*,*,#4800,.F.);
#6239=ORIENTED_EDGE('',*,*,#4801,.T.);
#6240=ORIENTED_EDGE('',*,*,#4802,.F.);
#6241=ORIENTED_EDGE('',*,*,#4803,.F.);
#6242=ORIENTED_EDGE('',*,*,#4804,.F.);
#6243=ORIENTED_EDGE('',*,*,#4805,.T.);
#6244=ORIENTED_EDGE('',*,*,#4806,.F.);
#6245=ORIENTED_EDGE('',*,*,#4807,.T.);
#6246=ORIENTED_EDGE('',*,*,#4808,.F.);
#6247=ORIENTED_EDGE('',*,*,#4809,.T.);
#6248=ORIENTED_EDGE('',*,*,#4810,.F.);
#6249=ORIENTED_EDGE('',*,*,#4811,.F.);
#6250=ORIENTED_EDGE('',*,*,#4812,.F.);
#6251=ORIENTED_EDGE('',*,*,#4813,.T.);
#6252=ORIENTED_EDGE('',*,*,#4814,.F.);
#6253=ORIENTED_EDGE('',*,*,#4815,.T.);
#6254=ORIENTED_EDGE('',*,*,#4816,.F.);
#6255=ORIENTED_EDGE('',*,*,#4817,.T.);
#6256=ORIENTED_EDGE('',*,*,#4818,.F.);
#6257=ORIENTED_EDGE('',*,*,#4819,.F.);
#6258=ORIENTED_EDGE('',*,*,#4820,.F.);
#6259=ORIENTED_EDGE('',*,*,#4821,.F.);
#6260=ORIENTED_EDGE('',*,*,#4822,.T.);
#6261=ORIENTED_EDGE('',*,*,#4823,.F.);
#6262=ORIENTED_EDGE('',*,*,#4824,.F.);
#6263=ORIENTED_EDGE('',*,*,#4825,.T.);
#6264=ORIENTED_EDGE('',*,*,#4826,.T.);
#6265=ORIENTED_EDGE('',*,*,#4827,.T.);
#6266=ORIENTED_EDGE('',*,*,#4746,.F.);
#6267=ORIENTED_EDGE('',*,*,#4828,.T.);
#6268=ORIENTED_EDGE('',*,*,#4829,.T.);
#6269=ORIENTED_EDGE('',*,*,#4830,.T.);
#6270=ORIENTED_EDGE('',*,*,#4831,.T.);
#6271=ORIENTED_EDGE('',*,*,#4832,.T.);
#6272=ORIENTED_EDGE('',*,*,#4833,.T.);
#6273=ORIENTED_EDGE('',*,*,#4834,.T.);
#6274=ORIENTED_EDGE('',*,*,#4835,.T.);
#6275=ORIENTED_EDGE('',*,*,#4836,.T.);
#6276=ORIENTED_EDGE('',*,*,#4837,.T.);
#6277=ORIENTED_EDGE('',*,*,#4838,.T.);
#6278=ORIENTED_EDGE('',*,*,#4839,.F.);
#6279=ORIENTED_EDGE('',*,*,#4840,.F.);
#6280=ORIENTED_EDGE('',*,*,#4841,.T.);
#6281=ORIENTED_EDGE('',*,*,#4842,.F.);
#6282=ORIENTED_EDGE('',*,*,#4843,.F.);
#6283=ORIENTED_EDGE('',*,*,#4844,.F.);
#6284=ORIENTED_EDGE('',*,*,#4845,.T.);
#6285=ORIENTED_EDGE('',*,*,#4846,.F.);
#6286=ORIENTED_EDGE('',*,*,#4847,.F.);
#6287=ORIENTED_EDGE('',*,*,#4848,.F.);
#6288=ORIENTED_EDGE('',*,*,#4849,.T.);
#6289=ORIENTED_EDGE('',*,*,#4850,.F.);
#6290=ORIENTED_EDGE('',*,*,#4851,.T.);
#6291=ORIENTED_EDGE('',*,*,#4852,.F.);
#6292=ORIENTED_EDGE('',*,*,#4853,.F.);
#6293=ORIENTED_EDGE('',*,*,#4839,.T.);
#6294=ORIENTED_EDGE('',*,*,#4854,.T.);
#6295=ORIENTED_EDGE('',*,*,#4855,.T.);
#6296=ORIENTED_EDGE('',*,*,#4856,.T.);
#6297=ORIENTED_EDGE('',*,*,#4857,.F.);
#6298=ORIENTED_EDGE('',*,*,#4858,.T.);
#6299=ORIENTED_EDGE('',*,*,#4859,.F.);
#6300=ORIENTED_EDGE('',*,*,#4860,.F.);
#6301=ORIENTED_EDGE('',*,*,#4823,.T.);
#6302=ORIENTED_EDGE('',*,*,#4861,.T.);
#6303=ORIENTED_EDGE('',*,*,#4862,.T.);
#6304=ORIENTED_EDGE('',*,*,#4863,.T.);
#6305=ORIENTED_EDGE('',*,*,#4864,.F.);
#6306=ORIENTED_EDGE('',*,*,#4865,.T.);
#6307=ORIENTED_EDGE('',*,*,#4866,.F.);
#6308=ORIENTED_EDGE('',*,*,#4867,.F.);
#6309=ORIENTED_EDGE('',*,*,#4843,.T.);
#6310=ORIENTED_EDGE('',*,*,#4868,.T.);
#6311=ORIENTED_EDGE('',*,*,#4869,.T.);
#6312=ORIENTED_EDGE('',*,*,#4870,.T.);
#6313=ORIENTED_EDGE('',*,*,#4871,.F.);
#6314=ORIENTED_EDGE('',*,*,#4872,.T.);
#6315=ORIENTED_EDGE('',*,*,#4873,.F.);
#6316=ORIENTED_EDGE('',*,*,#4874,.F.);
#6317=ORIENTED_EDGE('',*,*,#4847,.T.);
#6318=ORIENTED_EDGE('',*,*,#4875,.T.);
#6319=ORIENTED_EDGE('',*,*,#4876,.T.);
#6320=ORIENTED_EDGE('',*,*,#4877,.T.);
#6321=ORIENTED_EDGE('',*,*,#4878,.T.);
#6322=ORIENTED_EDGE('',*,*,#4879,.T.);
#6323=ORIENTED_EDGE('',*,*,#4873,.T.);
#6324=ORIENTED_EDGE('',*,*,#4880,.T.);
#6325=ORIENTED_EDGE('',*,*,#4876,.F.);
#6326=ORIENTED_EDGE('',*,*,#4881,.T.);
#6327=ORIENTED_EDGE('',*,*,#4879,.F.);
#6328=ORIENTED_EDGE('',*,*,#4882,.T.);
#6329=ORIENTED_EDGE('',*,*,#4848,.T.);
#6330=ORIENTED_EDGE('',*,*,#4874,.T.);
#6331=ORIENTED_EDGE('',*,*,#4878,.F.);
#6332=ORIENTED_EDGE('',*,*,#4883,.F.);
#6333=ORIENTED_EDGE('',*,*,#4849,.F.);
#6334=ORIENTED_EDGE('',*,*,#4882,.F.);
#6335=ORIENTED_EDGE('',*,*,#4884,.T.);
#6336=ORIENTED_EDGE('',*,*,#4881,.F.);
#6337=ORIENTED_EDGE('',*,*,#4875,.F.);
#6338=ORIENTED_EDGE('',*,*,#4846,.T.);
#6339=ORIENTED_EDGE('',*,*,#4883,.T.);
#6340=ORIENTED_EDGE('',*,*,#4885,.T.);
#6341=ORIENTED_EDGE('',*,*,#4869,.F.);
#6342=ORIENTED_EDGE('',*,*,#4886,.T.);
#6343=ORIENTED_EDGE('',*,*,#4887,.T.);
#6344=ORIENTED_EDGE('',*,*,#4888,.F.);
#6345=ORIENTED_EDGE('',*,*,#4866,.T.);
#6346=ORIENTED_EDGE('',*,*,#4886,.F.);
#6347=ORIENTED_EDGE('',*,*,#4868,.F.);
#6348=ORIENTED_EDGE('',*,*,#4842,.T.);
#6349=ORIENTED_EDGE('',*,*,#4889,.T.);
#6350=ORIENTED_EDGE('',*,*,#4870,.F.);
#6351=ORIENTED_EDGE('',*,*,#4885,.F.);
#6352=ORIENTED_EDGE('',*,*,#4865,.F.);
#6353=ORIENTED_EDGE('',*,*,#4890,.T.);
#6354=ORIENTED_EDGE('',*,*,#4891,.T.);
#6355=ORIENTED_EDGE('',*,*,#4888,.T.);
#6356=ORIENTED_EDGE('',*,*,#4892,.T.);
#6357=ORIENTED_EDGE('',*,*,#4844,.T.);
#6358=ORIENTED_EDGE('',*,*,#4867,.T.);
#6359=ORIENTED_EDGE('',*,*,#4893,.T.);
#6360=ORIENTED_EDGE('',*,*,#4894,.T.);
#6361=ORIENTED_EDGE('',*,*,#4861,.F.);
#6362=ORIENTED_EDGE('',*,*,#4822,.F.);
#6363=ORIENTED_EDGE('',*,*,#4894,.F.);
#6364=ORIENTED_EDGE('',*,*,#4895,.T.);
#6365=ORIENTED_EDGE('',*,*,#4896,.F.);
#6366=ORIENTED_EDGE('',*,*,#4897,.T.);
#6367=ORIENTED_EDGE('',*,*,#4862,.F.);
#6368=ORIENTED_EDGE('',*,*,#4893,.F.);
#6369=ORIENTED_EDGE('',*,*,#4825,.F.);
#6370=ORIENTED_EDGE('',*,*,#4898,.F.);
#6371=ORIENTED_EDGE('',*,*,#4899,.F.);
#6372=ORIENTED_EDGE('',*,*,#4895,.F.);
#6373=ORIENTED_EDGE('',*,*,#4900,.T.);
#6374=ORIENTED_EDGE('',*,*,#4899,.T.);
#6375=ORIENTED_EDGE('',*,*,#4901,.F.);
#6376=ORIENTED_EDGE('',*,*,#4859,.T.);
#6377=ORIENTED_EDGE('',*,*,#4902,.T.);
#6378=ORIENTED_EDGE('',*,*,#4896,.T.);
#6379=ORIENTED_EDGE('',*,*,#4901,.T.);
#6380=ORIENTED_EDGE('',*,*,#4898,.T.);
#6381=ORIENTED_EDGE('',*,*,#4824,.T.);
#6382=ORIENTED_EDGE('',*,*,#4860,.T.);
#6383=ORIENTED_EDGE('',*,*,#4903,.T.);
#6384=ORIENTED_EDGE('',*,*,#4904,.T.);
#6385=ORIENTED_EDGE('',*,*,#4854,.F.);
#6386=ORIENTED_EDGE('',*,*,#4838,.F.);
#6387=ORIENTED_EDGE('',*,*,#4904,.F.);
#6388=ORIENTED_EDGE('',*,*,#4905,.T.);
#6389=ORIENTED_EDGE('',*,*,#4906,.F.);
#6390=ORIENTED_EDGE('',*,*,#4907,.T.);
#6391=ORIENTED_EDGE('',*,*,#4855,.F.);
#6392=ORIENTED_EDGE('',*,*,#4903,.F.);
#6393=ORIENTED_EDGE('',*,*,#4841,.F.);
#6394=ORIENTED_EDGE('',*,*,#4908,.F.);
#6395=ORIENTED_EDGE('',*,*,#4909,.F.);
#6396=ORIENTED_EDGE('',*,*,#4905,.F.);
#6397=ORIENTED_EDGE('',*,*,#4910,.T.);
#6398=ORIENTED_EDGE('',*,*,#4909,.T.);
#6399=ORIENTED_EDGE('',*,*,#4911,.F.);
#6400=ORIENTED_EDGE('',*,*,#4852,.T.);
#6401=ORIENTED_EDGE('',*,*,#4912,.T.);
#6402=ORIENTED_EDGE('',*,*,#4906,.T.);
#6403=ORIENTED_EDGE('',*,*,#4911,.T.);
#6404=ORIENTED_EDGE('',*,*,#4908,.T.);
#6405=ORIENTED_EDGE('',*,*,#4840,.T.);
#6406=ORIENTED_EDGE('',*,*,#4853,.T.);
#6407=ORIENTED_EDGE('',*,*,#4913,.T.);
#6408=ORIENTED_EDGE('',*,*,#4914,.T.);
#6409=ORIENTED_EDGE('',*,*,#4747,.F.);
#6410=ORIENTED_EDGE('',*,*,#4827,.F.);
#6411=ORIENTED_EDGE('',*,*,#4914,.F.);
#6412=ORIENTED_EDGE('',*,*,#4915,.T.);
#6413=ORIENTED_EDGE('',*,*,#4916,.F.);
#6414=ORIENTED_EDGE('',*,*,#4750,.T.);
#6415=ORIENTED_EDGE('',*,*,#4748,.F.);
#6416=ORIENTED_EDGE('',*,*,#4917,.T.);
#6417=ORIENTED_EDGE('',*,*,#4918,.T.);
#6418=ORIENTED_EDGE('',*,*,#4744,.T.);
#6419=ORIENTED_EDGE('',*,*,#4751,.T.);
#6420=ORIENTED_EDGE('',*,*,#4916,.T.);
#6421=ORIENTED_EDGE('',*,*,#4918,.F.);
#6422=ORIENTED_EDGE('',*,*,#4919,.T.);
#6423=ORIENTED_EDGE('',*,*,#4828,.F.);
#6424=ORIENTED_EDGE('',*,*,#4745,.T.);
#6425=ORIENTED_EDGE('',*,*,#4884,.F.);
#6426=ORIENTED_EDGE('',*,*,#4920,.T.);
#6427=ORIENTED_EDGE('',*,*,#4921,.F.);
#6428=ORIENTED_EDGE('',*,*,#4871,.T.);
#6429=ORIENTED_EDGE('',*,*,#4922,.F.);
#6430=ORIENTED_EDGE('',*,*,#4920,.F.);
#6431=ORIENTED_EDGE('',*,*,#4923,.F.);
#6432=ORIENTED_EDGE('',*,*,#4924,.T.);
#6433=ORIENTED_EDGE('',*,*,#4890,.F.);
#6434=ORIENTED_EDGE('',*,*,#4864,.T.);
#6435=ORIENTED_EDGE('',*,*,#4891,.F.);
#6436=ORIENTED_EDGE('',*,*,#4924,.F.);
#6437=ORIENTED_EDGE('',*,*,#4900,.F.);
#6438=ORIENTED_EDGE('',*,*,#4925,.T.);
#6439=ORIENTED_EDGE('',*,*,#4926,.F.);
#6440=ORIENTED_EDGE('',*,*,#4857,.T.);
#6441=ORIENTED_EDGE('',*,*,#4927,.F.);
#6442=ORIENTED_EDGE('',*,*,#4925,.F.);
#6443=ORIENTED_EDGE('',*,*,#4910,.F.);
#6444=ORIENTED_EDGE('',*,*,#4928,.T.);
#6445=ORIENTED_EDGE('',*,*,#4929,.F.);
#6446=ORIENTED_EDGE('',*,*,#4850,.T.);
#6447=ORIENTED_EDGE('',*,*,#4930,.F.);
#6448=ORIENTED_EDGE('',*,*,#4928,.F.);
#6449=ORIENTED_EDGE('',*,*,#4931,.F.);
#6450=ORIENTED_EDGE('',*,*,#4932,.T.);
#6451=ORIENTED_EDGE('',*,*,#4752,.F.);
#6452=ORIENTED_EDGE('',*,*,#4742,.T.);
#6453=ORIENTED_EDGE('',*,*,#4753,.F.);
#6454=ORIENTED_EDGE('',*,*,#4932,.F.);
#6455=ORIENTED_EDGE('',*,*,#4829,.F.);
#6456=ORIENTED_EDGE('',*,*,#4919,.F.);
#6457=ORIENTED_EDGE('',*,*,#4917,.F.);
#6458=ORIENTED_EDGE('',*,*,#4915,.F.);
#6459=ORIENTED_EDGE('',*,*,#4913,.F.);
#6460=ORIENTED_EDGE('',*,*,#4931,.T.);
#6461=ORIENTED_EDGE('',*,*,#4887,.F.);
#6462=ORIENTED_EDGE('',*,*,#4889,.F.);
#6463=ORIENTED_EDGE('',*,*,#4845,.F.);
#6464=ORIENTED_EDGE('',*,*,#4892,.F.);
#6465=ORIENTED_EDGE('',*,*,#4923,.T.);
#6466=ORIENTED_EDGE('',*,*,#4877,.F.);
#6467=ORIENTED_EDGE('',*,*,#4880,.F.);
#6468=ORIENTED_EDGE('',*,*,#4872,.F.);
#6469=ORIENTED_EDGE('',*,*,#4921,.T.);
#6470=ORIENTED_EDGE('',*,*,#4922,.T.);
#6471=ORIENTED_EDGE('',*,*,#4856,.F.);
#6472=ORIENTED_EDGE('',*,*,#4907,.F.);
#6473=ORIENTED_EDGE('',*,*,#4912,.F.);
#6474=ORIENTED_EDGE('',*,*,#4851,.F.);
#6475=ORIENTED_EDGE('',*,*,#4929,.T.);
#6476=ORIENTED_EDGE('',*,*,#4930,.T.);
#6477=ORIENTED_EDGE('',*,*,#4863,.F.);
#6478=ORIENTED_EDGE('',*,*,#4897,.F.);
#6479=ORIENTED_EDGE('',*,*,#4902,.F.);
#6480=ORIENTED_EDGE('',*,*,#4858,.F.);
#6481=ORIENTED_EDGE('',*,*,#4926,.T.);
#6482=ORIENTED_EDGE('',*,*,#4927,.T.);
#6483=ORIENTED_EDGE('',*,*,#4933,.F.);
#6484=ORIENTED_EDGE('',*,*,#4934,.T.);
#6485=ORIENTED_EDGE('',*,*,#4935,.F.);
#6486=ORIENTED_EDGE('',*,*,#4936,.F.);
#6487=ORIENTED_EDGE('',*,*,#4820,.T.);
#6488=ORIENTED_EDGE('',*,*,#4937,.T.);
#6489=ORIENTED_EDGE('',*,*,#4938,.F.);
#6490=ORIENTED_EDGE('',*,*,#4939,.T.);
#6491=ORIENTED_EDGE('',*,*,#4940,.F.);
#6492=ORIENTED_EDGE('',*,*,#4941,.T.);
#6493=ORIENTED_EDGE('',*,*,#4942,.T.);
#6494=ORIENTED_EDGE('',*,*,#4943,.T.);
#6495=ORIENTED_EDGE('',*,*,#4944,.T.);
#6496=ORIENTED_EDGE('',*,*,#4945,.T.);
#6497=ORIENTED_EDGE('',*,*,#4946,.T.);
#6498=ORIENTED_EDGE('',*,*,#4947,.T.);
#6499=ORIENTED_EDGE('',*,*,#4948,.T.);
#6500=ORIENTED_EDGE('',*,*,#4949,.T.);
#6501=ORIENTED_EDGE('',*,*,#4950,.T.);
#6502=ORIENTED_EDGE('',*,*,#4951,.T.);
#6503=ORIENTED_EDGE('',*,*,#4952,.T.);
#6504=ORIENTED_EDGE('',*,*,#4953,.T.);
#6505=ORIENTED_EDGE('',*,*,#4954,.T.);
#6506=ORIENTED_EDGE('',*,*,#4955,.T.);
#6507=ORIENTED_EDGE('',*,*,#4935,.T.);
#6508=ORIENTED_EDGE('',*,*,#4956,.T.);
#6509=ORIENTED_EDGE('',*,*,#4957,.T.);
#6510=ORIENTED_EDGE('',*,*,#4933,.T.);
#6511=ORIENTED_EDGE('',*,*,#4958,.T.);
#6512=ORIENTED_EDGE('',*,*,#4959,.T.);
#6513=ORIENTED_EDGE('',*,*,#4940,.T.);
#6514=ORIENTED_EDGE('',*,*,#4960,.T.);
#6515=ORIENTED_EDGE('',*,*,#4961,.T.);
#6516=ORIENTED_EDGE('',*,*,#4938,.T.);
#6517=ORIENTED_EDGE('',*,*,#4962,.T.);
#6518=ORIENTED_EDGE('',*,*,#4963,.T.);
#6519=ORIENTED_EDGE('',*,*,#4964,.T.);
#6520=ORIENTED_EDGE('',*,*,#4965,.T.);
#6521=ORIENTED_EDGE('',*,*,#4966,.T.);
#6522=ORIENTED_EDGE('',*,*,#4967,.T.);
#6523=ORIENTED_EDGE('',*,*,#4968,.T.);
#6524=ORIENTED_EDGE('',*,*,#4969,.T.);
#6525=ORIENTED_EDGE('',*,*,#4970,.T.);
#6526=ORIENTED_EDGE('',*,*,#4970,.F.);
#6527=ORIENTED_EDGE('',*,*,#4971,.F.);
#6528=ORIENTED_EDGE('',*,*,#4972,.T.);
#6529=ORIENTED_EDGE('',*,*,#4969,.F.);
#6530=ORIENTED_EDGE('',*,*,#4972,.F.);
#6531=ORIENTED_EDGE('',*,*,#4973,.T.);
#6532=ORIENTED_EDGE('',*,*,#4974,.T.);
#6533=ORIENTED_EDGE('',*,*,#4974,.F.);
#6534=ORIENTED_EDGE('',*,*,#4975,.F.);
#6535=ORIENTED_EDGE('',*,*,#4976,.T.);
#6536=ORIENTED_EDGE('',*,*,#4973,.F.);
#6537=ORIENTED_EDGE('',*,*,#4976,.F.);
#6538=ORIENTED_EDGE('',*,*,#4977,.T.);
#6539=ORIENTED_EDGE('',*,*,#4978,.T.);
#6540=ORIENTED_EDGE('',*,*,#4978,.F.);
#6541=ORIENTED_EDGE('',*,*,#4979,.F.);
#6542=ORIENTED_EDGE('',*,*,#4980,.T.);
#6543=ORIENTED_EDGE('',*,*,#4977,.F.);
#6544=ORIENTED_EDGE('',*,*,#4980,.F.);
#6545=ORIENTED_EDGE('',*,*,#4981,.T.);
#6546=ORIENTED_EDGE('',*,*,#4982,.T.);
#6547=ORIENTED_EDGE('',*,*,#4982,.F.);
#6548=ORIENTED_EDGE('',*,*,#4983,.F.);
#6549=ORIENTED_EDGE('',*,*,#4984,.T.);
#6550=ORIENTED_EDGE('',*,*,#4981,.F.);
#6551=ORIENTED_EDGE('',*,*,#4984,.F.);
#6552=ORIENTED_EDGE('',*,*,#4985,.T.);
#6553=ORIENTED_EDGE('',*,*,#4986,.T.);
#6554=ORIENTED_EDGE('',*,*,#4986,.F.);
#6555=ORIENTED_EDGE('',*,*,#4987,.F.);
#6556=ORIENTED_EDGE('',*,*,#4988,.T.);
#6557=ORIENTED_EDGE('',*,*,#4985,.F.);
#6558=ORIENTED_EDGE('',*,*,#4988,.F.);
#6559=ORIENTED_EDGE('',*,*,#4934,.F.);
#6560=ORIENTED_EDGE('',*,*,#4957,.F.);
#6561=ORIENTED_EDGE('',*,*,#4989,.T.);
#6562=ORIENTED_EDGE('',*,*,#4990,.T.);
#6563=ORIENTED_EDGE('',*,*,#4989,.F.);
#6564=ORIENTED_EDGE('',*,*,#4956,.F.);
#6565=ORIENTED_EDGE('',*,*,#4990,.F.);
#6566=ORIENTED_EDGE('',*,*,#4991,.T.);
#6567=ORIENTED_EDGE('',*,*,#4826,.F.);
#6568=ORIENTED_EDGE('',*,*,#4991,.F.);
#6569=ORIENTED_EDGE('',*,*,#4939,.F.);
#6570=ORIENTED_EDGE('',*,*,#4961,.F.);
#6571=ORIENTED_EDGE('',*,*,#4992,.T.);
#6572=ORIENTED_EDGE('',*,*,#4993,.T.);
#6573=ORIENTED_EDGE('',*,*,#4992,.F.);
#6574=ORIENTED_EDGE('',*,*,#4960,.F.);
#6575=ORIENTED_EDGE('',*,*,#4993,.F.);
#6576=ORIENTED_EDGE('',*,*,#4994,.T.);
#6577=ORIENTED_EDGE('',*,*,#4833,.F.);
#6578=ORIENTED_EDGE('',*,*,#4994,.F.);
#6579=ORIENTED_EDGE('',*,*,#4941,.F.);
#6580=ORIENTED_EDGE('',*,*,#4959,.F.);
#6581=ORIENTED_EDGE('',*,*,#4995,.T.);
#6582=ORIENTED_EDGE('',*,*,#4996,.T.);
#6583=ORIENTED_EDGE('',*,*,#4995,.F.);
#6584=ORIENTED_EDGE('',*,*,#4958,.F.);
#6585=ORIENTED_EDGE('',*,*,#4996,.F.);
#6586=ORIENTED_EDGE('',*,*,#4997,.T.);
#6587=ORIENTED_EDGE('',*,*,#4832,.F.);
#6588=ORIENTED_EDGE('',*,*,#4997,.F.);
#6589=ORIENTED_EDGE('',*,*,#4998,.F.);
#6590=ORIENTED_EDGE('',*,*,#4954,.F.);
#6591=ORIENTED_EDGE('',*,*,#4999,.T.);
#6592=ORIENTED_EDGE('',*,*,#5000,.F.);
#6593=ORIENTED_EDGE('',*,*,#4999,.F.);
#6594=ORIENTED_EDGE('',*,*,#4953,.F.);
#6595=ORIENTED_EDGE('',*,*,#5000,.T.);
#6596=ORIENTED_EDGE('',*,*,#5001,.T.);
#6597=ORIENTED_EDGE('',*,*,#4837,.F.);
#6598=ORIENTED_EDGE('',*,*,#5001,.F.);
#6599=ORIENTED_EDGE('',*,*,#5002,.F.);
#6600=ORIENTED_EDGE('',*,*,#4948,.F.);
#6601=ORIENTED_EDGE('',*,*,#5003,.T.);
#6602=ORIENTED_EDGE('',*,*,#5004,.F.);
#6603=ORIENTED_EDGE('',*,*,#5003,.F.);
#6604=ORIENTED_EDGE('',*,*,#4947,.F.);
#6605=ORIENTED_EDGE('',*,*,#5004,.T.);
#6606=ORIENTED_EDGE('',*,*,#5005,.T.);
#6607=ORIENTED_EDGE('',*,*,#4836,.F.);
#6608=ORIENTED_EDGE('',*,*,#5005,.F.);
#6609=ORIENTED_EDGE('',*,*,#4998,.T.);
#6610=ORIENTED_EDGE('',*,*,#4952,.F.);
#6611=ORIENTED_EDGE('',*,*,#5006,.T.);
#6612=ORIENTED_EDGE('',*,*,#4949,.F.);
#6613=ORIENTED_EDGE('',*,*,#5002,.T.);
#6614=ORIENTED_EDGE('',*,*,#4946,.F.);
#6615=ORIENTED_EDGE('',*,*,#5007,.F.);
#6616=ORIENTED_EDGE('',*,*,#4821,.T.);
#6617=ORIENTED_EDGE('',*,*,#4936,.T.);
#6618=ORIENTED_EDGE('',*,*,#4955,.F.);
#6619=ORIENTED_EDGE('',*,*,#5008,.F.);
#6620=ORIENTED_EDGE('',*,*,#4944,.F.);
#6621=ORIENTED_EDGE('',*,*,#5009,.T.);
#6622=ORIENTED_EDGE('',*,*,#5010,.F.);
#6623=ORIENTED_EDGE('',*,*,#5009,.F.);
#6624=ORIENTED_EDGE('',*,*,#4943,.F.);
#6625=ORIENTED_EDGE('',*,*,#5010,.T.);
#6626=ORIENTED_EDGE('',*,*,#5011,.T.);
#6627=ORIENTED_EDGE('',*,*,#4835,.F.);
#6628=ORIENTED_EDGE('',*,*,#5011,.F.);
#6629=ORIENTED_EDGE('',*,*,#5012,.F.);
#6630=ORIENTED_EDGE('',*,*,#4965,.F.);
#6631=ORIENTED_EDGE('',*,*,#5013,.T.);
#6632=ORIENTED_EDGE('',*,*,#5014,.F.);
#6633=ORIENTED_EDGE('',*,*,#5013,.F.);
#6634=ORIENTED_EDGE('',*,*,#4964,.F.);
#6635=ORIENTED_EDGE('',*,*,#5014,.T.);
#6636=ORIENTED_EDGE('',*,*,#5015,.T.);
#6637=ORIENTED_EDGE('',*,*,#4831,.F.);
#6638=ORIENTED_EDGE('',*,*,#5015,.F.);
#6639=ORIENTED_EDGE('',*,*,#5016,.F.);
#6640=ORIENTED_EDGE('',*,*,#4968,.F.);
#6641=ORIENTED_EDGE('',*,*,#5017,.T.);
#6642=ORIENTED_EDGE('',*,*,#5018,.F.);
#6643=ORIENTED_EDGE('',*,*,#5017,.F.);
#6644=ORIENTED_EDGE('',*,*,#4967,.F.);
#6645=ORIENTED_EDGE('',*,*,#5018,.T.);
#6646=ORIENTED_EDGE('',*,*,#5019,.T.);
#6647=ORIENTED_EDGE('',*,*,#4830,.F.);
#6648=ORIENTED_EDGE('',*,*,#5019,.F.);
#6649=ORIENTED_EDGE('',*,*,#4754,.T.);
#6650=ORIENTED_EDGE('',*,*,#5007,.T.);
#6651=ORIENTED_EDGE('',*,*,#4945,.F.);
#6652=ORIENTED_EDGE('',*,*,#5008,.T.);
#6653=ORIENTED_EDGE('',*,*,#4942,.F.);
#6654=ORIENTED_EDGE('',*,*,#5016,.T.);
#6655=ORIENTED_EDGE('',*,*,#4966,.F.);
#6656=ORIENTED_EDGE('',*,*,#5012,.T.);
#6657=ORIENTED_EDGE('',*,*,#4963,.F.);
#6658=ORIENTED_EDGE('',*,*,#5020,.F.);
#6659=ORIENTED_EDGE('',*,*,#5006,.F.);
#6660=ORIENTED_EDGE('',*,*,#4951,.F.);
#6661=ORIENTED_EDGE('',*,*,#5021,.T.);
#6662=ORIENTED_EDGE('',*,*,#5022,.F.);
#6663=ORIENTED_EDGE('',*,*,#5021,.F.);
#6664=ORIENTED_EDGE('',*,*,#4950,.F.);
#6665=ORIENTED_EDGE('',*,*,#5022,.T.);
#6666=ORIENTED_EDGE('',*,*,#5023,.T.);
#6667=ORIENTED_EDGE('',*,*,#4834,.F.);
#6668=ORIENTED_EDGE('',*,*,#5023,.F.);
#6669=ORIENTED_EDGE('',*,*,#5024,.T.);
#6670=ORIENTED_EDGE('',*,*,#5025,.T.);
#6671=ORIENTED_EDGE('',*,*,#4816,.T.);
#6672=ORIENTED_EDGE('',*,*,#5026,.T.);
#6673=ORIENTED_EDGE('',*,*,#5025,.F.);
#6674=ORIENTED_EDGE('',*,*,#5027,.F.);
#6675=ORIENTED_EDGE('',*,*,#5028,.F.);
#6676=ORIENTED_EDGE('',*,*,#4817,.F.);
#6677=ORIENTED_EDGE('',*,*,#5024,.F.);
#6678=ORIENTED_EDGE('',*,*,#5029,.T.);
#6679=ORIENTED_EDGE('',*,*,#5030,.F.);
#6680=ORIENTED_EDGE('',*,*,#5031,.T.);
#6681=ORIENTED_EDGE('',*,*,#5032,.F.);
#6682=ORIENTED_EDGE('',*,*,#5033,.T.);
#6683=ORIENTED_EDGE('',*,*,#5034,.T.);
#6684=ORIENTED_EDGE('',*,*,#5027,.T.);
#6685=ORIENTED_EDGE('',*,*,#5035,.T.);
#6686=ORIENTED_EDGE('',*,*,#5036,.T.);
#6687=ORIENTED_EDGE('',*,*,#4806,.T.);
#6688=ORIENTED_EDGE('',*,*,#5037,.T.);
#6689=ORIENTED_EDGE('',*,*,#5036,.F.);
#6690=ORIENTED_EDGE('',*,*,#5038,.F.);
#6691=ORIENTED_EDGE('',*,*,#5039,.F.);
#6692=ORIENTED_EDGE('',*,*,#4807,.F.);
#6693=ORIENTED_EDGE('',*,*,#5035,.F.);
#6694=ORIENTED_EDGE('',*,*,#5040,.T.);
#6695=ORIENTED_EDGE('',*,*,#5041,.T.);
#6696=ORIENTED_EDGE('',*,*,#5042,.T.);
#6697=ORIENTED_EDGE('',*,*,#5043,.F.);
#6698=ORIENTED_EDGE('',*,*,#5044,.T.);
#6699=ORIENTED_EDGE('',*,*,#5045,.F.);
#6700=ORIENTED_EDGE('',*,*,#5038,.T.);
#6701=ORIENTED_EDGE('',*,*,#5032,.T.);
#6702=ORIENTED_EDGE('',*,*,#5046,.T.);
#6703=ORIENTED_EDGE('',*,*,#4812,.T.);
#6704=ORIENTED_EDGE('',*,*,#5047,.T.);
#6705=ORIENTED_EDGE('',*,*,#5046,.F.);
#6706=ORIENTED_EDGE('',*,*,#5031,.F.);
#6707=ORIENTED_EDGE('',*,*,#5048,.F.);
#6708=ORIENTED_EDGE('',*,*,#4813,.F.);
#6709=ORIENTED_EDGE('',*,*,#5030,.T.);
#6710=ORIENTED_EDGE('',*,*,#5049,.T.);
#6711=ORIENTED_EDGE('',*,*,#4814,.T.);
#6712=ORIENTED_EDGE('',*,*,#5048,.T.);
#6713=ORIENTED_EDGE('',*,*,#5045,.T.);
#6714=ORIENTED_EDGE('',*,*,#5050,.T.);
#6715=ORIENTED_EDGE('',*,*,#4808,.T.);
#6716=ORIENTED_EDGE('',*,*,#5039,.T.);
#6717=ORIENTED_EDGE('',*,*,#5050,.F.);
#6718=ORIENTED_EDGE('',*,*,#5044,.F.);
#6719=ORIENTED_EDGE('',*,*,#5051,.F.);
#6720=ORIENTED_EDGE('',*,*,#4809,.F.);
#6721=ORIENTED_EDGE('',*,*,#5043,.T.);
#6722=ORIENTED_EDGE('',*,*,#5052,.T.);
#6723=ORIENTED_EDGE('',*,*,#4810,.T.);
#6724=ORIENTED_EDGE('',*,*,#5051,.T.);
#6725=ORIENTED_EDGE('',*,*,#5053,.T.);
#6726=ORIENTED_EDGE('',*,*,#5054,.T.);
#6727=ORIENTED_EDGE('',*,*,#4800,.T.);
#6728=ORIENTED_EDGE('',*,*,#5055,.T.);
#6729=ORIENTED_EDGE('',*,*,#5054,.F.);
#6730=ORIENTED_EDGE('',*,*,#5056,.F.);
#6731=ORIENTED_EDGE('',*,*,#5057,.F.);
#6732=ORIENTED_EDGE('',*,*,#4801,.F.);
#6733=ORIENTED_EDGE('',*,*,#5053,.F.);
#6734=ORIENTED_EDGE('',*,*,#5058,.T.);
#6735=ORIENTED_EDGE('',*,*,#5059,.F.);
#6736=ORIENTED_EDGE('',*,*,#5060,.T.);
#6737=ORIENTED_EDGE('',*,*,#5061,.F.);
#6738=ORIENTED_EDGE('',*,*,#5062,.T.);
#6739=ORIENTED_EDGE('',*,*,#5063,.T.);
#6740=ORIENTED_EDGE('',*,*,#5056,.T.);
#6741=ORIENTED_EDGE('',*,*,#5064,.T.);
#6742=ORIENTED_EDGE('',*,*,#5065,.T.);
#6743=ORIENTED_EDGE('',*,*,#4790,.T.);
#6744=ORIENTED_EDGE('',*,*,#5066,.T.);
#6745=ORIENTED_EDGE('',*,*,#5065,.F.);
#6746=ORIENTED_EDGE('',*,*,#5067,.F.);
#6747=ORIENTED_EDGE('',*,*,#5068,.F.);
#6748=ORIENTED_EDGE('',*,*,#4791,.F.);
#6749=ORIENTED_EDGE('',*,*,#5064,.F.);
#6750=ORIENTED_EDGE('',*,*,#5069,.T.);
#6751=ORIENTED_EDGE('',*,*,#5070,.T.);
#6752=ORIENTED_EDGE('',*,*,#5071,.T.);
#6753=ORIENTED_EDGE('',*,*,#5072,.F.);
#6754=ORIENTED_EDGE('',*,*,#5073,.T.);
#6755=ORIENTED_EDGE('',*,*,#5074,.F.);
#6756=ORIENTED_EDGE('',*,*,#5067,.T.);
#6757=ORIENTED_EDGE('',*,*,#5061,.T.);
#6758=ORIENTED_EDGE('',*,*,#5075,.T.);
#6759=ORIENTED_EDGE('',*,*,#4796,.T.);
#6760=ORIENTED_EDGE('',*,*,#5076,.T.);
#6761=ORIENTED_EDGE('',*,*,#5075,.F.);
#6762=ORIENTED_EDGE('',*,*,#5060,.F.);
#6763=ORIENTED_EDGE('',*,*,#5077,.F.);
#6764=ORIENTED_EDGE('',*,*,#4797,.F.);
#6765=ORIENTED_EDGE('',*,*,#5059,.T.);
#6766=ORIENTED_EDGE('',*,*,#5078,.T.);
#6767=ORIENTED_EDGE('',*,*,#4798,.T.);
#6768=ORIENTED_EDGE('',*,*,#5077,.T.);
#6769=ORIENTED_EDGE('',*,*,#5074,.T.);
#6770=ORIENTED_EDGE('',*,*,#5079,.T.);
#6771=ORIENTED_EDGE('',*,*,#4792,.T.);
#6772=ORIENTED_EDGE('',*,*,#5068,.T.);
#6773=ORIENTED_EDGE('',*,*,#5079,.F.);
#6774=ORIENTED_EDGE('',*,*,#5073,.F.);
#6775=ORIENTED_EDGE('',*,*,#5080,.F.);
#6776=ORIENTED_EDGE('',*,*,#4793,.F.);
#6777=ORIENTED_EDGE('',*,*,#5072,.T.);
#6778=ORIENTED_EDGE('',*,*,#5081,.T.);
#6779=ORIENTED_EDGE('',*,*,#4794,.T.);
#6780=ORIENTED_EDGE('',*,*,#5080,.T.);
#6781=ORIENTED_EDGE('',*,*,#5082,.T.);
#6782=ORIENTED_EDGE('',*,*,#5083,.T.);
#6783=ORIENTED_EDGE('',*,*,#4784,.T.);
#6784=ORIENTED_EDGE('',*,*,#5084,.T.);
#6785=ORIENTED_EDGE('',*,*,#5083,.F.);
#6786=ORIENTED_EDGE('',*,*,#5085,.F.);
#6787=ORIENTED_EDGE('',*,*,#5086,.F.);
#6788=ORIENTED_EDGE('',*,*,#4785,.F.);
#6789=ORIENTED_EDGE('',*,*,#5082,.F.);
#6790=ORIENTED_EDGE('',*,*,#5087,.T.);
#6791=ORIENTED_EDGE('',*,*,#5088,.F.);
#6792=ORIENTED_EDGE('',*,*,#5089,.T.);
#6793=ORIENTED_EDGE('',*,*,#5090,.F.);
#6794=ORIENTED_EDGE('',*,*,#5091,.T.);
#6795=ORIENTED_EDGE('',*,*,#5092,.T.);
#6796=ORIENTED_EDGE('',*,*,#5085,.T.);
#6797=ORIENTED_EDGE('',*,*,#5093,.T.);
#6798=ORIENTED_EDGE('',*,*,#5094,.T.);
#6799=ORIENTED_EDGE('',*,*,#4774,.T.);
#6800=ORIENTED_EDGE('',*,*,#5095,.T.);
#6801=ORIENTED_EDGE('',*,*,#5094,.F.);
#6802=ORIENTED_EDGE('',*,*,#5096,.F.);
#6803=ORIENTED_EDGE('',*,*,#5097,.F.);
#6804=ORIENTED_EDGE('',*,*,#4775,.F.);
#6805=ORIENTED_EDGE('',*,*,#5093,.F.);
#6806=ORIENTED_EDGE('',*,*,#5098,.T.);
#6807=ORIENTED_EDGE('',*,*,#5099,.T.);
#6808=ORIENTED_EDGE('',*,*,#5100,.T.);
#6809=ORIENTED_EDGE('',*,*,#5101,.F.);
#6810=ORIENTED_EDGE('',*,*,#5102,.T.);
#6811=ORIENTED_EDGE('',*,*,#5103,.F.);
#6812=ORIENTED_EDGE('',*,*,#5096,.T.);
#6813=ORIENTED_EDGE('',*,*,#5090,.T.);
#6814=ORIENTED_EDGE('',*,*,#5104,.T.);
#6815=ORIENTED_EDGE('',*,*,#4780,.T.);
#6816=ORIENTED_EDGE('',*,*,#5105,.T.);
#6817=ORIENTED_EDGE('',*,*,#5104,.F.);
#6818=ORIENTED_EDGE('',*,*,#5089,.F.);
#6819=ORIENTED_EDGE('',*,*,#5106,.F.);
#6820=ORIENTED_EDGE('',*,*,#4781,.F.);
#6821=ORIENTED_EDGE('',*,*,#5088,.T.);
#6822=ORIENTED_EDGE('',*,*,#5107,.T.);
#6823=ORIENTED_EDGE('',*,*,#4782,.T.);
#6824=ORIENTED_EDGE('',*,*,#5106,.T.);
#6825=ORIENTED_EDGE('',*,*,#5103,.T.);
#6826=ORIENTED_EDGE('',*,*,#5108,.T.);
#6827=ORIENTED_EDGE('',*,*,#4776,.T.);
#6828=ORIENTED_EDGE('',*,*,#5097,.T.);
#6829=ORIENTED_EDGE('',*,*,#5108,.F.);
#6830=ORIENTED_EDGE('',*,*,#5102,.F.);
#6831=ORIENTED_EDGE('',*,*,#5109,.F.);
#6832=ORIENTED_EDGE('',*,*,#4777,.F.);
#6833=ORIENTED_EDGE('',*,*,#5101,.T.);
#6834=ORIENTED_EDGE('',*,*,#5110,.T.);
#6835=ORIENTED_EDGE('',*,*,#4778,.T.);
#6836=ORIENTED_EDGE('',*,*,#5109,.T.);
#6837=ORIENTED_EDGE('',*,*,#5111,.T.);
#6838=ORIENTED_EDGE('',*,*,#4804,.T.);
#6839=ORIENTED_EDGE('',*,*,#5112,.T.);
#6840=ORIENTED_EDGE('',*,*,#5041,.F.);
#6841=ORIENTED_EDGE('',*,*,#5028,.T.);
#6842=ORIENTED_EDGE('',*,*,#5034,.F.);
#6843=ORIENTED_EDGE('',*,*,#5113,.T.);
#6844=ORIENTED_EDGE('',*,*,#4818,.T.);
#6845=ORIENTED_EDGE('',*,*,#5114,.T.);
#6846=ORIENTED_EDGE('',*,*,#4788,.T.);
#6847=ORIENTED_EDGE('',*,*,#5115,.T.);
#6848=ORIENTED_EDGE('',*,*,#5070,.F.);
#6849=ORIENTED_EDGE('',*,*,#5057,.T.);
#6850=ORIENTED_EDGE('',*,*,#5063,.F.);
#6851=ORIENTED_EDGE('',*,*,#5116,.T.);
#6852=ORIENTED_EDGE('',*,*,#4802,.T.);
#6853=ORIENTED_EDGE('',*,*,#5117,.T.);
#6854=ORIENTED_EDGE('',*,*,#4772,.T.);
#6855=ORIENTED_EDGE('',*,*,#5118,.T.);
#6856=ORIENTED_EDGE('',*,*,#5099,.F.);
#6857=ORIENTED_EDGE('',*,*,#5086,.T.);
#6858=ORIENTED_EDGE('',*,*,#5092,.F.);
#6859=ORIENTED_EDGE('',*,*,#5119,.T.);
#6860=ORIENTED_EDGE('',*,*,#4786,.T.);
#6861=ORIENTED_EDGE('',*,*,#5026,.F.);
#6862=ORIENTED_EDGE('',*,*,#4815,.F.);
#6863=ORIENTED_EDGE('',*,*,#5049,.F.);
#6864=ORIENTED_EDGE('',*,*,#5029,.F.);
#6865=ORIENTED_EDGE('',*,*,#5037,.F.);
#6866=ORIENTED_EDGE('',*,*,#4805,.F.);
#6867=ORIENTED_EDGE('',*,*,#5111,.F.);
#6868=ORIENTED_EDGE('',*,*,#5040,.F.);
#6869=ORIENTED_EDGE('',*,*,#5055,.F.);
#6870=ORIENTED_EDGE('',*,*,#4799,.F.);
#6871=ORIENTED_EDGE('',*,*,#5078,.F.);
#6872=ORIENTED_EDGE('',*,*,#5058,.F.);
#6873=ORIENTED_EDGE('',*,*,#5066,.F.);
#6874=ORIENTED_EDGE('',*,*,#4789,.F.);
#6875=ORIENTED_EDGE('',*,*,#5114,.F.);
#6876=ORIENTED_EDGE('',*,*,#5069,.F.);
#6877=ORIENTED_EDGE('',*,*,#5084,.F.);
#6878=ORIENTED_EDGE('',*,*,#4783,.F.);
#6879=ORIENTED_EDGE('',*,*,#5107,.F.);
#6880=ORIENTED_EDGE('',*,*,#5087,.F.);
#6881=ORIENTED_EDGE('',*,*,#5095,.F.);
#6882=ORIENTED_EDGE('',*,*,#4773,.F.);
#6883=ORIENTED_EDGE('',*,*,#5117,.F.);
#6884=ORIENTED_EDGE('',*,*,#5098,.F.);
#6885=ORIENTED_EDGE('',*,*,#5120,.T.);
#6886=ORIENTED_EDGE('',*,*,#5121,.T.);
#6887=ORIENTED_EDGE('',*,*,#4768,.T.);
#6888=ORIENTED_EDGE('',*,*,#5122,.T.);
#6889=ORIENTED_EDGE('',*,*,#5121,.F.);
#6890=ORIENTED_EDGE('',*,*,#5123,.F.);
#6891=ORIENTED_EDGE('',*,*,#5124,.F.);
#6892=ORIENTED_EDGE('',*,*,#4769,.F.);
#6893=ORIENTED_EDGE('',*,*,#5120,.F.);
#6894=ORIENTED_EDGE('',*,*,#5125,.T.);
#6895=ORIENTED_EDGE('',*,*,#5126,.F.);
#6896=ORIENTED_EDGE('',*,*,#5127,.T.);
#6897=ORIENTED_EDGE('',*,*,#5128,.F.);
#6898=ORIENTED_EDGE('',*,*,#5129,.T.);
#6899=ORIENTED_EDGE('',*,*,#5130,.T.);
#6900=ORIENTED_EDGE('',*,*,#5123,.T.);
#6901=ORIENTED_EDGE('',*,*,#5131,.T.);
#6902=ORIENTED_EDGE('',*,*,#5132,.T.);
#6903=ORIENTED_EDGE('',*,*,#4758,.T.);
#6904=ORIENTED_EDGE('',*,*,#5133,.T.);
#6905=ORIENTED_EDGE('',*,*,#5132,.F.);
#6906=ORIENTED_EDGE('',*,*,#5134,.F.);
#6907=ORIENTED_EDGE('',*,*,#5135,.F.);
#6908=ORIENTED_EDGE('',*,*,#4759,.F.);
#6909=ORIENTED_EDGE('',*,*,#5131,.F.);
#6910=ORIENTED_EDGE('',*,*,#5136,.T.);
#6911=ORIENTED_EDGE('',*,*,#5137,.T.);
#6912=ORIENTED_EDGE('',*,*,#5138,.T.);
#6913=ORIENTED_EDGE('',*,*,#5139,.F.);
#6914=ORIENTED_EDGE('',*,*,#5140,.T.);
#6915=ORIENTED_EDGE('',*,*,#5141,.F.);
#6916=ORIENTED_EDGE('',*,*,#5134,.T.);
#6917=ORIENTED_EDGE('',*,*,#5128,.T.);
#6918=ORIENTED_EDGE('',*,*,#5142,.T.);
#6919=ORIENTED_EDGE('',*,*,#4764,.T.);
#6920=ORIENTED_EDGE('',*,*,#5143,.T.);
#6921=ORIENTED_EDGE('',*,*,#5142,.F.);
#6922=ORIENTED_EDGE('',*,*,#5127,.F.);
#6923=ORIENTED_EDGE('',*,*,#5144,.F.);
#6924=ORIENTED_EDGE('',*,*,#4765,.F.);
#6925=ORIENTED_EDGE('',*,*,#5126,.T.);
#6926=ORIENTED_EDGE('',*,*,#5145,.T.);
#6927=ORIENTED_EDGE('',*,*,#4766,.T.);
#6928=ORIENTED_EDGE('',*,*,#5144,.T.);
#6929=ORIENTED_EDGE('',*,*,#5141,.T.);
#6930=ORIENTED_EDGE('',*,*,#5146,.T.);
#6931=ORIENTED_EDGE('',*,*,#4760,.T.);
#6932=ORIENTED_EDGE('',*,*,#5135,.T.);
#6933=ORIENTED_EDGE('',*,*,#5146,.F.);
#6934=ORIENTED_EDGE('',*,*,#5140,.F.);
#6935=ORIENTED_EDGE('',*,*,#5147,.F.);
#6936=ORIENTED_EDGE('',*,*,#4761,.F.);
#6937=ORIENTED_EDGE('',*,*,#5139,.T.);
#6938=ORIENTED_EDGE('',*,*,#5148,.T.);
#6939=ORIENTED_EDGE('',*,*,#4762,.T.);
#6940=ORIENTED_EDGE('',*,*,#5147,.T.);
#6941=ORIENTED_EDGE('',*,*,#5149,.T.);
#6942=ORIENTED_EDGE('',*,*,#4756,.T.);
#6943=ORIENTED_EDGE('',*,*,#5150,.T.);
#6944=ORIENTED_EDGE('',*,*,#5137,.F.);
#6945=ORIENTED_EDGE('',*,*,#5124,.T.);
#6946=ORIENTED_EDGE('',*,*,#5130,.F.);
#6947=ORIENTED_EDGE('',*,*,#5151,.T.);
#6948=ORIENTED_EDGE('',*,*,#4770,.T.);
#6949=ORIENTED_EDGE('',*,*,#5122,.F.);
#6950=ORIENTED_EDGE('',*,*,#4767,.F.);
#6951=ORIENTED_EDGE('',*,*,#5145,.F.);
#6952=ORIENTED_EDGE('',*,*,#5125,.F.);
#6953=ORIENTED_EDGE('',*,*,#5133,.F.);
#6954=ORIENTED_EDGE('',*,*,#4757,.F.);
#6955=ORIENTED_EDGE('',*,*,#5149,.F.);
#6956=ORIENTED_EDGE('',*,*,#5136,.F.);
#6957=ORIENTED_EDGE('',*,*,#4811,.T.);
#6958=ORIENTED_EDGE('',*,*,#5052,.F.);
#6959=ORIENTED_EDGE('',*,*,#5042,.F.);
#6960=ORIENTED_EDGE('',*,*,#5112,.F.);
#6961=ORIENTED_EDGE('',*,*,#4803,.T.);
#6962=ORIENTED_EDGE('',*,*,#5116,.F.);
#6963=ORIENTED_EDGE('',*,*,#5062,.F.);
#6964=ORIENTED_EDGE('',*,*,#5076,.F.);
#6965=ORIENTED_EDGE('',*,*,#4795,.T.);
#6966=ORIENTED_EDGE('',*,*,#5081,.F.);
#6967=ORIENTED_EDGE('',*,*,#5071,.F.);
#6968=ORIENTED_EDGE('',*,*,#5115,.F.);
#6969=ORIENTED_EDGE('',*,*,#4787,.T.);
#6970=ORIENTED_EDGE('',*,*,#5119,.F.);
#6971=ORIENTED_EDGE('',*,*,#5091,.F.);
#6972=ORIENTED_EDGE('',*,*,#5105,.F.);
#6973=ORIENTED_EDGE('',*,*,#4779,.T.);
#6974=ORIENTED_EDGE('',*,*,#5110,.F.);
#6975=ORIENTED_EDGE('',*,*,#5100,.F.);
#6976=ORIENTED_EDGE('',*,*,#5118,.F.);
#6977=ORIENTED_EDGE('',*,*,#4771,.T.);
#6978=ORIENTED_EDGE('',*,*,#5151,.F.);
#6979=ORIENTED_EDGE('',*,*,#5129,.F.);
#6980=ORIENTED_EDGE('',*,*,#5143,.F.);
#6981=ORIENTED_EDGE('',*,*,#4763,.T.);
#6982=ORIENTED_EDGE('',*,*,#5148,.F.);
#6983=ORIENTED_EDGE('',*,*,#5138,.F.);
#6984=ORIENTED_EDGE('',*,*,#5150,.F.);
#6985=ORIENTED_EDGE('',*,*,#4755,.T.);
#6986=ORIENTED_EDGE('',*,*,#5020,.T.);
#6987=ORIENTED_EDGE('',*,*,#4962,.F.);
#6988=ORIENTED_EDGE('',*,*,#4937,.F.);
#6989=ORIENTED_EDGE('',*,*,#4819,.T.);
#6990=ORIENTED_EDGE('',*,*,#5113,.F.);
#6991=ORIENTED_EDGE('',*,*,#5033,.F.);
#6992=ORIENTED_EDGE('',*,*,#5047,.F.);
#6993=ORIENTED_EDGE('',*,*,#4971,.T.);
#6994=ORIENTED_EDGE('',*,*,#4975,.T.);
#6995=ORIENTED_EDGE('',*,*,#4979,.T.);
#6996=ORIENTED_EDGE('',*,*,#4983,.T.);
#6997=ORIENTED_EDGE('',*,*,#4987,.T.);
#6998=ORIENTED_EDGE('',*,*,#5152,.F.);
#6999=ORIENTED_EDGE('',*,*,#5153,.T.);
#7000=ORIENTED_EDGE('',*,*,#5154,.T.);
#7001=ORIENTED_EDGE('',*,*,#5155,.T.);
#7002=ORIENTED_EDGE('',*,*,#5156,.T.);
#7003=ORIENTED_EDGE('',*,*,#5157,.T.);
#7004=ORIENTED_EDGE('',*,*,#5158,.F.);
#7005=ORIENTED_EDGE('',*,*,#5159,.T.);
#7006=ORIENTED_EDGE('',*,*,#5160,.T.);
#7007=ORIENTED_EDGE('',*,*,#5161,.T.);
#7008=ORIENTED_EDGE('',*,*,#5162,.F.);
#7009=ORIENTED_EDGE('',*,*,#5163,.T.);
#7010=ORIENTED_EDGE('',*,*,#5164,.F.);
#7011=ORIENTED_EDGE('',*,*,#5165,.T.);
#7012=ORIENTED_EDGE('',*,*,#5166,.F.);
#7013=ORIENTED_EDGE('',*,*,#5167,.T.);
#7014=ORIENTED_EDGE('',*,*,#5168,.T.);
#7015=ORIENTED_EDGE('',*,*,#5169,.T.);
#7016=ORIENTED_EDGE('',*,*,#5170,.F.);
#7017=ORIENTED_EDGE('',*,*,#5171,.T.);
#7018=ORIENTED_EDGE('',*,*,#5172,.F.);
#7019=ORIENTED_EDGE('',*,*,#5173,.T.);
#7020=ORIENTED_EDGE('',*,*,#5174,.F.);
#7021=ORIENTED_EDGE('',*,*,#5175,.T.);
#7022=ORIENTED_EDGE('',*,*,#5176,.T.);
#7023=ORIENTED_EDGE('',*,*,#5177,.T.);
#7024=ORIENTED_EDGE('',*,*,#5178,.F.);
#7025=ORIENTED_EDGE('',*,*,#5179,.T.);
#7026=ORIENTED_EDGE('',*,*,#5180,.F.);
#7027=ORIENTED_EDGE('',*,*,#5181,.T.);
#7028=ORIENTED_EDGE('',*,*,#5182,.F.);
#7029=ORIENTED_EDGE('',*,*,#5183,.T.);
#7030=ORIENTED_EDGE('',*,*,#5184,.T.);
#7031=ORIENTED_EDGE('',*,*,#5185,.T.);
#7032=ORIENTED_EDGE('',*,*,#5186,.F.);
#7033=ORIENTED_EDGE('',*,*,#5187,.T.);
#7034=ORIENTED_EDGE('',*,*,#5188,.F.);
#7035=ORIENTED_EDGE('',*,*,#5189,.T.);
#7036=ORIENTED_EDGE('',*,*,#5190,.F.);
#7037=ORIENTED_EDGE('',*,*,#5191,.T.);
#7038=ORIENTED_EDGE('',*,*,#5192,.T.);
#7039=ORIENTED_EDGE('',*,*,#5193,.T.);
#7040=ORIENTED_EDGE('',*,*,#5194,.F.);
#7041=ORIENTED_EDGE('',*,*,#5195,.T.);
#7042=ORIENTED_EDGE('',*,*,#5196,.F.);
#7043=ORIENTED_EDGE('',*,*,#5197,.T.);
#7044=ORIENTED_EDGE('',*,*,#5198,.F.);
#7045=ORIENTED_EDGE('',*,*,#5199,.T.);
#7046=ORIENTED_EDGE('',*,*,#5200,.T.);
#7047=ORIENTED_EDGE('',*,*,#5201,.T.);
#7048=ORIENTED_EDGE('',*,*,#5202,.F.);
#7049=ORIENTED_EDGE('',*,*,#5203,.T.);
#7050=ORIENTED_EDGE('',*,*,#5204,.F.);
#7051=ORIENTED_EDGE('',*,*,#5205,.T.);
#7052=ORIENTED_EDGE('',*,*,#5206,.F.);
#7053=ORIENTED_EDGE('',*,*,#5207,.T.);
#7054=ORIENTED_EDGE('',*,*,#5208,.T.);
#7055=ORIENTED_EDGE('',*,*,#5209,.T.);
#7056=ORIENTED_EDGE('',*,*,#5210,.F.);
#7057=ORIENTED_EDGE('',*,*,#5211,.T.);
#7058=ORIENTED_EDGE('',*,*,#5212,.F.);
#7059=ORIENTED_EDGE('',*,*,#5213,.T.);
#7060=ORIENTED_EDGE('',*,*,#5214,.F.);
#7061=ORIENTED_EDGE('',*,*,#5215,.T.);
#7062=ORIENTED_EDGE('',*,*,#5216,.T.);
#7063=ORIENTED_EDGE('',*,*,#5217,.T.);
#7064=ORIENTED_EDGE('',*,*,#5218,.F.);
#7065=ORIENTED_EDGE('',*,*,#5219,.T.);
#7066=ORIENTED_EDGE('',*,*,#5220,.F.);
#7067=ORIENTED_EDGE('',*,*,#5221,.T.);
#7068=ORIENTED_EDGE('',*,*,#5222,.F.);
#7069=ORIENTED_EDGE('',*,*,#5223,.T.);
#7070=ORIENTED_EDGE('',*,*,#5224,.T.);
#7071=ORIENTED_EDGE('',*,*,#5225,.T.);
#7072=ORIENTED_EDGE('',*,*,#5226,.T.);
#7073=ORIENTED_EDGE('',*,*,#5227,.F.);
#7074=ORIENTED_EDGE('',*,*,#5228,.F.);
#7075=ORIENTED_EDGE('',*,*,#5229,.F.);
#7076=ORIENTED_EDGE('',*,*,#5230,.F.);
#7077=ORIENTED_EDGE('',*,*,#5231,.F.);
#7078=ORIENTED_EDGE('',*,*,#5232,.F.);
#7079=ORIENTED_EDGE('',*,*,#5233,.F.);
#7080=ORIENTED_EDGE('',*,*,#5234,.F.);
#7081=ORIENTED_EDGE('',*,*,#5235,.F.);
#7082=ORIENTED_EDGE('',*,*,#5236,.F.);
#7083=ORIENTED_EDGE('',*,*,#5155,.F.);
#7084=ORIENTED_EDGE('',*,*,#5237,.F.);
#7085=ORIENTED_EDGE('',*,*,#5238,.T.);
#7086=ORIENTED_EDGE('',*,*,#5239,.F.);
#7087=ORIENTED_EDGE('',*,*,#5240,.F.);
#7088=ORIENTED_EDGE('',*,*,#5241,.F.);
#7089=ORIENTED_EDGE('',*,*,#5242,.T.);
#7090=ORIENTED_EDGE('',*,*,#5243,.F.);
#7091=ORIENTED_EDGE('',*,*,#5244,.F.);
#7092=ORIENTED_EDGE('',*,*,#5245,.F.);
#7093=ORIENTED_EDGE('',*,*,#5246,.T.);
#7094=ORIENTED_EDGE('',*,*,#5247,.F.);
#7095=ORIENTED_EDGE('',*,*,#5248,.F.);
#7096=ORIENTED_EDGE('',*,*,#5249,.F.);
#7097=ORIENTED_EDGE('',*,*,#5250,.T.);
#7098=ORIENTED_EDGE('',*,*,#5251,.F.);
#7099=ORIENTED_EDGE('',*,*,#5252,.F.);
#7100=ORIENTED_EDGE('',*,*,#5253,.F.);
#7101=ORIENTED_EDGE('',*,*,#5254,.T.);
#7102=ORIENTED_EDGE('',*,*,#5157,.F.);
#7103=ORIENTED_EDGE('',*,*,#5255,.T.);
#7104=ORIENTED_EDGE('',*,*,#5256,.F.);
#7105=ORIENTED_EDGE('',*,*,#5257,.T.);
#7106=ORIENTED_EDGE('',*,*,#5258,.F.);
#7107=ORIENTED_EDGE('',*,*,#5259,.T.);
#7108=ORIENTED_EDGE('',*,*,#5153,.F.);
#7109=ORIENTED_EDGE('',*,*,#5260,.T.);
#7110=ORIENTED_EDGE('',*,*,#5261,.F.);
#7111=ORIENTED_EDGE('',*,*,#5262,.T.);
#7112=ORIENTED_EDGE('',*,*,#5263,.T.);
#7113=ORIENTED_EDGE('',*,*,#5240,.T.);
#7114=ORIENTED_EDGE('',*,*,#5264,.T.);
#7115=ORIENTED_EDGE('',*,*,#5265,.T.);
#7116=ORIENTED_EDGE('',*,*,#5266,.F.);
#7117=ORIENTED_EDGE('',*,*,#5265,.F.);
#7118=ORIENTED_EDGE('',*,*,#5267,.T.);
#7119=ORIENTED_EDGE('',*,*,#5268,.F.);
#7120=ORIENTED_EDGE('',*,*,#5269,.T.);
#7121=ORIENTED_EDGE('',*,*,#5270,.F.);
#7122=ORIENTED_EDGE('',*,*,#5271,.T.);
#7123=ORIENTED_EDGE('',*,*,#5262,.F.);
#7124=ORIENTED_EDGE('',*,*,#5272,.T.);
#7125=ORIENTED_EDGE('',*,*,#5273,.F.);
#7126=ORIENTED_EDGE('',*,*,#5274,.T.);
#7127=ORIENTED_EDGE('',*,*,#5275,.T.);
#7128=ORIENTED_EDGE('',*,*,#5244,.T.);
#7129=ORIENTED_EDGE('',*,*,#5276,.T.);
#7130=ORIENTED_EDGE('',*,*,#5277,.T.);
#7131=ORIENTED_EDGE('',*,*,#5278,.F.);
#7132=ORIENTED_EDGE('',*,*,#5277,.F.);
#7133=ORIENTED_EDGE('',*,*,#5279,.T.);
#7134=ORIENTED_EDGE('',*,*,#5280,.F.);
#7135=ORIENTED_EDGE('',*,*,#5281,.T.);
#7136=ORIENTED_EDGE('',*,*,#5282,.F.);
#7137=ORIENTED_EDGE('',*,*,#5283,.T.);
#7138=ORIENTED_EDGE('',*,*,#5274,.F.);
#7139=ORIENTED_EDGE('',*,*,#5284,.T.);
#7140=ORIENTED_EDGE('',*,*,#5285,.F.);
#7141=ORIENTED_EDGE('',*,*,#5286,.T.);
#7142=ORIENTED_EDGE('',*,*,#5287,.T.);
#7143=ORIENTED_EDGE('',*,*,#5252,.T.);
#7144=ORIENTED_EDGE('',*,*,#5288,.T.);
#7145=ORIENTED_EDGE('',*,*,#5289,.T.);
#7146=ORIENTED_EDGE('',*,*,#5290,.F.);
#7147=ORIENTED_EDGE('',*,*,#5289,.F.);
#7148=ORIENTED_EDGE('',*,*,#5291,.T.);
#7149=ORIENTED_EDGE('',*,*,#5292,.F.);
#7150=ORIENTED_EDGE('',*,*,#5293,.T.);
#7151=ORIENTED_EDGE('',*,*,#5294,.F.);
#7152=ORIENTED_EDGE('',*,*,#5295,.T.);
#7153=ORIENTED_EDGE('',*,*,#5286,.F.);
#7154=ORIENTED_EDGE('',*,*,#5296,.T.);
#7155=ORIENTED_EDGE('',*,*,#5297,.F.);
#7156=ORIENTED_EDGE('',*,*,#5298,.T.);
#7157=ORIENTED_EDGE('',*,*,#5299,.T.);
#7158=ORIENTED_EDGE('',*,*,#5248,.T.);
#7159=ORIENTED_EDGE('',*,*,#5300,.T.);
#7160=ORIENTED_EDGE('',*,*,#5301,.T.);
#7161=ORIENTED_EDGE('',*,*,#5302,.F.);
#7162=ORIENTED_EDGE('',*,*,#5303,.T.);
#7163=ORIENTED_EDGE('',*,*,#5304,.T.);
#7164=ORIENTED_EDGE('',*,*,#5288,.F.);
#7165=ORIENTED_EDGE('',*,*,#5251,.T.);
#7166=ORIENTED_EDGE('',*,*,#5304,.F.);
#7167=ORIENTED_EDGE('',*,*,#5305,.T.);
#7168=ORIENTED_EDGE('',*,*,#5306,.F.);
#7169=ORIENTED_EDGE('',*,*,#5291,.F.);
#7170=ORIENTED_EDGE('',*,*,#5307,.T.);
#7171=ORIENTED_EDGE('',*,*,#5308,.T.);
#7172=ORIENTED_EDGE('',*,*,#5253,.T.);
#7173=ORIENTED_EDGE('',*,*,#5287,.F.);
#7174=ORIENTED_EDGE('',*,*,#5307,.F.);
#7175=ORIENTED_EDGE('',*,*,#5295,.F.);
#7176=ORIENTED_EDGE('',*,*,#5309,.F.);
#7177=ORIENTED_EDGE('',*,*,#5310,.T.);
#7178=ORIENTED_EDGE('',*,*,#5292,.T.);
#7179=ORIENTED_EDGE('',*,*,#5306,.T.);
#7180=ORIENTED_EDGE('',*,*,#5311,.T.);
#7181=ORIENTED_EDGE('',*,*,#5312,.T.);
#7182=ORIENTED_EDGE('',*,*,#5313,.T.);
#7183=ORIENTED_EDGE('',*,*,#5309,.T.);
#7184=ORIENTED_EDGE('',*,*,#5294,.T.);
#7185=ORIENTED_EDGE('',*,*,#5314,.T.);
#7186=ORIENTED_EDGE('',*,*,#5315,.T.);
#7187=ORIENTED_EDGE('',*,*,#5316,.T.);
#7188=ORIENTED_EDGE('',*,*,#5300,.F.);
#7189=ORIENTED_EDGE('',*,*,#5247,.T.);
#7190=ORIENTED_EDGE('',*,*,#5316,.F.);
#7191=ORIENTED_EDGE('',*,*,#5317,.T.);
#7192=ORIENTED_EDGE('',*,*,#5318,.F.);
#7193=ORIENTED_EDGE('',*,*,#5319,.F.);
#7194=ORIENTED_EDGE('',*,*,#5320,.T.);
#7195=ORIENTED_EDGE('',*,*,#5321,.T.);
#7196=ORIENTED_EDGE('',*,*,#5249,.T.);
#7197=ORIENTED_EDGE('',*,*,#5299,.F.);
#7198=ORIENTED_EDGE('',*,*,#5320,.F.);
#7199=ORIENTED_EDGE('',*,*,#5322,.F.);
#7200=ORIENTED_EDGE('',*,*,#5323,.F.);
#7201=ORIENTED_EDGE('',*,*,#5324,.T.);
#7202=ORIENTED_EDGE('',*,*,#5325,.T.);
#7203=ORIENTED_EDGE('',*,*,#5318,.T.);
#7204=ORIENTED_EDGE('',*,*,#5326,.T.);
#7205=ORIENTED_EDGE('',*,*,#5327,.T.);
#7206=ORIENTED_EDGE('',*,*,#5301,.F.);
#7207=ORIENTED_EDGE('',*,*,#5319,.T.);
#7208=ORIENTED_EDGE('',*,*,#5325,.F.);
#7209=ORIENTED_EDGE('',*,*,#5328,.T.);
#7210=ORIENTED_EDGE('',*,*,#5329,.F.);
#7211=ORIENTED_EDGE('',*,*,#5322,.T.);
#7212=ORIENTED_EDGE('',*,*,#5298,.F.);
#7213=ORIENTED_EDGE('',*,*,#5330,.T.);
#7214=ORIENTED_EDGE('',*,*,#5331,.T.);
#7215=ORIENTED_EDGE('',*,*,#5323,.T.);
#7216=ORIENTED_EDGE('',*,*,#5329,.T.);
#7217=ORIENTED_EDGE('',*,*,#5332,.T.);
#7218=ORIENTED_EDGE('',*,*,#5280,.T.);
#7219=ORIENTED_EDGE('',*,*,#5333,.T.);
#7220=ORIENTED_EDGE('',*,*,#5334,.T.);
#7221=ORIENTED_EDGE('',*,*,#5335,.T.);
#7222=ORIENTED_EDGE('',*,*,#5335,.F.);
#7223=ORIENTED_EDGE('',*,*,#5336,.T.);
#7224=ORIENTED_EDGE('',*,*,#5337,.F.);
#7225=ORIENTED_EDGE('',*,*,#5281,.F.);
#7226=ORIENTED_EDGE('',*,*,#5334,.F.);
#7227=ORIENTED_EDGE('',*,*,#5338,.F.);
#7228=ORIENTED_EDGE('',*,*,#5339,.F.);
#7229=ORIENTED_EDGE('',*,*,#5246,.F.);
#7230=ORIENTED_EDGE('',*,*,#5340,.F.);
#7231=ORIENTED_EDGE('',*,*,#5341,.F.);
#7232=ORIENTED_EDGE('',*,*,#5342,.F.);
#7233=ORIENTED_EDGE('',*,*,#5336,.F.);
#7234=ORIENTED_EDGE('',*,*,#5343,.T.);
#7235=ORIENTED_EDGE('',*,*,#5342,.T.);
#7236=ORIENTED_EDGE('',*,*,#5344,.T.);
#7237=ORIENTED_EDGE('',*,*,#5282,.T.);
#7238=ORIENTED_EDGE('',*,*,#5337,.T.);
#7239=ORIENTED_EDGE('',*,*,#5339,.T.);
#7240=ORIENTED_EDGE('',*,*,#5345,.T.);
#7241=ORIENTED_EDGE('',*,*,#5276,.F.);
#7242=ORIENTED_EDGE('',*,*,#5243,.T.);
#7243=ORIENTED_EDGE('',*,*,#5333,.F.);
#7244=ORIENTED_EDGE('',*,*,#5279,.F.);
#7245=ORIENTED_EDGE('',*,*,#5345,.F.);
#7246=ORIENTED_EDGE('',*,*,#5338,.T.);
#7247=ORIENTED_EDGE('',*,*,#5346,.T.);
#7248=ORIENTED_EDGE('',*,*,#5340,.T.);
#7249=ORIENTED_EDGE('',*,*,#5245,.T.);
#7250=ORIENTED_EDGE('',*,*,#5275,.F.);
#7251=ORIENTED_EDGE('',*,*,#5344,.F.);
#7252=ORIENTED_EDGE('',*,*,#5341,.T.);
#7253=ORIENTED_EDGE('',*,*,#5346,.F.);
#7254=ORIENTED_EDGE('',*,*,#5283,.F.);
#7255=ORIENTED_EDGE('',*,*,#5347,.T.);
#7256=ORIENTED_EDGE('',*,*,#5348,.T.);
#7257=ORIENTED_EDGE('',*,*,#5270,.T.);
#7258=ORIENTED_EDGE('',*,*,#5349,.T.);
#7259=ORIENTED_EDGE('',*,*,#5349,.F.);
#7260=ORIENTED_EDGE('',*,*,#5269,.F.);
#7261=ORIENTED_EDGE('',*,*,#5350,.F.);
#7262=ORIENTED_EDGE('',*,*,#5351,.T.);
#7263=ORIENTED_EDGE('',*,*,#5268,.T.);
#7264=ORIENTED_EDGE('',*,*,#5352,.T.);
#7265=ORIENTED_EDGE('',*,*,#5353,.T.);
#7266=ORIENTED_EDGE('',*,*,#5350,.T.);
#7267=ORIENTED_EDGE('',*,*,#5354,.T.);
#7268=ORIENTED_EDGE('',*,*,#5355,.T.);
#7269=ORIENTED_EDGE('',*,*,#5241,.T.);
#7270=ORIENTED_EDGE('',*,*,#5263,.F.);
#7271=ORIENTED_EDGE('',*,*,#5348,.F.);
#7272=ORIENTED_EDGE('',*,*,#5356,.T.);
#7273=ORIENTED_EDGE('',*,*,#5354,.F.);
#7274=ORIENTED_EDGE('',*,*,#5271,.F.);
#7275=ORIENTED_EDGE('',*,*,#5357,.T.);
#7276=ORIENTED_EDGE('',*,*,#5358,.T.);
#7277=ORIENTED_EDGE('',*,*,#5264,.F.);
#7278=ORIENTED_EDGE('',*,*,#5239,.T.);
#7279=ORIENTED_EDGE('',*,*,#5352,.F.);
#7280=ORIENTED_EDGE('',*,*,#5267,.F.);
#7281=ORIENTED_EDGE('',*,*,#5358,.F.);
#7282=ORIENTED_EDGE('',*,*,#5359,.T.);
#7283=ORIENTED_EDGE('',*,*,#5360,.T.);
#7284=ORIENTED_EDGE('',*,*,#5361,.T.);
#7285=ORIENTED_EDGE('',*,*,#5258,.T.);
#7286=ORIENTED_EDGE('',*,*,#5362,.T.);
#7287=ORIENTED_EDGE('',*,*,#5362,.F.);
#7288=ORIENTED_EDGE('',*,*,#5257,.F.);
#7289=ORIENTED_EDGE('',*,*,#5363,.F.);
#7290=ORIENTED_EDGE('',*,*,#5364,.T.);
#7291=ORIENTED_EDGE('',*,*,#5256,.T.);
#7292=ORIENTED_EDGE('',*,*,#5365,.T.);
#7293=ORIENTED_EDGE('',*,*,#5366,.T.);
#7294=ORIENTED_EDGE('',*,*,#5363,.T.);
#7295=ORIENTED_EDGE('',*,*,#5367,.T.);
#7296=ORIENTED_EDGE('',*,*,#5368,.T.);
#7297=ORIENTED_EDGE('',*,*,#5237,.T.);
#7298=ORIENTED_EDGE('',*,*,#5154,.F.);
#7299=ORIENTED_EDGE('',*,*,#5361,.F.);
#7300=ORIENTED_EDGE('',*,*,#5369,.T.);
#7301=ORIENTED_EDGE('',*,*,#5367,.F.);
#7302=ORIENTED_EDGE('',*,*,#5259,.F.);
#7303=ORIENTED_EDGE('',*,*,#5370,.T.);
#7304=ORIENTED_EDGE('',*,*,#5371,.T.);
#7305=ORIENTED_EDGE('',*,*,#5156,.F.);
#7306=ORIENTED_EDGE('',*,*,#5236,.T.);
#7307=ORIENTED_EDGE('',*,*,#5365,.F.);
#7308=ORIENTED_EDGE('',*,*,#5255,.F.);
#7309=ORIENTED_EDGE('',*,*,#5371,.F.);
#7310=ORIENTED_EDGE('',*,*,#5372,.T.);
#7311=ORIENTED_EDGE('',*,*,#5373,.F.);
#7312=ORIENTED_EDGE('',*,*,#5374,.T.);
#7313=ORIENTED_EDGE('',*,*,#5158,.T.);
#7314=ORIENTED_EDGE('',*,*,#5260,.F.);
#7315=ORIENTED_EDGE('',*,*,#5152,.T.);
#7316=ORIENTED_EDGE('',*,*,#5374,.F.);
#7317=ORIENTED_EDGE('',*,*,#5375,.F.);
#7318=ORIENTED_EDGE('',*,*,#5376,.T.);
#7319=ORIENTED_EDGE('',*,*,#5266,.T.);
#7320=ORIENTED_EDGE('',*,*,#5272,.F.);
#7321=ORIENTED_EDGE('',*,*,#5261,.T.);
#7322=ORIENTED_EDGE('',*,*,#5376,.F.);
#7323=ORIENTED_EDGE('',*,*,#5343,.F.);
#7324=ORIENTED_EDGE('',*,*,#5377,.T.);
#7325=ORIENTED_EDGE('',*,*,#5278,.T.);
#7326=ORIENTED_EDGE('',*,*,#5284,.F.);
#7327=ORIENTED_EDGE('',*,*,#5273,.T.);
#7328=ORIENTED_EDGE('',*,*,#5377,.F.);
#7329=ORIENTED_EDGE('',*,*,#5378,.F.);
#7330=ORIENTED_EDGE('',*,*,#5379,.T.);
#7331=ORIENTED_EDGE('',*,*,#5290,.T.);
#7332=ORIENTED_EDGE('',*,*,#5296,.F.);
#7333=ORIENTED_EDGE('',*,*,#5285,.T.);
#7334=ORIENTED_EDGE('',*,*,#5379,.F.);
#7335=ORIENTED_EDGE('',*,*,#5380,.F.);
#7336=ORIENTED_EDGE('',*,*,#5381,.T.);
#7337=ORIENTED_EDGE('',*,*,#5302,.T.);
#7338=ORIENTED_EDGE('',*,*,#5330,.F.);
#7339=ORIENTED_EDGE('',*,*,#5297,.T.);
#7340=ORIENTED_EDGE('',*,*,#5381,.F.);
#7341=ORIENTED_EDGE('',*,*,#5312,.F.);
#7342=ORIENTED_EDGE('',*,*,#5382,.T.);
#7343=ORIENTED_EDGE('',*,*,#5314,.F.);
#7344=ORIENTED_EDGE('',*,*,#5293,.F.);
#7345=ORIENTED_EDGE('',*,*,#5327,.F.);
#7346=ORIENTED_EDGE('',*,*,#5383,.T.);
#7347=ORIENTED_EDGE('',*,*,#5332,.F.);
#7348=ORIENTED_EDGE('',*,*,#5328,.F.);
#7349=ORIENTED_EDGE('',*,*,#5326,.F.);
#7350=ORIENTED_EDGE('',*,*,#5317,.F.);
#7351=ORIENTED_EDGE('',*,*,#5315,.F.);
#7352=ORIENTED_EDGE('',*,*,#5250,.F.);
#7353=ORIENTED_EDGE('',*,*,#5321,.F.);
#7354=ORIENTED_EDGE('',*,*,#5324,.F.);
#7355=ORIENTED_EDGE('',*,*,#5331,.F.);
#7356=ORIENTED_EDGE('',*,*,#5383,.F.);
#7357=ORIENTED_EDGE('',*,*,#5380,.T.);
#7358=ORIENTED_EDGE('',*,*,#5360,.F.);
#7359=ORIENTED_EDGE('',*,*,#5364,.F.);
#7360=ORIENTED_EDGE('',*,*,#5366,.F.);
#7361=ORIENTED_EDGE('',*,*,#5372,.F.);
#7362=ORIENTED_EDGE('',*,*,#5370,.F.);
#7363=ORIENTED_EDGE('',*,*,#5238,.F.);
#7364=ORIENTED_EDGE('',*,*,#5368,.F.);
#7365=ORIENTED_EDGE('',*,*,#5369,.F.);
#7366=ORIENTED_EDGE('',*,*,#5373,.T.);
#7367=ORIENTED_EDGE('',*,*,#5311,.F.);
#7368=ORIENTED_EDGE('',*,*,#5305,.F.);
#7369=ORIENTED_EDGE('',*,*,#5303,.F.);
#7370=ORIENTED_EDGE('',*,*,#5254,.F.);
#7371=ORIENTED_EDGE('',*,*,#5308,.F.);
#7372=ORIENTED_EDGE('',*,*,#5310,.F.);
#7373=ORIENTED_EDGE('',*,*,#5313,.F.);
#7374=ORIENTED_EDGE('',*,*,#5382,.F.);
#7375=ORIENTED_EDGE('',*,*,#5378,.T.);
#7376=ORIENTED_EDGE('',*,*,#5347,.F.);
#7377=ORIENTED_EDGE('',*,*,#5351,.F.);
#7378=ORIENTED_EDGE('',*,*,#5353,.F.);
#7379=ORIENTED_EDGE('',*,*,#5359,.F.);
#7380=ORIENTED_EDGE('',*,*,#5357,.F.);
#7381=ORIENTED_EDGE('',*,*,#5242,.F.);
#7382=ORIENTED_EDGE('',*,*,#5355,.F.);
#7383=ORIENTED_EDGE('',*,*,#5356,.F.);
#7384=ORIENTED_EDGE('',*,*,#5375,.T.);
#7385=ORIENTED_EDGE('',*,*,#5384,.T.);
#7386=ORIENTED_EDGE('',*,*,#5385,.F.);
#7387=ORIENTED_EDGE('',*,*,#5386,.T.);
#7388=ORIENTED_EDGE('',*,*,#5387,.F.);
#7389=ORIENTED_EDGE('',*,*,#5225,.F.);
#7390=ORIENTED_EDGE('',*,*,#5388,.T.);
#7391=ORIENTED_EDGE('',*,*,#5389,.T.);
#7392=ORIENTED_EDGE('',*,*,#5390,.F.);
#7393=ORIENTED_EDGE('',*,*,#5391,.T.);
#7394=ORIENTED_EDGE('',*,*,#5392,.F.);
#7395=ORIENTED_EDGE('',*,*,#5393,.F.);
#7396=ORIENTED_EDGE('',*,*,#5394,.F.);
#7397=ORIENTED_EDGE('',*,*,#5395,.F.);
#7398=ORIENTED_EDGE('',*,*,#5396,.F.);
#7399=ORIENTED_EDGE('',*,*,#5397,.F.);
#7400=ORIENTED_EDGE('',*,*,#5398,.F.);
#7401=ORIENTED_EDGE('',*,*,#5399,.F.);
#7402=ORIENTED_EDGE('',*,*,#5400,.F.);
#7403=ORIENTED_EDGE('',*,*,#5401,.F.);
#7404=ORIENTED_EDGE('',*,*,#5402,.F.);
#7405=ORIENTED_EDGE('',*,*,#5403,.F.);
#7406=ORIENTED_EDGE('',*,*,#5404,.F.);
#7407=ORIENTED_EDGE('',*,*,#5405,.F.);
#7408=ORIENTED_EDGE('',*,*,#5406,.F.);
#7409=ORIENTED_EDGE('',*,*,#5386,.F.);
#7410=ORIENTED_EDGE('',*,*,#5407,.F.);
#7411=ORIENTED_EDGE('',*,*,#5408,.F.);
#7412=ORIENTED_EDGE('',*,*,#5384,.F.);
#7413=ORIENTED_EDGE('',*,*,#5409,.F.);
#7414=ORIENTED_EDGE('',*,*,#5410,.F.);
#7415=ORIENTED_EDGE('',*,*,#5391,.F.);
#7416=ORIENTED_EDGE('',*,*,#5411,.F.);
#7417=ORIENTED_EDGE('',*,*,#5412,.F.);
#7418=ORIENTED_EDGE('',*,*,#5389,.F.);
#7419=ORIENTED_EDGE('',*,*,#5413,.F.);
#7420=ORIENTED_EDGE('',*,*,#5414,.F.);
#7421=ORIENTED_EDGE('',*,*,#5415,.F.);
#7422=ORIENTED_EDGE('',*,*,#5416,.F.);
#7423=ORIENTED_EDGE('',*,*,#5417,.F.);
#7424=ORIENTED_EDGE('',*,*,#5418,.F.);
#7425=ORIENTED_EDGE('',*,*,#5419,.F.);
#7426=ORIENTED_EDGE('',*,*,#5420,.F.);
#7427=ORIENTED_EDGE('',*,*,#5421,.T.);
#7428=ORIENTED_EDGE('',*,*,#5421,.F.);
#7429=ORIENTED_EDGE('',*,*,#5422,.T.);
#7430=ORIENTED_EDGE('',*,*,#5423,.T.);
#7431=ORIENTED_EDGE('',*,*,#5420,.T.);
#7432=ORIENTED_EDGE('',*,*,#5423,.F.);
#7433=ORIENTED_EDGE('',*,*,#5424,.F.);
#7434=ORIENTED_EDGE('',*,*,#5425,.T.);
#7435=ORIENTED_EDGE('',*,*,#5425,.F.);
#7436=ORIENTED_EDGE('',*,*,#5426,.T.);
#7437=ORIENTED_EDGE('',*,*,#5427,.T.);
#7438=ORIENTED_EDGE('',*,*,#5424,.T.);
#7439=ORIENTED_EDGE('',*,*,#5427,.F.);
#7440=ORIENTED_EDGE('',*,*,#5428,.F.);
#7441=ORIENTED_EDGE('',*,*,#5429,.T.);
#7442=ORIENTED_EDGE('',*,*,#5429,.F.);
#7443=ORIENTED_EDGE('',*,*,#5430,.T.);
#7444=ORIENTED_EDGE('',*,*,#5431,.T.);
#7445=ORIENTED_EDGE('',*,*,#5428,.T.);
#7446=ORIENTED_EDGE('',*,*,#5431,.F.);
#7447=ORIENTED_EDGE('',*,*,#5432,.F.);
#7448=ORIENTED_EDGE('',*,*,#5433,.T.);
#7449=ORIENTED_EDGE('',*,*,#5433,.F.);
#7450=ORIENTED_EDGE('',*,*,#5434,.T.);
#7451=ORIENTED_EDGE('',*,*,#5435,.T.);
#7452=ORIENTED_EDGE('',*,*,#5432,.T.);
#7453=ORIENTED_EDGE('',*,*,#5435,.F.);
#7454=ORIENTED_EDGE('',*,*,#5436,.F.);
#7455=ORIENTED_EDGE('',*,*,#5437,.T.);
#7456=ORIENTED_EDGE('',*,*,#5437,.F.);
#7457=ORIENTED_EDGE('',*,*,#5438,.T.);
#7458=ORIENTED_EDGE('',*,*,#5439,.T.);
#7459=ORIENTED_EDGE('',*,*,#5436,.T.);
#7460=ORIENTED_EDGE('',*,*,#5439,.F.);
#7461=ORIENTED_EDGE('',*,*,#5440,.T.);
#7462=ORIENTED_EDGE('',*,*,#5395,.T.);
#7463=ORIENTED_EDGE('',*,*,#5441,.T.);
#7464=ORIENTED_EDGE('',*,*,#5442,.F.);
#7465=ORIENTED_EDGE('',*,*,#5441,.F.);
#7466=ORIENTED_EDGE('',*,*,#5394,.T.);
#7467=ORIENTED_EDGE('',*,*,#5442,.T.);
#7468=ORIENTED_EDGE('',*,*,#5443,.T.);
#7469=ORIENTED_EDGE('',*,*,#5227,.T.);
#7470=ORIENTED_EDGE('',*,*,#5443,.F.);
#7471=ORIENTED_EDGE('',*,*,#5444,.T.);
#7472=ORIENTED_EDGE('',*,*,#5416,.T.);
#7473=ORIENTED_EDGE('',*,*,#5445,.T.);
#7474=ORIENTED_EDGE('',*,*,#5446,.F.);
#7475=ORIENTED_EDGE('',*,*,#5445,.F.);
#7476=ORIENTED_EDGE('',*,*,#5415,.T.);
#7477=ORIENTED_EDGE('',*,*,#5446,.T.);
#7478=ORIENTED_EDGE('',*,*,#5447,.T.);
#7479=ORIENTED_EDGE('',*,*,#5232,.T.);
#7480=ORIENTED_EDGE('',*,*,#5447,.F.);
#7481=ORIENTED_EDGE('',*,*,#5448,.T.);
#7482=ORIENTED_EDGE('',*,*,#5419,.T.);
#7483=ORIENTED_EDGE('',*,*,#5449,.T.);
#7484=ORIENTED_EDGE('',*,*,#5450,.F.);
#7485=ORIENTED_EDGE('',*,*,#5449,.F.);
#7486=ORIENTED_EDGE('',*,*,#5418,.T.);
#7487=ORIENTED_EDGE('',*,*,#5450,.T.);
#7488=ORIENTED_EDGE('',*,*,#5451,.T.);
#7489=ORIENTED_EDGE('',*,*,#5233,.T.);
#7490=ORIENTED_EDGE('',*,*,#5451,.F.);
#7491=ORIENTED_EDGE('',*,*,#5159,.F.);
#7492=ORIENTED_EDGE('',*,*,#5452,.T.);
#7493=ORIENTED_EDGE('',*,*,#5396,.T.);
#7494=ORIENTED_EDGE('',*,*,#5440,.F.);
#7495=ORIENTED_EDGE('',*,*,#5393,.T.);
#7496=ORIENTED_EDGE('',*,*,#5448,.F.);
#7497=ORIENTED_EDGE('',*,*,#5417,.T.);
#7498=ORIENTED_EDGE('',*,*,#5444,.F.);
#7499=ORIENTED_EDGE('',*,*,#5414,.T.);
#7500=ORIENTED_EDGE('',*,*,#5453,.F.);
#7501=ORIENTED_EDGE('',*,*,#5454,.T.);
#7502=ORIENTED_EDGE('',*,*,#5399,.T.);
#7503=ORIENTED_EDGE('',*,*,#5455,.T.);
#7504=ORIENTED_EDGE('',*,*,#5456,.T.);
#7505=ORIENTED_EDGE('',*,*,#5455,.F.);
#7506=ORIENTED_EDGE('',*,*,#5398,.T.);
#7507=ORIENTED_EDGE('',*,*,#5456,.F.);
#7508=ORIENTED_EDGE('',*,*,#5457,.T.);
#7509=ORIENTED_EDGE('',*,*,#5228,.T.);
#7510=ORIENTED_EDGE('',*,*,#5457,.F.);
#7511=ORIENTED_EDGE('',*,*,#5458,.T.);
#7512=ORIENTED_EDGE('',*,*,#5405,.T.);
#7513=ORIENTED_EDGE('',*,*,#5459,.T.);
#7514=ORIENTED_EDGE('',*,*,#5460,.T.);
#7515=ORIENTED_EDGE('',*,*,#5459,.F.);
#7516=ORIENTED_EDGE('',*,*,#5404,.T.);
#7517=ORIENTED_EDGE('',*,*,#5460,.F.);
#7518=ORIENTED_EDGE('',*,*,#5461,.T.);
#7519=ORIENTED_EDGE('',*,*,#5229,.T.);
#7520=ORIENTED_EDGE('',*,*,#5461,.F.);
#7521=ORIENTED_EDGE('',*,*,#5454,.F.);
#7522=ORIENTED_EDGE('',*,*,#5397,.T.);
#7523=ORIENTED_EDGE('',*,*,#5452,.F.);
#7524=ORIENTED_EDGE('',*,*,#5226,.F.);
#7525=ORIENTED_EDGE('',*,*,#5387,.T.);
#7526=ORIENTED_EDGE('',*,*,#5406,.T.);
#7527=ORIENTED_EDGE('',*,*,#5458,.F.);
#7528=ORIENTED_EDGE('',*,*,#5403,.T.);
#7529=ORIENTED_EDGE('',*,*,#5462,.F.);
#7530=ORIENTED_EDGE('',*,*,#5400,.T.);
#7531=ORIENTED_EDGE('',*,*,#5385,.T.);
#7532=ORIENTED_EDGE('',*,*,#5408,.T.);
#7533=ORIENTED_EDGE('',*,*,#5463,.T.);
#7534=ORIENTED_EDGE('',*,*,#5464,.T.);
#7535=ORIENTED_EDGE('',*,*,#5463,.F.);
#7536=ORIENTED_EDGE('',*,*,#5407,.T.);
#7537=ORIENTED_EDGE('',*,*,#5464,.F.);
#7538=ORIENTED_EDGE('',*,*,#5465,.T.);
#7539=ORIENTED_EDGE('',*,*,#5230,.T.);
#7540=ORIENTED_EDGE('',*,*,#5465,.F.);
#7541=ORIENTED_EDGE('',*,*,#5390,.T.);
#7542=ORIENTED_EDGE('',*,*,#5412,.T.);
#7543=ORIENTED_EDGE('',*,*,#5466,.T.);
#7544=ORIENTED_EDGE('',*,*,#5467,.T.);
#7545=ORIENTED_EDGE('',*,*,#5466,.F.);
#7546=ORIENTED_EDGE('',*,*,#5411,.T.);
#7547=ORIENTED_EDGE('',*,*,#5467,.F.);
#7548=ORIENTED_EDGE('',*,*,#5468,.T.);
#7549=ORIENTED_EDGE('',*,*,#5234,.T.);
#7550=ORIENTED_EDGE('',*,*,#5468,.F.);
#7551=ORIENTED_EDGE('',*,*,#5392,.T.);
#7552=ORIENTED_EDGE('',*,*,#5410,.T.);
#7553=ORIENTED_EDGE('',*,*,#5469,.T.);
#7554=ORIENTED_EDGE('',*,*,#5470,.T.);
#7555=ORIENTED_EDGE('',*,*,#5469,.F.);
#7556=ORIENTED_EDGE('',*,*,#5409,.T.);
#7557=ORIENTED_EDGE('',*,*,#5470,.F.);
#7558=ORIENTED_EDGE('',*,*,#5471,.T.);
#7559=ORIENTED_EDGE('',*,*,#5235,.T.);
#7560=ORIENTED_EDGE('',*,*,#5471,.F.);
#7561=ORIENTED_EDGE('',*,*,#5462,.T.);
#7562=ORIENTED_EDGE('',*,*,#5402,.T.);
#7563=ORIENTED_EDGE('',*,*,#5472,.T.);
#7564=ORIENTED_EDGE('',*,*,#5473,.T.);
#7565=ORIENTED_EDGE('',*,*,#5472,.F.);
#7566=ORIENTED_EDGE('',*,*,#5401,.T.);
#7567=ORIENTED_EDGE('',*,*,#5473,.F.);
#7568=ORIENTED_EDGE('',*,*,#5474,.T.);
#7569=ORIENTED_EDGE('',*,*,#5231,.T.);
#7570=ORIENTED_EDGE('',*,*,#5474,.F.);
#7571=ORIENTED_EDGE('',*,*,#5475,.F.);
#7572=ORIENTED_EDGE('',*,*,#5476,.F.);
#7573=ORIENTED_EDGE('',*,*,#5163,.F.);
#7574=ORIENTED_EDGE('',*,*,#5477,.F.);
#7575=ORIENTED_EDGE('',*,*,#5477,.T.);
#7576=ORIENTED_EDGE('',*,*,#5162,.T.);
#7577=ORIENTED_EDGE('',*,*,#5478,.T.);
#7578=ORIENTED_EDGE('',*,*,#5479,.T.);
#7579=ORIENTED_EDGE('',*,*,#5475,.T.);
#7580=ORIENTED_EDGE('',*,*,#5479,.F.);
#7581=ORIENTED_EDGE('',*,*,#5480,.F.);
#7582=ORIENTED_EDGE('',*,*,#5481,.F.);
#7583=ORIENTED_EDGE('',*,*,#5482,.T.);
#7584=ORIENTED_EDGE('',*,*,#5483,.F.);
#7585=ORIENTED_EDGE('',*,*,#5484,.T.);
#7586=ORIENTED_EDGE('',*,*,#5485,.F.);
#7587=ORIENTED_EDGE('',*,*,#5486,.F.);
#7588=ORIENTED_EDGE('',*,*,#5487,.F.);
#7589=ORIENTED_EDGE('',*,*,#5173,.F.);
#7590=ORIENTED_EDGE('',*,*,#5488,.F.);
#7591=ORIENTED_EDGE('',*,*,#5488,.T.);
#7592=ORIENTED_EDGE('',*,*,#5172,.T.);
#7593=ORIENTED_EDGE('',*,*,#5489,.T.);
#7594=ORIENTED_EDGE('',*,*,#5490,.T.);
#7595=ORIENTED_EDGE('',*,*,#5486,.T.);
#7596=ORIENTED_EDGE('',*,*,#5490,.F.);
#7597=ORIENTED_EDGE('',*,*,#5491,.T.);
#7598=ORIENTED_EDGE('',*,*,#5492,.F.);
#7599=ORIENTED_EDGE('',*,*,#5493,.T.);
#7600=ORIENTED_EDGE('',*,*,#5494,.F.);
#7601=ORIENTED_EDGE('',*,*,#5495,.F.);
#7602=ORIENTED_EDGE('',*,*,#5496,.F.);
#7603=ORIENTED_EDGE('',*,*,#5482,.F.);
#7604=ORIENTED_EDGE('',*,*,#5497,.F.);
#7605=ORIENTED_EDGE('',*,*,#5167,.F.);
#7606=ORIENTED_EDGE('',*,*,#5498,.F.);
#7607=ORIENTED_EDGE('',*,*,#5498,.T.);
#7608=ORIENTED_EDGE('',*,*,#5166,.T.);
#7609=ORIENTED_EDGE('',*,*,#5499,.T.);
#7610=ORIENTED_EDGE('',*,*,#5483,.T.);
#7611=ORIENTED_EDGE('',*,*,#5484,.F.);
#7612=ORIENTED_EDGE('',*,*,#5499,.F.);
#7613=ORIENTED_EDGE('',*,*,#5165,.F.);
#7614=ORIENTED_EDGE('',*,*,#5500,.F.);
#7615=ORIENTED_EDGE('',*,*,#5491,.F.);
#7616=ORIENTED_EDGE('',*,*,#5489,.F.);
#7617=ORIENTED_EDGE('',*,*,#5171,.F.);
#7618=ORIENTED_EDGE('',*,*,#5501,.F.);
#7619=ORIENTED_EDGE('',*,*,#5501,.T.);
#7620=ORIENTED_EDGE('',*,*,#5170,.T.);
#7621=ORIENTED_EDGE('',*,*,#5502,.T.);
#7622=ORIENTED_EDGE('',*,*,#5492,.T.);
#7623=ORIENTED_EDGE('',*,*,#5493,.F.);
#7624=ORIENTED_EDGE('',*,*,#5502,.F.);
#7625=ORIENTED_EDGE('',*,*,#5169,.F.);
#7626=ORIENTED_EDGE('',*,*,#5503,.F.);
#7627=ORIENTED_EDGE('',*,*,#5504,.F.);
#7628=ORIENTED_EDGE('',*,*,#5505,.F.);
#7629=ORIENTED_EDGE('',*,*,#5179,.F.);
#7630=ORIENTED_EDGE('',*,*,#5506,.F.);
#7631=ORIENTED_EDGE('',*,*,#5506,.T.);
#7632=ORIENTED_EDGE('',*,*,#5178,.T.);
#7633=ORIENTED_EDGE('',*,*,#5507,.T.);
#7634=ORIENTED_EDGE('',*,*,#5508,.T.);
#7635=ORIENTED_EDGE('',*,*,#5504,.T.);
#7636=ORIENTED_EDGE('',*,*,#5508,.F.);
#7637=ORIENTED_EDGE('',*,*,#5509,.F.);
#7638=ORIENTED_EDGE('',*,*,#5510,.F.);
#7639=ORIENTED_EDGE('',*,*,#5511,.T.);
#7640=ORIENTED_EDGE('',*,*,#5512,.F.);
#7641=ORIENTED_EDGE('',*,*,#5513,.T.);
#7642=ORIENTED_EDGE('',*,*,#5514,.F.);
#7643=ORIENTED_EDGE('',*,*,#5515,.F.);
#7644=ORIENTED_EDGE('',*,*,#5516,.F.);
#7645=ORIENTED_EDGE('',*,*,#5189,.F.);
#7646=ORIENTED_EDGE('',*,*,#5517,.F.);
#7647=ORIENTED_EDGE('',*,*,#5517,.T.);
#7648=ORIENTED_EDGE('',*,*,#5188,.T.);
#7649=ORIENTED_EDGE('',*,*,#5518,.T.);
#7650=ORIENTED_EDGE('',*,*,#5519,.T.);
#7651=ORIENTED_EDGE('',*,*,#5515,.T.);
#7652=ORIENTED_EDGE('',*,*,#5519,.F.);
#7653=ORIENTED_EDGE('',*,*,#5520,.T.);
#7654=ORIENTED_EDGE('',*,*,#5521,.F.);
#7655=ORIENTED_EDGE('',*,*,#5522,.T.);
#7656=ORIENTED_EDGE('',*,*,#5523,.F.);
#7657=ORIENTED_EDGE('',*,*,#5524,.F.);
#7658=ORIENTED_EDGE('',*,*,#5525,.F.);
#7659=ORIENTED_EDGE('',*,*,#5511,.F.);
#7660=ORIENTED_EDGE('',*,*,#5526,.F.);
#7661=ORIENTED_EDGE('',*,*,#5183,.F.);
#7662=ORIENTED_EDGE('',*,*,#5527,.F.);
#7663=ORIENTED_EDGE('',*,*,#5527,.T.);
#7664=ORIENTED_EDGE('',*,*,#5182,.T.);
#7665=ORIENTED_EDGE('',*,*,#5528,.T.);
#7666=ORIENTED_EDGE('',*,*,#5512,.T.);
#7667=ORIENTED_EDGE('',*,*,#5513,.F.);
#7668=ORIENTED_EDGE('',*,*,#5528,.F.);
#7669=ORIENTED_EDGE('',*,*,#5181,.F.);
#7670=ORIENTED_EDGE('',*,*,#5529,.F.);
#7671=ORIENTED_EDGE('',*,*,#5520,.F.);
#7672=ORIENTED_EDGE('',*,*,#5518,.F.);
#7673=ORIENTED_EDGE('',*,*,#5187,.F.);
#7674=ORIENTED_EDGE('',*,*,#5530,.F.);
#7675=ORIENTED_EDGE('',*,*,#5530,.T.);
#7676=ORIENTED_EDGE('',*,*,#5186,.T.);
#7677=ORIENTED_EDGE('',*,*,#5531,.T.);
#7678=ORIENTED_EDGE('',*,*,#5521,.T.);
#7679=ORIENTED_EDGE('',*,*,#5522,.F.);
#7680=ORIENTED_EDGE('',*,*,#5531,.F.);
#7681=ORIENTED_EDGE('',*,*,#5185,.F.);
#7682=ORIENTED_EDGE('',*,*,#5532,.F.);
#7683=ORIENTED_EDGE('',*,*,#5533,.F.);
#7684=ORIENTED_EDGE('',*,*,#5534,.F.);
#7685=ORIENTED_EDGE('',*,*,#5195,.F.);
#7686=ORIENTED_EDGE('',*,*,#5535,.F.);
#7687=ORIENTED_EDGE('',*,*,#5535,.T.);
#7688=ORIENTED_EDGE('',*,*,#5194,.T.);
#7689=ORIENTED_EDGE('',*,*,#5536,.T.);
#7690=ORIENTED_EDGE('',*,*,#5537,.T.);
#7691=ORIENTED_EDGE('',*,*,#5533,.T.);
#7692=ORIENTED_EDGE('',*,*,#5537,.F.);
#7693=ORIENTED_EDGE('',*,*,#5538,.F.);
#7694=ORIENTED_EDGE('',*,*,#5539,.F.);
#7695=ORIENTED_EDGE('',*,*,#5540,.T.);
#7696=ORIENTED_EDGE('',*,*,#5541,.F.);
#7697=ORIENTED_EDGE('',*,*,#5542,.T.);
#7698=ORIENTED_EDGE('',*,*,#5543,.F.);
#7699=ORIENTED_EDGE('',*,*,#5544,.F.);
#7700=ORIENTED_EDGE('',*,*,#5545,.F.);
#7701=ORIENTED_EDGE('',*,*,#5205,.F.);
#7702=ORIENTED_EDGE('',*,*,#5546,.F.);
#7703=ORIENTED_EDGE('',*,*,#5546,.T.);
#7704=ORIENTED_EDGE('',*,*,#5204,.T.);
#7705=ORIENTED_EDGE('',*,*,#5547,.T.);
#7706=ORIENTED_EDGE('',*,*,#5548,.T.);
#7707=ORIENTED_EDGE('',*,*,#5544,.T.);
#7708=ORIENTED_EDGE('',*,*,#5548,.F.);
#7709=ORIENTED_EDGE('',*,*,#5549,.T.);
#7710=ORIENTED_EDGE('',*,*,#5550,.F.);
#7711=ORIENTED_EDGE('',*,*,#5551,.T.);
#7712=ORIENTED_EDGE('',*,*,#5552,.F.);
#7713=ORIENTED_EDGE('',*,*,#5553,.F.);
#7714=ORIENTED_EDGE('',*,*,#5554,.F.);
#7715=ORIENTED_EDGE('',*,*,#5540,.F.);
#7716=ORIENTED_EDGE('',*,*,#5555,.F.);
#7717=ORIENTED_EDGE('',*,*,#5199,.F.);
#7718=ORIENTED_EDGE('',*,*,#5556,.F.);
#7719=ORIENTED_EDGE('',*,*,#5556,.T.);
#7720=ORIENTED_EDGE('',*,*,#5198,.T.);
#7721=ORIENTED_EDGE('',*,*,#5557,.T.);
#7722=ORIENTED_EDGE('',*,*,#5541,.T.);
#7723=ORIENTED_EDGE('',*,*,#5542,.F.);
#7724=ORIENTED_EDGE('',*,*,#5557,.F.);
#7725=ORIENTED_EDGE('',*,*,#5197,.F.);
#7726=ORIENTED_EDGE('',*,*,#5558,.F.);
#7727=ORIENTED_EDGE('',*,*,#5549,.F.);
#7728=ORIENTED_EDGE('',*,*,#5547,.F.);
#7729=ORIENTED_EDGE('',*,*,#5203,.F.);
#7730=ORIENTED_EDGE('',*,*,#5559,.F.);
#7731=ORIENTED_EDGE('',*,*,#5559,.T.);
#7732=ORIENTED_EDGE('',*,*,#5202,.T.);
#7733=ORIENTED_EDGE('',*,*,#5560,.T.);
#7734=ORIENTED_EDGE('',*,*,#5550,.T.);
#7735=ORIENTED_EDGE('',*,*,#5551,.F.);
#7736=ORIENTED_EDGE('',*,*,#5560,.F.);
#7737=ORIENTED_EDGE('',*,*,#5201,.F.);
#7738=ORIENTED_EDGE('',*,*,#5561,.F.);
#7739=ORIENTED_EDGE('',*,*,#5562,.F.);
#7740=ORIENTED_EDGE('',*,*,#5495,.T.);
#7741=ORIENTED_EDGE('',*,*,#5563,.F.);
#7742=ORIENTED_EDGE('',*,*,#5175,.F.);
#7743=ORIENTED_EDGE('',*,*,#5478,.F.);
#7744=ORIENTED_EDGE('',*,*,#5161,.F.);
#7745=ORIENTED_EDGE('',*,*,#5564,.F.);
#7746=ORIENTED_EDGE('',*,*,#5480,.T.);
#7747=ORIENTED_EDGE('',*,*,#5565,.F.);
#7748=ORIENTED_EDGE('',*,*,#5524,.T.);
#7749=ORIENTED_EDGE('',*,*,#5566,.F.);
#7750=ORIENTED_EDGE('',*,*,#5191,.F.);
#7751=ORIENTED_EDGE('',*,*,#5507,.F.);
#7752=ORIENTED_EDGE('',*,*,#5177,.F.);
#7753=ORIENTED_EDGE('',*,*,#5567,.F.);
#7754=ORIENTED_EDGE('',*,*,#5509,.T.);
#7755=ORIENTED_EDGE('',*,*,#5568,.F.);
#7756=ORIENTED_EDGE('',*,*,#5553,.T.);
#7757=ORIENTED_EDGE('',*,*,#5569,.F.);
#7758=ORIENTED_EDGE('',*,*,#5207,.F.);
#7759=ORIENTED_EDGE('',*,*,#5536,.F.);
#7760=ORIENTED_EDGE('',*,*,#5193,.F.);
#7761=ORIENTED_EDGE('',*,*,#5570,.F.);
#7762=ORIENTED_EDGE('',*,*,#5538,.T.);
#7763=ORIENTED_EDGE('',*,*,#5476,.T.);
#7764=ORIENTED_EDGE('',*,*,#5485,.T.);
#7765=ORIENTED_EDGE('',*,*,#5500,.T.);
#7766=ORIENTED_EDGE('',*,*,#5164,.T.);
#7767=ORIENTED_EDGE('',*,*,#5487,.T.);
#7768=ORIENTED_EDGE('',*,*,#5496,.T.);
#7769=ORIENTED_EDGE('',*,*,#5562,.T.);
#7770=ORIENTED_EDGE('',*,*,#5174,.T.);
#7771=ORIENTED_EDGE('',*,*,#5505,.T.);
#7772=ORIENTED_EDGE('',*,*,#5514,.T.);
#7773=ORIENTED_EDGE('',*,*,#5529,.T.);
#7774=ORIENTED_EDGE('',*,*,#5180,.T.);
#7775=ORIENTED_EDGE('',*,*,#5516,.T.);
#7776=ORIENTED_EDGE('',*,*,#5525,.T.);
#7777=ORIENTED_EDGE('',*,*,#5565,.T.);
#7778=ORIENTED_EDGE('',*,*,#5190,.T.);
#7779=ORIENTED_EDGE('',*,*,#5534,.T.);
#7780=ORIENTED_EDGE('',*,*,#5543,.T.);
#7781=ORIENTED_EDGE('',*,*,#5558,.T.);
#7782=ORIENTED_EDGE('',*,*,#5196,.T.);
#7783=ORIENTED_EDGE('',*,*,#5545,.T.);
#7784=ORIENTED_EDGE('',*,*,#5554,.T.);
#7785=ORIENTED_EDGE('',*,*,#5568,.T.);
#7786=ORIENTED_EDGE('',*,*,#5206,.T.);
#7787=ORIENTED_EDGE('',*,*,#5571,.F.);
#7788=ORIENTED_EDGE('',*,*,#5572,.F.);
#7789=ORIENTED_EDGE('',*,*,#5211,.F.);
#7790=ORIENTED_EDGE('',*,*,#5573,.F.);
#7791=ORIENTED_EDGE('',*,*,#5573,.T.);
#7792=ORIENTED_EDGE('',*,*,#5210,.T.);
#7793=ORIENTED_EDGE('',*,*,#5574,.T.);
#7794=ORIENTED_EDGE('',*,*,#5575,.T.);
#7795=ORIENTED_EDGE('',*,*,#5571,.T.);
#7796=ORIENTED_EDGE('',*,*,#5575,.F.);
#7797=ORIENTED_EDGE('',*,*,#5576,.F.);
#7798=ORIENTED_EDGE('',*,*,#5577,.F.);
#7799=ORIENTED_EDGE('',*,*,#5578,.T.);
#7800=ORIENTED_EDGE('',*,*,#5579,.F.);
#7801=ORIENTED_EDGE('',*,*,#5580,.T.);
#7802=ORIENTED_EDGE('',*,*,#5581,.F.);
#7803=ORIENTED_EDGE('',*,*,#5582,.F.);
#7804=ORIENTED_EDGE('',*,*,#5583,.F.);
#7805=ORIENTED_EDGE('',*,*,#5221,.F.);
#7806=ORIENTED_EDGE('',*,*,#5584,.F.);
#7807=ORIENTED_EDGE('',*,*,#5584,.T.);
#7808=ORIENTED_EDGE('',*,*,#5220,.T.);
#7809=ORIENTED_EDGE('',*,*,#5585,.T.);
#7810=ORIENTED_EDGE('',*,*,#5586,.T.);
#7811=ORIENTED_EDGE('',*,*,#5582,.T.);
#7812=ORIENTED_EDGE('',*,*,#5586,.F.);
#7813=ORIENTED_EDGE('',*,*,#5587,.T.);
#7814=ORIENTED_EDGE('',*,*,#5588,.F.);
#7815=ORIENTED_EDGE('',*,*,#5589,.T.);
#7816=ORIENTED_EDGE('',*,*,#5590,.F.);
#7817=ORIENTED_EDGE('',*,*,#5591,.F.);
#7818=ORIENTED_EDGE('',*,*,#5592,.F.);
#7819=ORIENTED_EDGE('',*,*,#5578,.F.);
#7820=ORIENTED_EDGE('',*,*,#5593,.F.);
#7821=ORIENTED_EDGE('',*,*,#5215,.F.);
#7822=ORIENTED_EDGE('',*,*,#5594,.F.);
#7823=ORIENTED_EDGE('',*,*,#5594,.T.);
#7824=ORIENTED_EDGE('',*,*,#5214,.T.);
#7825=ORIENTED_EDGE('',*,*,#5595,.T.);
#7826=ORIENTED_EDGE('',*,*,#5579,.T.);
#7827=ORIENTED_EDGE('',*,*,#5580,.F.);
#7828=ORIENTED_EDGE('',*,*,#5595,.F.);
#7829=ORIENTED_EDGE('',*,*,#5213,.F.);
#7830=ORIENTED_EDGE('',*,*,#5596,.F.);
#7831=ORIENTED_EDGE('',*,*,#5587,.F.);
#7832=ORIENTED_EDGE('',*,*,#5585,.F.);
#7833=ORIENTED_EDGE('',*,*,#5219,.F.);
#7834=ORIENTED_EDGE('',*,*,#5597,.F.);
#7835=ORIENTED_EDGE('',*,*,#5597,.T.);
#7836=ORIENTED_EDGE('',*,*,#5218,.T.);
#7837=ORIENTED_EDGE('',*,*,#5598,.T.);
#7838=ORIENTED_EDGE('',*,*,#5588,.T.);
#7839=ORIENTED_EDGE('',*,*,#5589,.F.);
#7840=ORIENTED_EDGE('',*,*,#5598,.F.);
#7841=ORIENTED_EDGE('',*,*,#5217,.F.);
#7842=ORIENTED_EDGE('',*,*,#5599,.F.);
#7843=ORIENTED_EDGE('',*,*,#5600,.F.);
#7844=ORIENTED_EDGE('',*,*,#5591,.T.);
#7845=ORIENTED_EDGE('',*,*,#5601,.F.);
#7846=ORIENTED_EDGE('',*,*,#5223,.F.);
#7847=ORIENTED_EDGE('',*,*,#5574,.F.);
#7848=ORIENTED_EDGE('',*,*,#5209,.F.);
#7849=ORIENTED_EDGE('',*,*,#5602,.F.);
#7850=ORIENTED_EDGE('',*,*,#5576,.T.);
#7851=ORIENTED_EDGE('',*,*,#5572,.T.);
#7852=ORIENTED_EDGE('',*,*,#5581,.T.);
#7853=ORIENTED_EDGE('',*,*,#5596,.T.);
#7854=ORIENTED_EDGE('',*,*,#5212,.T.);
#7855=ORIENTED_EDGE('',*,*,#5583,.T.);
#7856=ORIENTED_EDGE('',*,*,#5592,.T.);
#7857=ORIENTED_EDGE('',*,*,#5600,.T.);
#7858=ORIENTED_EDGE('',*,*,#5222,.T.);
#7859=ORIENTED_EDGE('',*,*,#5168,.F.);
#7860=ORIENTED_EDGE('',*,*,#5497,.T.);
#7861=ORIENTED_EDGE('',*,*,#5481,.T.);
#7862=ORIENTED_EDGE('',*,*,#5564,.T.);
#7863=ORIENTED_EDGE('',*,*,#5160,.F.);
#7864=ORIENTED_EDGE('',*,*,#5453,.T.);
#7865=ORIENTED_EDGE('',*,*,#5413,.T.);
#7866=ORIENTED_EDGE('',*,*,#5388,.F.);
#7867=ORIENTED_EDGE('',*,*,#5224,.F.);
#7868=ORIENTED_EDGE('',*,*,#5601,.T.);
#7869=ORIENTED_EDGE('',*,*,#5590,.T.);
#7870=ORIENTED_EDGE('',*,*,#5599,.T.);
#7871=ORIENTED_EDGE('',*,*,#5216,.F.);
#7872=ORIENTED_EDGE('',*,*,#5593,.T.);
#7873=ORIENTED_EDGE('',*,*,#5577,.T.);
#7874=ORIENTED_EDGE('',*,*,#5602,.T.);
#7875=ORIENTED_EDGE('',*,*,#5208,.F.);
#7876=ORIENTED_EDGE('',*,*,#5569,.T.);
#7877=ORIENTED_EDGE('',*,*,#5552,.T.);
#7878=ORIENTED_EDGE('',*,*,#5561,.T.);
#7879=ORIENTED_EDGE('',*,*,#5200,.F.);
#7880=ORIENTED_EDGE('',*,*,#5555,.T.);
#7881=ORIENTED_EDGE('',*,*,#5539,.T.);
#7882=ORIENTED_EDGE('',*,*,#5570,.T.);
#7883=ORIENTED_EDGE('',*,*,#5192,.F.);
#7884=ORIENTED_EDGE('',*,*,#5566,.T.);
#7885=ORIENTED_EDGE('',*,*,#5523,.T.);
#7886=ORIENTED_EDGE('',*,*,#5532,.T.);
#7887=ORIENTED_EDGE('',*,*,#5184,.F.);
#7888=ORIENTED_EDGE('',*,*,#5526,.T.);
#7889=ORIENTED_EDGE('',*,*,#5510,.T.);
#7890=ORIENTED_EDGE('',*,*,#5567,.T.);
#7891=ORIENTED_EDGE('',*,*,#5176,.F.);
#7892=ORIENTED_EDGE('',*,*,#5563,.T.);
#7893=ORIENTED_EDGE('',*,*,#5494,.T.);
#7894=ORIENTED_EDGE('',*,*,#5503,.T.);
#7895=ORIENTED_EDGE('',*,*,#5422,.F.);
#7896=ORIENTED_EDGE('',*,*,#5426,.F.);
#7897=ORIENTED_EDGE('',*,*,#5430,.F.);
#7898=ORIENTED_EDGE('',*,*,#5434,.F.);
#7899=ORIENTED_EDGE('',*,*,#5438,.F.);
#7900=ORIENTED_EDGE('',*,*,#5603,.F.);
#7901=ORIENTED_EDGE('',*,*,#5604,.T.);
#7902=ORIENTED_EDGE('',*,*,#5604,.F.);
#7903=ORIENTED_EDGE('',*,*,#5605,.F.);
#7904=ORIENTED_EDGE('',*,*,#5606,.T.);
#7905=ORIENTED_EDGE('',*,*,#5603,.T.);
#7906=ORIENTED_EDGE('',*,*,#5606,.F.);
#7907=ORIENTED_EDGE('',*,*,#5607,.F.);
#7908=ORIENTED_EDGE('',*,*,#5608,.T.);
#7909=ORIENTED_EDGE('',*,*,#5608,.F.);
#7910=ORIENTED_EDGE('',*,*,#5609,.F.);
#7911=ORIENTED_EDGE('',*,*,#5610,.T.);
#7912=ORIENTED_EDGE('',*,*,#5607,.T.);
#7913=ORIENTED_EDGE('',*,*,#5610,.F.);
#7914=ORIENTED_EDGE('',*,*,#5611,.F.);
#7915=ORIENTED_EDGE('',*,*,#5612,.T.);
#7916=ORIENTED_EDGE('',*,*,#5612,.F.);
#7917=ORIENTED_EDGE('',*,*,#5613,.F.);
#7918=ORIENTED_EDGE('',*,*,#5614,.T.);
#7919=ORIENTED_EDGE('',*,*,#5611,.T.);
#7920=ORIENTED_EDGE('',*,*,#5614,.F.);
#7921=ORIENTED_EDGE('',*,*,#5615,.T.);
#7922=ORIENTED_EDGE('',*,*,#5616,.T.);
#7923=ORIENTED_EDGE('',*,*,#5616,.F.);
#7924=ORIENTED_EDGE('',*,*,#5617,.F.);
#7925=ORIENTED_EDGE('',*,*,#5618,.T.);
#7926=ORIENTED_EDGE('',*,*,#5615,.F.);
#7927=ORIENTED_EDGE('',*,*,#5618,.F.);
#7928=ORIENTED_EDGE('',*,*,#5619,.T.);
#7929=ORIENTED_EDGE('',*,*,#5620,.T.);
#7930=ORIENTED_EDGE('',*,*,#5620,.F.);
#7931=ORIENTED_EDGE('',*,*,#5621,.F.);
#7932=ORIENTED_EDGE('',*,*,#5622,.T.);
#7933=ORIENTED_EDGE('',*,*,#5619,.F.);
#7934=ORIENTED_EDGE('',*,*,#5622,.F.);
#7935=ORIENTED_EDGE('',*,*,#5623,.T.);
#7936=ORIENTED_EDGE('',*,*,#5624,.T.);
#7937=ORIENTED_EDGE('',*,*,#5624,.F.);
#7938=ORIENTED_EDGE('',*,*,#5625,.F.);
#7939=ORIENTED_EDGE('',*,*,#5626,.T.);
#7940=ORIENTED_EDGE('',*,*,#5623,.F.);
#7941=ORIENTED_EDGE('',*,*,#5626,.F.);
#7942=ORIENTED_EDGE('',*,*,#5627,.T.);
#7943=ORIENTED_EDGE('',*,*,#5628,.T.);
#7944=ORIENTED_EDGE('',*,*,#5629,.T.);
#7945=ORIENTED_EDGE('',*,*,#5630,.T.);
#7946=ORIENTED_EDGE('',*,*,#5629,.F.);
#7947=ORIENTED_EDGE('',*,*,#5631,.T.);
#7948=ORIENTED_EDGE('',*,*,#5632,.F.);
#7949=ORIENTED_EDGE('',*,*,#5633,.T.);
#7950=ORIENTED_EDGE('',*,*,#5634,.F.);
#7951=ORIENTED_EDGE('',*,*,#5635,.T.);
#7952=ORIENTED_EDGE('',*,*,#5636,.F.);
#7953=ORIENTED_EDGE('',*,*,#5637,.T.);
#7954=ORIENTED_EDGE('',*,*,#5638,.T.);
#7955=ORIENTED_EDGE('',*,*,#5639,.T.);
#7956=ORIENTED_EDGE('',*,*,#5640,.T.);
#7957=ORIENTED_EDGE('',*,*,#5641,.T.);
#7958=ORIENTED_EDGE('',*,*,#5628,.F.);
#7959=ORIENTED_EDGE('',*,*,#5642,.F.);
#7960=ORIENTED_EDGE('',*,*,#5643,.F.);
#7961=ORIENTED_EDGE('',*,*,#5631,.F.);
#7962=ORIENTED_EDGE('',*,*,#5644,.T.);
#7963=ORIENTED_EDGE('',*,*,#5645,.T.);
#7964=ORIENTED_EDGE('',*,*,#5632,.T.);
#7965=ORIENTED_EDGE('',*,*,#5643,.T.);
#7966=ORIENTED_EDGE('',*,*,#5646,.T.);
#7967=ORIENTED_EDGE('',*,*,#5647,.T.);
#7968=ORIENTED_EDGE('',*,*,#5636,.T.);
#7969=ORIENTED_EDGE('',*,*,#5648,.T.);
#7970=ORIENTED_EDGE('',*,*,#5648,.F.);
#7971=ORIENTED_EDGE('',*,*,#5635,.F.);
#7972=ORIENTED_EDGE('',*,*,#5649,.F.);
#7973=ORIENTED_EDGE('',*,*,#5650,.F.);
#7974=ORIENTED_EDGE('',*,*,#5651,.T.);
#7975=ORIENTED_EDGE('',*,*,#5649,.T.);
#7976=ORIENTED_EDGE('',*,*,#5634,.T.);
#7977=ORIENTED_EDGE('',*,*,#5652,.T.);
#7978=ORIENTED_EDGE('',*,*,#5638,.F.);
#7979=ORIENTED_EDGE('',*,*,#5653,.T.);
#7980=ORIENTED_EDGE('',*,*,#5654,.F.);
#7981=ORIENTED_EDGE('',*,*,#5653,.F.);
#7982=ORIENTED_EDGE('',*,*,#5639,.F.);
#7983=ORIENTED_EDGE('',*,*,#5655,.T.);
#7984=ORIENTED_EDGE('',*,*,#5656,.F.);
#7985=ORIENTED_EDGE('',*,*,#5655,.F.);
#7986=ORIENTED_EDGE('',*,*,#5640,.F.);
#7987=ORIENTED_EDGE('',*,*,#5657,.T.);
#7988=ORIENTED_EDGE('',*,*,#5658,.F.);
#7989=ORIENTED_EDGE('',*,*,#5657,.F.);
#7990=ORIENTED_EDGE('',*,*,#5641,.F.);
#7991=ORIENTED_EDGE('',*,*,#5659,.T.);
#7992=ORIENTED_EDGE('',*,*,#5660,.F.);
#7993=ORIENTED_EDGE('',*,*,#5659,.F.);
#7994=ORIENTED_EDGE('',*,*,#5645,.F.);
#7995=ORIENTED_EDGE('',*,*,#5661,.F.);
#7996=ORIENTED_EDGE('',*,*,#5652,.F.);
#7997=ORIENTED_EDGE('',*,*,#5633,.F.);
#7998=ORIENTED_EDGE('',*,*,#5617,.T.);
#7999=ORIENTED_EDGE('',*,*,#5621,.T.);
#8000=ORIENTED_EDGE('',*,*,#5625,.T.);
#8001=ORIENTED_EDGE('',*,*,#5630,.F.);
#8002=ORIENTED_EDGE('',*,*,#5637,.F.);
#8003=ORIENTED_EDGE('',*,*,#5647,.F.);
#8004=ORIENTED_EDGE('',*,*,#5662,.F.);
#8005=ORIENTED_EDGE('',*,*,#5605,.T.);
#8006=ORIENTED_EDGE('',*,*,#5609,.T.);
#8007=ORIENTED_EDGE('',*,*,#5613,.T.);
#8008=ORIENTED_EDGE('',*,*,#5627,.F.);
#8009=ORIENTED_EDGE('',*,*,#5662,.T.);
#8010=ORIENTED_EDGE('',*,*,#5646,.F.);
#8011=ORIENTED_EDGE('',*,*,#5650,.T.);
#8012=ORIENTED_EDGE('',*,*,#5651,.F.);
#8013=ORIENTED_EDGE('',*,*,#5661,.T.);
#8014=ORIENTED_EDGE('',*,*,#5644,.F.);
#8015=ORIENTED_EDGE('',*,*,#5642,.T.);
#8016=ORIENTED_EDGE('',*,*,#5654,.T.);
#8017=ORIENTED_EDGE('',*,*,#5656,.T.);
#8018=ORIENTED_EDGE('',*,*,#5658,.T.);
#8019=ORIENTED_EDGE('',*,*,#5660,.T.);
#8020=ORIENTED_EDGE('',*,*,#5663,.F.);
#8021=ORIENTED_EDGE('',*,*,#5664,.T.);
#8022=ORIENTED_EDGE('',*,*,#5664,.F.);
#8023=ORIENTED_EDGE('',*,*,#5665,.F.);
#8024=ORIENTED_EDGE('',*,*,#5666,.T.);
#8025=ORIENTED_EDGE('',*,*,#5663,.T.);
#8026=ORIENTED_EDGE('',*,*,#5666,.F.);
#8027=ORIENTED_EDGE('',*,*,#5667,.F.);
#8028=ORIENTED_EDGE('',*,*,#5668,.T.);
#8029=ORIENTED_EDGE('',*,*,#5668,.F.);
#8030=ORIENTED_EDGE('',*,*,#5669,.F.);
#8031=ORIENTED_EDGE('',*,*,#5670,.T.);
#8032=ORIENTED_EDGE('',*,*,#5667,.T.);
#8033=ORIENTED_EDGE('',*,*,#5670,.F.);
#8034=ORIENTED_EDGE('',*,*,#5671,.F.);
#8035=ORIENTED_EDGE('',*,*,#5672,.T.);
#8036=ORIENTED_EDGE('',*,*,#5672,.F.);
#8037=ORIENTED_EDGE('',*,*,#5673,.F.);
#8038=ORIENTED_EDGE('',*,*,#5674,.T.);
#8039=ORIENTED_EDGE('',*,*,#5671,.T.);
#8040=ORIENTED_EDGE('',*,*,#5674,.F.);
#8041=ORIENTED_EDGE('',*,*,#5675,.T.);
#8042=ORIENTED_EDGE('',*,*,#5676,.T.);
#8043=ORIENTED_EDGE('',*,*,#5676,.F.);
#8044=ORIENTED_EDGE('',*,*,#5677,.F.);
#8045=ORIENTED_EDGE('',*,*,#5678,.T.);
#8046=ORIENTED_EDGE('',*,*,#5675,.F.);
#8047=ORIENTED_EDGE('',*,*,#5678,.F.);
#8048=ORIENTED_EDGE('',*,*,#5679,.T.);
#8049=ORIENTED_EDGE('',*,*,#5680,.T.);
#8050=ORIENTED_EDGE('',*,*,#5680,.F.);
#8051=ORIENTED_EDGE('',*,*,#5681,.F.);
#8052=ORIENTED_EDGE('',*,*,#5682,.T.);
#8053=ORIENTED_EDGE('',*,*,#5679,.F.);
#8054=ORIENTED_EDGE('',*,*,#5682,.F.);
#8055=ORIENTED_EDGE('',*,*,#5683,.T.);
#8056=ORIENTED_EDGE('',*,*,#5684,.T.);
#8057=ORIENTED_EDGE('',*,*,#5684,.F.);
#8058=ORIENTED_EDGE('',*,*,#5685,.F.);
#8059=ORIENTED_EDGE('',*,*,#5686,.T.);
#8060=ORIENTED_EDGE('',*,*,#5683,.F.);
#8061=ORIENTED_EDGE('',*,*,#5686,.F.);
#8062=ORIENTED_EDGE('',*,*,#5687,.F.);
#8063=ORIENTED_EDGE('',*,*,#5688,.T.);
#8064=ORIENTED_EDGE('',*,*,#5689,.F.);
#8065=ORIENTED_EDGE('',*,*,#5688,.F.);
#8066=ORIENTED_EDGE('',*,*,#5690,.F.);
#8067=ORIENTED_EDGE('',*,*,#5691,.T.);
#8068=ORIENTED_EDGE('',*,*,#5692,.F.);
#8069=ORIENTED_EDGE('',*,*,#5691,.F.);
#8070=ORIENTED_EDGE('',*,*,#5693,.F.);
#8071=ORIENTED_EDGE('',*,*,#5694,.T.);
#8072=ORIENTED_EDGE('',*,*,#5695,.F.);
#8073=ORIENTED_EDGE('',*,*,#5694,.F.);
#8074=ORIENTED_EDGE('',*,*,#5696,.F.);
#8075=ORIENTED_EDGE('',*,*,#5697,.T.);
#8076=ORIENTED_EDGE('',*,*,#5698,.F.);
#8077=ORIENTED_EDGE('',*,*,#5697,.F.);
#8078=ORIENTED_EDGE('',*,*,#5699,.F.);
#8079=ORIENTED_EDGE('',*,*,#5700,.T.);
#8080=ORIENTED_EDGE('',*,*,#5701,.F.);
#8081=ORIENTED_EDGE('',*,*,#5700,.F.);
#8082=ORIENTED_EDGE('',*,*,#5702,.F.);
#8083=ORIENTED_EDGE('',*,*,#5703,.T.);
#8084=ORIENTED_EDGE('',*,*,#5704,.F.);
#8085=ORIENTED_EDGE('',*,*,#5705,.F.);
#8086=ORIENTED_EDGE('',*,*,#5706,.F.);
#8087=ORIENTED_EDGE('',*,*,#5705,.T.);
#8088=ORIENTED_EDGE('',*,*,#5707,.F.);
#8089=ORIENTED_EDGE('',*,*,#5708,.F.);
#8090=ORIENTED_EDGE('',*,*,#5677,.T.);
#8091=ORIENTED_EDGE('',*,*,#5681,.T.);
#8092=ORIENTED_EDGE('',*,*,#5685,.T.);
#8093=ORIENTED_EDGE('',*,*,#5709,.F.);
#8094=ORIENTED_EDGE('',*,*,#5708,.T.);
#8095=ORIENTED_EDGE('',*,*,#5710,.F.);
#8096=ORIENTED_EDGE('',*,*,#5711,.F.);
#8097=ORIENTED_EDGE('',*,*,#5712,.F.);
#8098=ORIENTED_EDGE('',*,*,#5711,.T.);
#8099=ORIENTED_EDGE('',*,*,#5713,.F.);
#8100=ORIENTED_EDGE('',*,*,#5703,.F.);
#8101=ORIENTED_EDGE('',*,*,#5665,.T.);
#8102=ORIENTED_EDGE('',*,*,#5669,.T.);
#8103=ORIENTED_EDGE('',*,*,#5673,.T.);
#8104=ORIENTED_EDGE('',*,*,#5712,.T.);
#8105=ORIENTED_EDGE('',*,*,#5702,.T.);
#8106=ORIENTED_EDGE('',*,*,#5706,.T.);
#8107=ORIENTED_EDGE('',*,*,#5709,.T.);
#8108=ORIENTED_EDGE('',*,*,#5687,.T.);
#8109=ORIENTED_EDGE('',*,*,#5690,.T.);
#8110=ORIENTED_EDGE('',*,*,#5693,.T.);
#8111=ORIENTED_EDGE('',*,*,#5696,.T.);
#8112=ORIENTED_EDGE('',*,*,#5701,.T.);
#8113=ORIENTED_EDGE('',*,*,#5713,.T.);
#8114=ORIENTED_EDGE('',*,*,#5710,.T.);
#8115=ORIENTED_EDGE('',*,*,#5707,.T.);
#8116=ORIENTED_EDGE('',*,*,#5704,.T.);
#8117=ORIENTED_EDGE('',*,*,#5689,.T.);
#8118=ORIENTED_EDGE('',*,*,#5692,.T.);
#8119=ORIENTED_EDGE('',*,*,#5695,.T.);
#8120=ORIENTED_EDGE('',*,*,#5698,.T.);
#8121=ORIENTED_EDGE('',*,*,#5699,.T.);
#8122=ORIENTED_EDGE('',*,*,#5714,.F.);
#8123=ORIENTED_EDGE('',*,*,#5715,.T.);
#8124=ORIENTED_EDGE('',*,*,#5716,.F.);
#8125=ORIENTED_EDGE('',*,*,#5717,.F.);
#8126=ORIENTED_EDGE('',*,*,#5718,.T.);
#8127=ORIENTED_EDGE('',*,*,#5719,.F.);
#8128=ORIENTED_EDGE('',*,*,#5720,.F.);
#8129=ORIENTED_EDGE('',*,*,#5715,.F.);
#8130=ORIENTED_EDGE('',*,*,#5721,.F.);
#8131=ORIENTED_EDGE('',*,*,#5718,.F.);
#8132=ORIENTED_EDGE('',*,*,#5722,.F.);
#8133=ORIENTED_EDGE('',*,*,#5723,.T.);
#8134=ORIENTED_EDGE('',*,*,#5724,.F.);
#8135=ORIENTED_EDGE('',*,*,#5725,.F.);
#8136=ORIENTED_EDGE('',*,*,#5726,.T.);
#8137=ORIENTED_EDGE('',*,*,#5727,.F.);
#8138=ORIENTED_EDGE('',*,*,#5728,.F.);
#8139=ORIENTED_EDGE('',*,*,#5723,.F.);
#8140=ORIENTED_EDGE('',*,*,#5729,.F.);
#8141=ORIENTED_EDGE('',*,*,#5726,.F.);
#8142=ORIENTED_EDGE('',*,*,#5730,.F.);
#8143=ORIENTED_EDGE('',*,*,#5731,.T.);
#8144=ORIENTED_EDGE('',*,*,#5732,.F.);
#8145=ORIENTED_EDGE('',*,*,#5733,.F.);
#8146=ORIENTED_EDGE('',*,*,#5734,.T.);
#8147=ORIENTED_EDGE('',*,*,#5735,.F.);
#8148=ORIENTED_EDGE('',*,*,#5736,.F.);
#8149=ORIENTED_EDGE('',*,*,#5731,.F.);
#8150=ORIENTED_EDGE('',*,*,#5737,.F.);
#8151=ORIENTED_EDGE('',*,*,#5734,.F.);
#8152=ORIENTED_EDGE('',*,*,#5716,.T.);
#8153=ORIENTED_EDGE('',*,*,#5720,.T.);
#8154=ORIENTED_EDGE('',*,*,#5738,.F.);
#8155=ORIENTED_EDGE('',*,*,#5739,.F.);
#8156=ORIENTED_EDGE('',*,*,#5740,.T.);
#8157=ORIENTED_EDGE('',*,*,#5741,.F.);
#8158=ORIENTED_EDGE('',*,*,#5742,.F.);
#8159=ORIENTED_EDGE('',*,*,#5724,.T.);
#8160=ORIENTED_EDGE('',*,*,#5728,.T.);
#8161=ORIENTED_EDGE('',*,*,#5743,.F.);
#8162=ORIENTED_EDGE('',*,*,#5732,.T.);
#8163=ORIENTED_EDGE('',*,*,#5736,.T.);
#8164=ORIENTED_EDGE('',*,*,#5744,.F.);
#8165=ORIENTED_EDGE('',*,*,#5745,.F.);
#8166=ORIENTED_EDGE('',*,*,#5746,.T.);
#8167=ORIENTED_EDGE('',*,*,#5747,.F.);
#8168=ORIENTED_EDGE('',*,*,#5748,.F.);
#8169=ORIENTED_EDGE('',*,*,#5749,.F.);
#8170=ORIENTED_EDGE('',*,*,#5750,.T.);
#8171=ORIENTED_EDGE('',*,*,#5751,.F.);
#8172=ORIENTED_EDGE('',*,*,#5752,.T.);
#8173=ORIENTED_EDGE('',*,*,#5753,.F.);
#8174=ORIENTED_EDGE('',*,*,#5754,.F.);
#8175=ORIENTED_EDGE('',*,*,#5750,.F.);
#8176=ORIENTED_EDGE('',*,*,#5755,.F.);
#8177=ORIENTED_EDGE('',*,*,#5756,.F.);
#8178=ORIENTED_EDGE('',*,*,#5752,.F.);
#8179=ORIENTED_EDGE('',*,*,#5757,.F.);
#8180=ORIENTED_EDGE('',*,*,#5758,.T.);
#8181=ORIENTED_EDGE('',*,*,#5759,.F.);
#8182=ORIENTED_EDGE('',*,*,#5760,.T.);
#8183=ORIENTED_EDGE('',*,*,#5761,.F.);
#8184=ORIENTED_EDGE('',*,*,#5762,.F.);
#8185=ORIENTED_EDGE('',*,*,#5758,.F.);
#8186=ORIENTED_EDGE('',*,*,#5763,.F.);
#8187=ORIENTED_EDGE('',*,*,#5764,.F.);
#8188=ORIENTED_EDGE('',*,*,#5760,.F.);
#8189=ORIENTED_EDGE('',*,*,#5765,.F.);
#8190=ORIENTED_EDGE('',*,*,#5766,.T.);
#8191=ORIENTED_EDGE('',*,*,#5767,.F.);
#8192=ORIENTED_EDGE('',*,*,#5768,.T.);
#8193=ORIENTED_EDGE('',*,*,#5769,.F.);
#8194=ORIENTED_EDGE('',*,*,#5770,.F.);
#8195=ORIENTED_EDGE('',*,*,#5766,.F.);
#8196=ORIENTED_EDGE('',*,*,#5771,.F.);
#8197=ORIENTED_EDGE('',*,*,#5772,.F.);
#8198=ORIENTED_EDGE('',*,*,#5768,.F.);
#8199=ORIENTED_EDGE('',*,*,#5717,.T.);
#8200=ORIENTED_EDGE('',*,*,#5743,.T.);
#8201=ORIENTED_EDGE('',*,*,#5727,.T.);
#8202=ORIENTED_EDGE('',*,*,#5729,.T.);
#8203=ORIENTED_EDGE('',*,*,#5725,.T.);
#8204=ORIENTED_EDGE('',*,*,#5742,.T.);
#8205=ORIENTED_EDGE('',*,*,#5773,.F.);
#8206=ORIENTED_EDGE('',*,*,#5774,.T.);
#8207=ORIENTED_EDGE('',*,*,#5775,.F.);
#8208=ORIENTED_EDGE('',*,*,#5776,.F.);
#8209=ORIENTED_EDGE('',*,*,#5777,.F.);
#8210=ORIENTED_EDGE('',*,*,#5778,.T.);
#8211=ORIENTED_EDGE('',*,*,#5779,.F.);
#8212=ORIENTED_EDGE('',*,*,#5744,.T.);
#8213=ORIENTED_EDGE('',*,*,#5735,.T.);
#8214=ORIENTED_EDGE('',*,*,#5737,.T.);
#8215=ORIENTED_EDGE('',*,*,#5733,.T.);
#8216=ORIENTED_EDGE('',*,*,#5748,.T.);
#8217=ORIENTED_EDGE('',*,*,#5780,.T.);
#8218=ORIENTED_EDGE('',*,*,#5781,.T.);
#8219=ORIENTED_EDGE('',*,*,#5782,.T.);
#8220=ORIENTED_EDGE('',*,*,#5783,.F.);
#8221=ORIENTED_EDGE('',*,*,#5771,.T.);
#8222=ORIENTED_EDGE('',*,*,#5765,.T.);
#8223=ORIENTED_EDGE('',*,*,#5770,.T.);
#8224=ORIENTED_EDGE('',*,*,#5784,.F.);
#8225=ORIENTED_EDGE('',*,*,#5785,.F.);
#8226=ORIENTED_EDGE('',*,*,#5786,.F.);
#8227=ORIENTED_EDGE('',*,*,#5787,.F.);
#8228=ORIENTED_EDGE('',*,*,#5788,.T.);
#8229=ORIENTED_EDGE('',*,*,#5789,.F.);
#8230=ORIENTED_EDGE('',*,*,#5790,.F.);
#8231=ORIENTED_EDGE('',*,*,#5791,.F.);
#8232=ORIENTED_EDGE('',*,*,#5792,.F.);
#8233=ORIENTED_EDGE('',*,*,#5763,.T.);
#8234=ORIENTED_EDGE('',*,*,#5757,.T.);
#8235=ORIENTED_EDGE('',*,*,#5762,.T.);
#8236=ORIENTED_EDGE('',*,*,#5793,.F.);
#8237=ORIENTED_EDGE('',*,*,#5755,.T.);
#8238=ORIENTED_EDGE('',*,*,#5749,.T.);
#8239=ORIENTED_EDGE('',*,*,#5754,.T.);
#8240=ORIENTED_EDGE('',*,*,#5794,.F.);
#8241=ORIENTED_EDGE('',*,*,#5795,.T.);
#8242=ORIENTED_EDGE('',*,*,#5796,.F.);
#8243=ORIENTED_EDGE('',*,*,#5797,.T.);
#8244=ORIENTED_EDGE('',*,*,#5738,.T.);
#8245=ORIENTED_EDGE('',*,*,#5719,.T.);
#8246=ORIENTED_EDGE('',*,*,#5721,.T.);
#8247=ORIENTED_EDGE('',*,*,#5798,.F.);
#8248=ORIENTED_EDGE('',*,*,#5799,.T.);
#8249=ORIENTED_EDGE('',*,*,#5800,.F.);
#8250=ORIENTED_EDGE('',*,*,#5801,.T.);
#8251=ORIENTED_EDGE('',*,*,#5802,.F.);
#8252=ORIENTED_EDGE('',*,*,#5803,.T.);
#8253=ORIENTED_EDGE('',*,*,#5804,.F.);
#8254=ORIENTED_EDGE('',*,*,#5805,.T.);
#8255=ORIENTED_EDGE('',*,*,#5806,.T.);
#8256=ORIENTED_EDGE('',*,*,#5807,.T.);
#8257=ORIENTED_EDGE('',*,*,#5808,.T.);
#8258=ORIENTED_EDGE('',*,*,#5809,.T.);
#8259=ORIENTED_EDGE('',*,*,#5810,.T.);
#8260=ORIENTED_EDGE('',*,*,#5811,.T.);
#8261=ORIENTED_EDGE('',*,*,#5812,.T.);
#8262=ORIENTED_EDGE('',*,*,#5813,.T.);
#8263=ORIENTED_EDGE('',*,*,#5814,.T.);
#8264=ORIENTED_EDGE('',*,*,#5815,.T.);
#8265=ORIENTED_EDGE('',*,*,#5816,.T.);
#8266=ORIENTED_EDGE('',*,*,#5817,.T.);
#8267=ORIENTED_EDGE('',*,*,#5818,.T.);
#8268=ORIENTED_EDGE('',*,*,#5819,.T.);
#8269=ORIENTED_EDGE('',*,*,#5820,.T.);
#8270=ORIENTED_EDGE('',*,*,#5814,.F.);
#8271=ORIENTED_EDGE('',*,*,#5821,.T.);
#8272=ORIENTED_EDGE('',*,*,#5822,.T.);
#8273=ORIENTED_EDGE('',*,*,#5823,.T.);
#8274=ORIENTED_EDGE('',*,*,#5824,.T.);
#8275=ORIENTED_EDGE('',*,*,#5825,.T.);
#8276=ORIENTED_EDGE('',*,*,#5826,.T.);
#8277=ORIENTED_EDGE('',*,*,#5827,.T.);
#8278=ORIENTED_EDGE('',*,*,#5828,.T.);
#8279=ORIENTED_EDGE('',*,*,#5829,.T.);
#8280=ORIENTED_EDGE('',*,*,#5830,.T.);
#8281=ORIENTED_EDGE('',*,*,#5831,.T.);
#8282=ORIENTED_EDGE('',*,*,#5832,.T.);
#8283=ORIENTED_EDGE('',*,*,#5833,.T.);
#8284=ORIENTED_EDGE('',*,*,#5834,.T.);
#8285=ORIENTED_EDGE('',*,*,#5835,.T.);
#8286=ORIENTED_EDGE('',*,*,#5836,.T.);
#8287=ORIENTED_EDGE('',*,*,#5837,.T.);
#8288=ORIENTED_EDGE('',*,*,#5838,.T.);
#8289=ORIENTED_EDGE('',*,*,#5839,.F.);
#8290=ORIENTED_EDGE('',*,*,#5840,.F.);
#8291=ORIENTED_EDGE('',*,*,#5822,.F.);
#8292=ORIENTED_EDGE('',*,*,#5841,.F.);
#8293=ORIENTED_EDGE('',*,*,#5842,.F.);
#8294=ORIENTED_EDGE('',*,*,#5843,.F.);
#8295=ORIENTED_EDGE('',*,*,#5844,.F.);
#8296=ORIENTED_EDGE('',*,*,#5829,.F.);
#8297=ORIENTED_EDGE('',*,*,#5845,.F.);
#8298=ORIENTED_EDGE('',*,*,#5846,.F.);
#8299=ORIENTED_EDGE('',*,*,#5847,.F.);
#8300=ORIENTED_EDGE('',*,*,#5848,.F.);
#8301=ORIENTED_EDGE('',*,*,#5849,.F.);
#8302=ORIENTED_EDGE('',*,*,#5850,.F.);
#8303=ORIENTED_EDGE('',*,*,#5851,.F.);
#8304=ORIENTED_EDGE('',*,*,#5852,.F.);
#8305=ORIENTED_EDGE('',*,*,#5853,.F.);
#8306=ORIENTED_EDGE('',*,*,#5828,.F.);
#8307=ORIENTED_EDGE('',*,*,#5854,.F.);
#8308=ORIENTED_EDGE('',*,*,#5855,.F.);
#8309=ORIENTED_EDGE('',*,*,#5856,.F.);
#8310=ORIENTED_EDGE('',*,*,#5857,.F.);
#8311=ORIENTED_EDGE('',*,*,#5858,.F.);
#8312=ORIENTED_EDGE('',*,*,#5830,.F.);
#8313=ORIENTED_EDGE('',*,*,#5859,.F.);
#8314=ORIENTED_EDGE('',*,*,#5860,.F.);
#8315=ORIENTED_EDGE('',*,*,#5861,.F.);
#8316=ORIENTED_EDGE('',*,*,#5862,.F.);
#8317=ORIENTED_EDGE('',*,*,#5863,.F.);
#8318=ORIENTED_EDGE('',*,*,#5864,.F.);
#8319=ORIENTED_EDGE('',*,*,#5865,.F.);
#8320=ORIENTED_EDGE('',*,*,#5866,.F.);
#8321=ORIENTED_EDGE('',*,*,#5867,.F.);
#8322=ORIENTED_EDGE('',*,*,#5827,.F.);
#8323=ORIENTED_EDGE('',*,*,#5868,.F.);
#8324=ORIENTED_EDGE('',*,*,#5869,.F.);
#8325=ORIENTED_EDGE('',*,*,#5870,.F.);
#8326=ORIENTED_EDGE('',*,*,#5871,.F.);
#8327=ORIENTED_EDGE('',*,*,#5872,.F.);
#8328=ORIENTED_EDGE('',*,*,#5831,.F.);
#8329=ORIENTED_EDGE('',*,*,#5873,.F.);
#8330=ORIENTED_EDGE('',*,*,#5874,.F.);
#8331=ORIENTED_EDGE('',*,*,#5875,.F.);
#8332=ORIENTED_EDGE('',*,*,#5876,.F.);
#8333=ORIENTED_EDGE('',*,*,#5877,.F.);
#8334=ORIENTED_EDGE('',*,*,#5878,.F.);
#8335=ORIENTED_EDGE('',*,*,#5879,.F.);
#8336=ORIENTED_EDGE('',*,*,#5880,.F.);
#8337=ORIENTED_EDGE('',*,*,#5881,.F.);
#8338=ORIENTED_EDGE('',*,*,#5826,.F.);
#8339=ORIENTED_EDGE('',*,*,#5882,.F.);
#8340=ORIENTED_EDGE('',*,*,#5883,.F.);
#8341=ORIENTED_EDGE('',*,*,#5884,.F.);
#8342=ORIENTED_EDGE('',*,*,#5885,.F.);
#8343=ORIENTED_EDGE('',*,*,#5886,.F.);
#8344=ORIENTED_EDGE('',*,*,#5832,.F.);
#8345=ORIENTED_EDGE('',*,*,#5887,.F.);
#8346=ORIENTED_EDGE('',*,*,#5888,.F.);
#8347=ORIENTED_EDGE('',*,*,#5889,.F.);
#8348=ORIENTED_EDGE('',*,*,#5890,.F.);
#8349=ORIENTED_EDGE('',*,*,#5891,.F.);
#8350=ORIENTED_EDGE('',*,*,#5892,.F.);
#8351=ORIENTED_EDGE('',*,*,#5893,.F.);
#8352=ORIENTED_EDGE('',*,*,#5894,.F.);
#8353=ORIENTED_EDGE('',*,*,#5895,.F.);
#8354=ORIENTED_EDGE('',*,*,#5825,.F.);
#8355=ORIENTED_EDGE('',*,*,#5896,.F.);
#8356=ORIENTED_EDGE('',*,*,#5897,.F.);
#8357=ORIENTED_EDGE('',*,*,#5898,.F.);
#8358=ORIENTED_EDGE('',*,*,#5899,.F.);
#8359=ORIENTED_EDGE('',*,*,#5900,.F.);
#8360=ORIENTED_EDGE('',*,*,#5833,.F.);
#8361=ORIENTED_EDGE('',*,*,#5901,.F.);
#8362=ORIENTED_EDGE('',*,*,#5902,.F.);
#8363=ORIENTED_EDGE('',*,*,#5903,.F.);
#8364=ORIENTED_EDGE('',*,*,#5904,.F.);
#8365=ORIENTED_EDGE('',*,*,#5905,.F.);
#8366=ORIENTED_EDGE('',*,*,#5906,.F.);
#8367=ORIENTED_EDGE('',*,*,#5907,.F.);
#8368=ORIENTED_EDGE('',*,*,#5908,.F.);
#8369=ORIENTED_EDGE('',*,*,#5909,.F.);
#8370=ORIENTED_EDGE('',*,*,#5823,.F.);
#8371=ORIENTED_EDGE('',*,*,#5910,.F.);
#8372=ORIENTED_EDGE('',*,*,#5911,.F.);
#8373=ORIENTED_EDGE('',*,*,#5912,.F.);
#8374=ORIENTED_EDGE('',*,*,#5913,.F.);
#8375=ORIENTED_EDGE('',*,*,#5914,.F.);
#8376=ORIENTED_EDGE('',*,*,#5915,.F.);
#8377=ORIENTED_EDGE('',*,*,#5916,.F.);
#8378=ORIENTED_EDGE('',*,*,#5824,.F.);
#8379=ORIENTED_EDGE('',*,*,#5917,.F.);
#8380=ORIENTED_EDGE('',*,*,#5918,.F.);
#8381=ORIENTED_EDGE('',*,*,#5919,.F.);
#8382=ORIENTED_EDGE('',*,*,#5920,.F.);
#8383=ORIENTED_EDGE('',*,*,#5921,.F.);
#8384=ORIENTED_EDGE('',*,*,#5834,.F.);
#8385=ORIENTED_EDGE('',*,*,#5922,.F.);
#8386=ORIENTED_EDGE('',*,*,#5923,.F.);
#8387=ORIENTED_EDGE('',*,*,#5924,.F.);
#8388=ORIENTED_EDGE('',*,*,#5925,.F.);
#8389=ORIENTED_EDGE('',*,*,#5926,.F.);
#8390=ORIENTED_EDGE('',*,*,#5927,.F.);
#8391=ORIENTED_EDGE('',*,*,#5928,.F.);
#8392=ORIENTED_EDGE('',*,*,#5835,.F.);
#8393=ORIENTED_EDGE('',*,*,#5929,.F.);
#8394=ORIENTED_EDGE('',*,*,#5930,.F.);
#8395=ORIENTED_EDGE('',*,*,#5931,.F.);
#8396=ORIENTED_EDGE('',*,*,#5932,.F.);
#8397=ORIENTED_EDGE('',*,*,#5933,.F.);
#8398=ORIENTED_EDGE('',*,*,#5934,.F.);
#8399=ORIENTED_EDGE('',*,*,#5935,.F.);
#8400=ORIENTED_EDGE('',*,*,#5836,.F.);
#8401=ORIENTED_EDGE('',*,*,#5936,.F.);
#8402=ORIENTED_EDGE('',*,*,#5937,.F.);
#8403=ORIENTED_EDGE('',*,*,#5938,.F.);
#8404=ORIENTED_EDGE('',*,*,#5939,.F.);
#8405=ORIENTED_EDGE('',*,*,#5940,.F.);
#8406=ORIENTED_EDGE('',*,*,#5941,.F.);
#8407=ORIENTED_EDGE('',*,*,#5942,.F.);
#8408=ORIENTED_EDGE('',*,*,#5837,.F.);
#8409=ORIENTED_EDGE('',*,*,#5943,.F.);
#8410=ORIENTED_EDGE('',*,*,#5944,.F.);
#8411=ORIENTED_EDGE('',*,*,#5945,.F.);
#8412=ORIENTED_EDGE('',*,*,#5946,.F.);
#8413=ORIENTED_EDGE('',*,*,#5947,.F.);
#8414=ORIENTED_EDGE('',*,*,#5838,.F.);
#8415=ORIENTED_EDGE('',*,*,#5948,.F.);
#8416=ORIENTED_EDGE('',*,*,#5949,.F.);
#8417=ORIENTED_EDGE('',*,*,#5950,.F.);
#8418=ORIENTED_EDGE('',*,*,#5951,.F.);
#8419=ORIENTED_EDGE('',*,*,#5952,.F.);
#8420=ORIENTED_EDGE('',*,*,#5953,.F.);
#8421=ORIENTED_EDGE('',*,*,#5818,.F.);
#8422=ORIENTED_EDGE('',*,*,#5954,.T.);
#8423=ORIENTED_EDGE('',*,*,#5951,.T.);
#8424=ORIENTED_EDGE('',*,*,#5946,.T.);
#8425=ORIENTED_EDGE('',*,*,#5939,.T.);
#8426=ORIENTED_EDGE('',*,*,#5932,.T.);
#8427=ORIENTED_EDGE('',*,*,#5925,.T.);
#8428=ORIENTED_EDGE('',*,*,#5904,.T.);
#8429=ORIENTED_EDGE('',*,*,#5890,.T.);
#8430=ORIENTED_EDGE('',*,*,#5876,.T.);
#8431=ORIENTED_EDGE('',*,*,#5862,.T.);
#8432=ORIENTED_EDGE('',*,*,#5848,.T.);
#8433=ORIENTED_EDGE('',*,*,#5850,.T.);
#8434=ORIENTED_EDGE('',*,*,#5864,.T.);
#8435=ORIENTED_EDGE('',*,*,#5878,.T.);
#8436=ORIENTED_EDGE('',*,*,#5892,.T.);
#8437=ORIENTED_EDGE('',*,*,#5913,.T.);
#8438=ORIENTED_EDGE('',*,*,#5906,.T.);
#8439=ORIENTED_EDGE('',*,*,#5955,.F.);
#8440=ORIENTED_EDGE('',*,*,#5947,.T.);
#8441=ORIENTED_EDGE('',*,*,#5956,.F.);
#8442=ORIENTED_EDGE('',*,*,#5957,.F.);
#8443=ORIENTED_EDGE('',*,*,#5958,.T.);
#8444=ORIENTED_EDGE('',*,*,#5815,.F.);
#8445=ORIENTED_EDGE('',*,*,#5839,.T.);
#8446=ORIENTED_EDGE('',*,*,#5953,.T.);
#8447=ORIENTED_EDGE('',*,*,#5959,.F.);
#8448=ORIENTED_EDGE('',*,*,#5960,.F.);
#8449=ORIENTED_EDGE('',*,*,#5956,.T.);
#8450=ORIENTED_EDGE('',*,*,#5940,.T.);
#8451=ORIENTED_EDGE('',*,*,#5950,.T.);
#8452=ORIENTED_EDGE('',*,*,#5961,.F.);
#8453=ORIENTED_EDGE('',*,*,#5962,.F.);
#8454=ORIENTED_EDGE('',*,*,#5963,.T.);
#8455=ORIENTED_EDGE('',*,*,#5949,.T.);
#8456=ORIENTED_EDGE('',*,*,#5964,.F.);
#8457=ORIENTED_EDGE('',*,*,#5965,.F.);
#8458=ORIENTED_EDGE('',*,*,#5961,.T.);
#8459=ORIENTED_EDGE('',*,*,#5952,.T.);
#8460=ORIENTED_EDGE('',*,*,#5954,.F.);
#8461=ORIENTED_EDGE('',*,*,#5817,.F.);
#8462=ORIENTED_EDGE('',*,*,#5966,.F.);
#8463=ORIENTED_EDGE('',*,*,#5967,.F.);
#8464=ORIENTED_EDGE('',*,*,#5959,.T.);
#8465=ORIENTED_EDGE('',*,*,#5948,.T.);
#8466=ORIENTED_EDGE('',*,*,#5942,.T.);
#8467=ORIENTED_EDGE('',*,*,#5968,.F.);
#8468=ORIENTED_EDGE('',*,*,#5969,.F.);
#8469=ORIENTED_EDGE('',*,*,#5964,.T.);
#8470=ORIENTED_EDGE('',*,*,#5933,.T.);
#8471=ORIENTED_EDGE('',*,*,#5945,.T.);
#8472=ORIENTED_EDGE('',*,*,#5970,.F.);
#8473=ORIENTED_EDGE('',*,*,#5971,.F.);
#8474=ORIENTED_EDGE('',*,*,#5972,.T.);
#8475=ORIENTED_EDGE('',*,*,#5944,.T.);
#8476=ORIENTED_EDGE('',*,*,#5973,.F.);
#8477=ORIENTED_EDGE('',*,*,#5974,.F.);
#8478=ORIENTED_EDGE('',*,*,#5970,.T.);
#8479=ORIENTED_EDGE('',*,*,#5943,.T.);
#8480=ORIENTED_EDGE('',*,*,#5935,.T.);
#8481=ORIENTED_EDGE('',*,*,#5975,.F.);
#8482=ORIENTED_EDGE('',*,*,#5976,.F.);
#8483=ORIENTED_EDGE('',*,*,#5973,.T.);
#8484=ORIENTED_EDGE('',*,*,#5926,.T.);
#8485=ORIENTED_EDGE('',*,*,#5938,.T.);
#8486=ORIENTED_EDGE('',*,*,#5977,.F.);
#8487=ORIENTED_EDGE('',*,*,#5978,.F.);
#8488=ORIENTED_EDGE('',*,*,#5979,.T.);
#8489=ORIENTED_EDGE('',*,*,#5937,.T.);
#8490=ORIENTED_EDGE('',*,*,#5980,.F.);
#8491=ORIENTED_EDGE('',*,*,#5981,.F.);
#8492=ORIENTED_EDGE('',*,*,#5977,.T.);
#8493=ORIENTED_EDGE('',*,*,#5936,.T.);
#8494=ORIENTED_EDGE('',*,*,#5928,.T.);
#8495=ORIENTED_EDGE('',*,*,#5982,.F.);
#8496=ORIENTED_EDGE('',*,*,#5983,.F.);
#8497=ORIENTED_EDGE('',*,*,#5980,.T.);
#8498=ORIENTED_EDGE('',*,*,#5919,.T.);
#8499=ORIENTED_EDGE('',*,*,#5931,.T.);
#8500=ORIENTED_EDGE('',*,*,#5984,.F.);
#8501=ORIENTED_EDGE('',*,*,#5985,.F.);
#8502=ORIENTED_EDGE('',*,*,#5986,.T.);
#8503=ORIENTED_EDGE('',*,*,#5930,.T.);
#8504=ORIENTED_EDGE('',*,*,#5987,.F.);
#8505=ORIENTED_EDGE('',*,*,#5988,.F.);
#8506=ORIENTED_EDGE('',*,*,#5984,.T.);
#8507=ORIENTED_EDGE('',*,*,#5911,.T.);
#8508=ORIENTED_EDGE('',*,*,#5989,.F.);
#8509=ORIENTED_EDGE('',*,*,#5990,.F.);
#8510=ORIENTED_EDGE('',*,*,#5991,.T.);
#8511=ORIENTED_EDGE('',*,*,#5929,.T.);
#8512=ORIENTED_EDGE('',*,*,#5921,.T.);
#8513=ORIENTED_EDGE('',*,*,#5992,.F.);
#8514=ORIENTED_EDGE('',*,*,#5993,.F.);
#8515=ORIENTED_EDGE('',*,*,#5987,.T.);
#8516=ORIENTED_EDGE('',*,*,#5898,.T.);
#8517=ORIENTED_EDGE('',*,*,#5924,.T.);
#8518=ORIENTED_EDGE('',*,*,#5994,.F.);
#8519=ORIENTED_EDGE('',*,*,#5995,.F.);
#8520=ORIENTED_EDGE('',*,*,#5996,.T.);
#8521=ORIENTED_EDGE('',*,*,#5923,.T.);
#8522=ORIENTED_EDGE('',*,*,#5997,.F.);
#8523=ORIENTED_EDGE('',*,*,#5998,.F.);
#8524=ORIENTED_EDGE('',*,*,#5994,.T.);
#8525=ORIENTED_EDGE('',*,*,#5907,.T.);
#8526=ORIENTED_EDGE('',*,*,#5912,.T.);
#8527=ORIENTED_EDGE('',*,*,#5999,.F.);
#8528=ORIENTED_EDGE('',*,*,#6000,.F.);
#8529=ORIENTED_EDGE('',*,*,#6001,.T.);
#8530=ORIENTED_EDGE('',*,*,#5918,.T.);
#8531=ORIENTED_EDGE('',*,*,#6002,.F.);
#8532=ORIENTED_EDGE('',*,*,#6003,.F.);
#8533=ORIENTED_EDGE('',*,*,#5999,.T.);
#8534=ORIENTED_EDGE('',*,*,#5917,.T.);
#8535=ORIENTED_EDGE('',*,*,#5909,.T.);
#8536=ORIENTED_EDGE('',*,*,#6004,.F.);
#8537=ORIENTED_EDGE('',*,*,#6005,.F.);
#8538=ORIENTED_EDGE('',*,*,#6002,.T.);
#8539=ORIENTED_EDGE('',*,*,#5910,.T.);
#8540=ORIENTED_EDGE('',*,*,#5840,.T.);
#8541=ORIENTED_EDGE('',*,*,#6006,.F.);
#8542=ORIENTED_EDGE('',*,*,#6007,.F.);
#8543=ORIENTED_EDGE('',*,*,#5989,.T.);
#8544=ORIENTED_EDGE('',*,*,#5922,.T.);
#8545=ORIENTED_EDGE('',*,*,#5900,.T.);
#8546=ORIENTED_EDGE('',*,*,#6008,.F.);
#8547=ORIENTED_EDGE('',*,*,#6009,.F.);
#8548=ORIENTED_EDGE('',*,*,#5997,.T.);
#8549=ORIENTED_EDGE('',*,*,#5884,.T.);
#8550=ORIENTED_EDGE('',*,*,#5903,.T.);
#8551=ORIENTED_EDGE('',*,*,#6010,.F.);
#8552=ORIENTED_EDGE('',*,*,#6011,.F.);
#8553=ORIENTED_EDGE('',*,*,#6012,.T.);
#8554=ORIENTED_EDGE('',*,*,#5902,.T.);
#8555=ORIENTED_EDGE('',*,*,#6013,.F.);
#8556=ORIENTED_EDGE('',*,*,#6014,.F.);
#8557=ORIENTED_EDGE('',*,*,#6010,.T.);
#8558=ORIENTED_EDGE('',*,*,#5914,.T.);
#8559=ORIENTED_EDGE('',*,*,#5891,.T.);
#8560=ORIENTED_EDGE('',*,*,#6015,.F.);
#8561=ORIENTED_EDGE('',*,*,#6016,.F.);
#8562=ORIENTED_EDGE('',*,*,#6017,.T.);
#8563=ORIENTED_EDGE('',*,*,#5897,.T.);
#8564=ORIENTED_EDGE('',*,*,#6018,.F.);
#8565=ORIENTED_EDGE('',*,*,#6019,.F.);
#8566=ORIENTED_EDGE('',*,*,#6015,.T.);
#8567=ORIENTED_EDGE('',*,*,#5896,.T.);
#8568=ORIENTED_EDGE('',*,*,#5916,.T.);
#8569=ORIENTED_EDGE('',*,*,#6020,.F.);
#8570=ORIENTED_EDGE('',*,*,#6021,.F.);
#8571=ORIENTED_EDGE('',*,*,#6018,.T.);
#8572=ORIENTED_EDGE('',*,*,#5901,.T.);
#8573=ORIENTED_EDGE('',*,*,#5886,.T.);
#8574=ORIENTED_EDGE('',*,*,#6022,.F.);
#8575=ORIENTED_EDGE('',*,*,#6023,.F.);
#8576=ORIENTED_EDGE('',*,*,#6013,.T.);
#8577=ORIENTED_EDGE('',*,*,#5870,.T.);
#8578=ORIENTED_EDGE('',*,*,#5889,.T.);
#8579=ORIENTED_EDGE('',*,*,#6024,.F.);
#8580=ORIENTED_EDGE('',*,*,#6025,.F.);
#8581=ORIENTED_EDGE('',*,*,#6026,.T.);
#8582=ORIENTED_EDGE('',*,*,#5888,.T.);
#8583=ORIENTED_EDGE('',*,*,#6027,.F.);
#8584=ORIENTED_EDGE('',*,*,#6028,.F.);
#8585=ORIENTED_EDGE('',*,*,#6024,.T.);
#8586=ORIENTED_EDGE('',*,*,#5893,.T.);
#8587=ORIENTED_EDGE('',*,*,#5877,.T.);
#8588=ORIENTED_EDGE('',*,*,#6029,.F.);
#8589=ORIENTED_EDGE('',*,*,#6030,.F.);
#8590=ORIENTED_EDGE('',*,*,#6031,.T.);
#8591=ORIENTED_EDGE('',*,*,#5883,.T.);
#8592=ORIENTED_EDGE('',*,*,#6032,.F.);
#8593=ORIENTED_EDGE('',*,*,#6033,.F.);
#8594=ORIENTED_EDGE('',*,*,#6029,.T.);
#8595=ORIENTED_EDGE('',*,*,#5882,.T.);
#8596=ORIENTED_EDGE('',*,*,#5895,.T.);
#8597=ORIENTED_EDGE('',*,*,#6034,.F.);
#8598=ORIENTED_EDGE('',*,*,#6035,.F.);
#8599=ORIENTED_EDGE('',*,*,#6032,.T.);
#8600=ORIENTED_EDGE('',*,*,#5887,.T.);
#8601=ORIENTED_EDGE('',*,*,#5872,.T.);
#8602=ORIENTED_EDGE('',*,*,#6036,.F.);
#8603=ORIENTED_EDGE('',*,*,#6037,.F.);
#8604=ORIENTED_EDGE('',*,*,#6027,.T.);
#8605=ORIENTED_EDGE('',*,*,#5856,.T.);
#8606=ORIENTED_EDGE('',*,*,#5875,.T.);
#8607=ORIENTED_EDGE('',*,*,#6038,.F.);
#8608=ORIENTED_EDGE('',*,*,#6039,.F.);
#8609=ORIENTED_EDGE('',*,*,#6040,.T.);
#8610=ORIENTED_EDGE('',*,*,#5874,.T.);
#8611=ORIENTED_EDGE('',*,*,#6041,.F.);
#8612=ORIENTED_EDGE('',*,*,#6042,.F.);
#8613=ORIENTED_EDGE('',*,*,#6038,.T.);
#8614=ORIENTED_EDGE('',*,*,#5879,.T.);
#8615=ORIENTED_EDGE('',*,*,#5863,.T.);
#8616=ORIENTED_EDGE('',*,*,#6043,.F.);
#8617=ORIENTED_EDGE('',*,*,#6044,.F.);
#8618=ORIENTED_EDGE('',*,*,#6045,.T.);
#8619=ORIENTED_EDGE('',*,*,#5869,.T.);
#8620=ORIENTED_EDGE('',*,*,#6046,.F.);
#8621=ORIENTED_EDGE('',*,*,#6047,.F.);
#8622=ORIENTED_EDGE('',*,*,#6043,.T.);
#8623=ORIENTED_EDGE('',*,*,#5868,.T.);
#8624=ORIENTED_EDGE('',*,*,#5881,.T.);
#8625=ORIENTED_EDGE('',*,*,#6048,.F.);
#8626=ORIENTED_EDGE('',*,*,#6049,.F.);
#8627=ORIENTED_EDGE('',*,*,#6046,.T.);
#8628=ORIENTED_EDGE('',*,*,#5873,.T.);
#8629=ORIENTED_EDGE('',*,*,#5858,.T.);
#8630=ORIENTED_EDGE('',*,*,#6050,.F.);
#8631=ORIENTED_EDGE('',*,*,#6051,.F.);
#8632=ORIENTED_EDGE('',*,*,#6041,.T.);
#8633=ORIENTED_EDGE('',*,*,#5842,.T.);
#8634=ORIENTED_EDGE('',*,*,#5861,.T.);
#8635=ORIENTED_EDGE('',*,*,#6052,.F.);
#8636=ORIENTED_EDGE('',*,*,#6053,.F.);
#8637=ORIENTED_EDGE('',*,*,#6054,.T.);
#8638=ORIENTED_EDGE('',*,*,#5860,.T.);
#8639=ORIENTED_EDGE('',*,*,#6055,.F.);
#8640=ORIENTED_EDGE('',*,*,#6056,.F.);
#8641=ORIENTED_EDGE('',*,*,#6052,.T.);
#8642=ORIENTED_EDGE('',*,*,#5865,.T.);
#8643=ORIENTED_EDGE('',*,*,#5849,.T.);
#8644=ORIENTED_EDGE('',*,*,#6057,.F.);
#8645=ORIENTED_EDGE('',*,*,#6058,.F.);
#8646=ORIENTED_EDGE('',*,*,#6059,.T.);
#8647=ORIENTED_EDGE('',*,*,#5855,.T.);
#8648=ORIENTED_EDGE('',*,*,#6060,.F.);
#8649=ORIENTED_EDGE('',*,*,#6061,.F.);
#8650=ORIENTED_EDGE('',*,*,#6057,.T.);
#8651=ORIENTED_EDGE('',*,*,#5854,.T.);
#8652=ORIENTED_EDGE('',*,*,#5867,.T.);
#8653=ORIENTED_EDGE('',*,*,#6062,.F.);
#8654=ORIENTED_EDGE('',*,*,#6063,.F.);
#8655=ORIENTED_EDGE('',*,*,#6060,.T.);
#8656=ORIENTED_EDGE('',*,*,#5859,.T.);
#8657=ORIENTED_EDGE('',*,*,#5844,.T.);
#8658=ORIENTED_EDGE('',*,*,#6064,.F.);
#8659=ORIENTED_EDGE('',*,*,#6065,.F.);
#8660=ORIENTED_EDGE('',*,*,#6055,.T.);
#8661=ORIENTED_EDGE('',*,*,#5846,.T.);
#8662=ORIENTED_EDGE('',*,*,#6066,.F.);
#8663=ORIENTED_EDGE('',*,*,#6067,.F.);
#8664=ORIENTED_EDGE('',*,*,#6068,.T.);
#8665=ORIENTED_EDGE('',*,*,#5845,.T.);
#8666=ORIENTED_EDGE('',*,*,#5853,.T.);
#8667=ORIENTED_EDGE('',*,*,#6069,.F.);
#8668=ORIENTED_EDGE('',*,*,#6070,.F.);
#8669=ORIENTED_EDGE('',*,*,#6066,.T.);
#8670=ORIENTED_EDGE('',*,*,#5899,.T.);
#8671=ORIENTED_EDGE('',*,*,#5996,.F.);
#8672=ORIENTED_EDGE('',*,*,#6071,.F.);
#8673=ORIENTED_EDGE('',*,*,#6008,.T.);
#8674=ORIENTED_EDGE('',*,*,#5927,.T.);
#8675=ORIENTED_EDGE('',*,*,#5979,.F.);
#8676=ORIENTED_EDGE('',*,*,#6072,.F.);
#8677=ORIENTED_EDGE('',*,*,#5982,.T.);
#8678=ORIENTED_EDGE('',*,*,#5941,.T.);
#8679=ORIENTED_EDGE('',*,*,#5963,.F.);
#8680=ORIENTED_EDGE('',*,*,#6073,.F.);
#8681=ORIENTED_EDGE('',*,*,#5968,.T.);
#8682=ORIENTED_EDGE('',*,*,#5871,.T.);
#8683=ORIENTED_EDGE('',*,*,#6026,.F.);
#8684=ORIENTED_EDGE('',*,*,#6074,.F.);
#8685=ORIENTED_EDGE('',*,*,#6036,.T.);
#8686=ORIENTED_EDGE('',*,*,#5843,.T.);
#8687=ORIENTED_EDGE('',*,*,#6054,.F.);
#8688=ORIENTED_EDGE('',*,*,#6075,.F.);
#8689=ORIENTED_EDGE('',*,*,#6064,.T.);
#8690=ORIENTED_EDGE('',*,*,#5866,.T.);
#8691=ORIENTED_EDGE('',*,*,#6059,.F.);
#8692=ORIENTED_EDGE('',*,*,#6076,.F.);
#8693=ORIENTED_EDGE('',*,*,#6062,.T.);
#8694=ORIENTED_EDGE('',*,*,#5894,.T.);
#8695=ORIENTED_EDGE('',*,*,#6031,.F.);
#8696=ORIENTED_EDGE('',*,*,#6077,.F.);
#8697=ORIENTED_EDGE('',*,*,#6034,.T.);
#8698=ORIENTED_EDGE('',*,*,#5908,.T.);
#8699=ORIENTED_EDGE('',*,*,#6001,.F.);
#8700=ORIENTED_EDGE('',*,*,#6078,.F.);
#8701=ORIENTED_EDGE('',*,*,#6004,.T.);
#8702=ORIENTED_EDGE('',*,*,#6079,.F.);
#8703=ORIENTED_EDGE('',*,*,#6080,.F.);
#8704=ORIENTED_EDGE('',*,*,#6006,.T.);
#8705=ORIENTED_EDGE('',*,*,#5841,.T.);
#8706=ORIENTED_EDGE('',*,*,#5821,.F.);
#8707=ORIENTED_EDGE('',*,*,#5820,.F.);
#8708=ORIENTED_EDGE('',*,*,#5905,.T.);
#8709=ORIENTED_EDGE('',*,*,#5991,.F.);
#8710=ORIENTED_EDGE('',*,*,#6081,.F.);
#8711=ORIENTED_EDGE('',*,*,#6079,.T.);
#8712=ORIENTED_EDGE('',*,*,#5819,.F.);
#8713=ORIENTED_EDGE('',*,*,#5955,.T.);
#8714=ORIENTED_EDGE('',*,*,#5915,.T.);
#8715=ORIENTED_EDGE('',*,*,#6017,.F.);
#8716=ORIENTED_EDGE('',*,*,#6082,.F.);
#8717=ORIENTED_EDGE('',*,*,#6020,.T.);
#8718=ORIENTED_EDGE('',*,*,#5880,.T.);
#8719=ORIENTED_EDGE('',*,*,#6045,.F.);
#8720=ORIENTED_EDGE('',*,*,#6083,.F.);
#8721=ORIENTED_EDGE('',*,*,#6048,.T.);
#8722=ORIENTED_EDGE('',*,*,#5857,.T.);
#8723=ORIENTED_EDGE('',*,*,#6040,.F.);
#8724=ORIENTED_EDGE('',*,*,#6084,.F.);
#8725=ORIENTED_EDGE('',*,*,#6050,.T.);
#8726=ORIENTED_EDGE('',*,*,#5958,.F.);
#8727=ORIENTED_EDGE('',*,*,#6085,.F.);
#8728=ORIENTED_EDGE('',*,*,#5966,.T.);
#8729=ORIENTED_EDGE('',*,*,#5816,.F.);
#8730=ORIENTED_EDGE('',*,*,#5934,.T.);
#8731=ORIENTED_EDGE('',*,*,#5972,.F.);
#8732=ORIENTED_EDGE('',*,*,#6086,.F.);
#8733=ORIENTED_EDGE('',*,*,#5975,.T.);
#8734=ORIENTED_EDGE('',*,*,#5920,.T.);
#8735=ORIENTED_EDGE('',*,*,#5986,.F.);
#8736=ORIENTED_EDGE('',*,*,#6087,.F.);
#8737=ORIENTED_EDGE('',*,*,#5992,.T.);
#8738=ORIENTED_EDGE('',*,*,#5885,.T.);
#8739=ORIENTED_EDGE('',*,*,#6012,.F.);
#8740=ORIENTED_EDGE('',*,*,#6088,.F.);
#8741=ORIENTED_EDGE('',*,*,#6022,.T.);
#8742=ORIENTED_EDGE('',*,*,#5852,.T.);
#8743=ORIENTED_EDGE('',*,*,#6089,.F.);
#8744=ORIENTED_EDGE('',*,*,#6090,.F.);
#8745=ORIENTED_EDGE('',*,*,#6069,.T.);
#8746=ORIENTED_EDGE('',*,*,#5847,.T.);
#8747=ORIENTED_EDGE('',*,*,#6068,.F.);
#8748=ORIENTED_EDGE('',*,*,#6091,.F.);
#8749=ORIENTED_EDGE('',*,*,#6089,.T.);
#8750=ORIENTED_EDGE('',*,*,#5851,.T.);
#8751=ORIENTED_EDGE('',*,*,#5797,.F.);
#8752=ORIENTED_EDGE('',*,*,#6092,.T.);
#8753=ORIENTED_EDGE('',*,*,#6093,.T.);
#8754=ORIENTED_EDGE('',*,*,#5739,.T.);
#8755=ORIENTED_EDGE('',*,*,#5795,.F.);
#8756=ORIENTED_EDGE('',*,*,#6094,.T.);
#8757=ORIENTED_EDGE('',*,*,#6095,.T.);
#8758=ORIENTED_EDGE('',*,*,#6096,.T.);
#8759=ORIENTED_EDGE('',*,*,#6092,.F.);
#8760=ORIENTED_EDGE('',*,*,#5796,.T.);
#8761=ORIENTED_EDGE('',*,*,#6096,.F.);
#8762=ORIENTED_EDGE('',*,*,#6097,.T.);
#8763=ORIENTED_EDGE('',*,*,#6098,.T.);
#8764=ORIENTED_EDGE('',*,*,#6099,.T.);
#8765=ORIENTED_EDGE('',*,*,#5791,.T.);
#8766=ORIENTED_EDGE('',*,*,#6100,.T.);
#8767=ORIENTED_EDGE('',*,*,#5753,.T.);
#8768=ORIENTED_EDGE('',*,*,#5756,.T.);
#8769=ORIENTED_EDGE('',*,*,#5793,.T.);
#8770=ORIENTED_EDGE('',*,*,#5761,.T.);
#8771=ORIENTED_EDGE('',*,*,#5764,.T.);
#8772=ORIENTED_EDGE('',*,*,#5792,.T.);
#8773=ORIENTED_EDGE('',*,*,#6099,.F.);
#8774=ORIENTED_EDGE('',*,*,#6101,.F.);
#8775=ORIENTED_EDGE('',*,*,#6094,.F.);
#8776=ORIENTED_EDGE('',*,*,#5794,.T.);
#8777=ORIENTED_EDGE('',*,*,#6098,.F.);
#8778=ORIENTED_EDGE('',*,*,#6102,.T.);
#8779=ORIENTED_EDGE('',*,*,#6103,.F.);
#8780=ORIENTED_EDGE('',*,*,#6104,.T.);
#8781=ORIENTED_EDGE('',*,*,#6105,.T.);
#8782=ORIENTED_EDGE('',*,*,#6106,.F.);
#8783=ORIENTED_EDGE('',*,*,#6107,.F.);
#8784=ORIENTED_EDGE('',*,*,#6108,.F.);
#8785=ORIENTED_EDGE('',*,*,#6109,.F.);
#8786=ORIENTED_EDGE('',*,*,#5740,.F.);
#8787=ORIENTED_EDGE('',*,*,#6093,.F.);
#8788=ORIENTED_EDGE('',*,*,#6097,.F.);
#8789=ORIENTED_EDGE('',*,*,#6095,.F.);
#8790=ORIENTED_EDGE('',*,*,#6101,.T.);
#8791=ORIENTED_EDGE('',*,*,#6103,.T.);
#8792=ORIENTED_EDGE('',*,*,#6110,.T.);
#8793=ORIENTED_EDGE('',*,*,#5789,.T.);
#8794=ORIENTED_EDGE('',*,*,#6111,.T.);
#8795=ORIENTED_EDGE('',*,*,#6111,.F.);
#8796=ORIENTED_EDGE('',*,*,#5788,.F.);
#8797=ORIENTED_EDGE('',*,*,#6112,.F.);
#8798=ORIENTED_EDGE('',*,*,#6113,.F.);
#8799=ORIENTED_EDGE('',*,*,#6114,.F.);
#8800=ORIENTED_EDGE('',*,*,#6115,.F.);
#8801=ORIENTED_EDGE('',*,*,#6116,.T.);
#8802=ORIENTED_EDGE('',*,*,#6104,.F.);
#8803=ORIENTED_EDGE('',*,*,#5751,.T.);
#8804=ORIENTED_EDGE('',*,*,#5759,.T.);
#8805=ORIENTED_EDGE('',*,*,#5767,.T.);
#8806=ORIENTED_EDGE('',*,*,#6107,.T.);
#8807=ORIENTED_EDGE('',*,*,#6117,.T.);
#8808=ORIENTED_EDGE('',*,*,#5775,.T.);
#8809=ORIENTED_EDGE('',*,*,#6118,.T.);
#8810=ORIENTED_EDGE('',*,*,#6118,.F.);
#8811=ORIENTED_EDGE('',*,*,#5774,.F.);
#8812=ORIENTED_EDGE('',*,*,#6119,.F.);
#8813=ORIENTED_EDGE('',*,*,#6108,.T.);
#8814=ORIENTED_EDGE('',*,*,#6109,.T.);
#8815=ORIENTED_EDGE('',*,*,#6119,.T.);
#8816=ORIENTED_EDGE('',*,*,#5773,.T.);
#8817=ORIENTED_EDGE('',*,*,#5741,.T.);
#8818=ORIENTED_EDGE('',*,*,#6120,.T.);
#8819=ORIENTED_EDGE('',*,*,#6121,.T.);
#8820=ORIENTED_EDGE('',*,*,#5777,.T.);
#8821=ORIENTED_EDGE('',*,*,#6122,.T.);
#8822=ORIENTED_EDGE('',*,*,#6121,.F.);
#8823=ORIENTED_EDGE('',*,*,#6123,.T.);
#8824=ORIENTED_EDGE('',*,*,#6124,.F.);
#8825=ORIENTED_EDGE('',*,*,#5778,.F.);
#8826=ORIENTED_EDGE('',*,*,#6120,.F.);
#8827=ORIENTED_EDGE('',*,*,#6125,.F.);
#8828=ORIENTED_EDGE('',*,*,#6126,.F.);
#8829=ORIENTED_EDGE('',*,*,#6113,.T.);
#8830=ORIENTED_EDGE('',*,*,#6127,.F.);
#8831=ORIENTED_EDGE('',*,*,#6128,.T.);
#8832=ORIENTED_EDGE('',*,*,#6129,.F.);
#8833=ORIENTED_EDGE('',*,*,#6130,.T.);
#8834=ORIENTED_EDGE('',*,*,#6131,.F.);
#8835=ORIENTED_EDGE('',*,*,#6132,.T.);
#8836=ORIENTED_EDGE('',*,*,#6133,.F.);
#8837=ORIENTED_EDGE('',*,*,#5746,.F.);
#8838=ORIENTED_EDGE('',*,*,#6134,.F.);
#8839=ORIENTED_EDGE('',*,*,#6123,.F.);
#8840=ORIENTED_EDGE('',*,*,#6134,.T.);
#8841=ORIENTED_EDGE('',*,*,#5745,.T.);
#8842=ORIENTED_EDGE('',*,*,#5779,.T.);
#8843=ORIENTED_EDGE('',*,*,#6124,.T.);
#8844=ORIENTED_EDGE('',*,*,#6127,.T.);
#8845=ORIENTED_EDGE('',*,*,#6112,.T.);
#8846=ORIENTED_EDGE('',*,*,#5787,.T.);
#8847=ORIENTED_EDGE('',*,*,#6135,.T.);
#8848=ORIENTED_EDGE('',*,*,#6129,.T.);
#8849=ORIENTED_EDGE('',*,*,#6136,.T.);
#8850=ORIENTED_EDGE('',*,*,#5785,.T.);
#8851=ORIENTED_EDGE('',*,*,#6137,.T.);
#8852=ORIENTED_EDGE('',*,*,#5769,.T.);
#8853=ORIENTED_EDGE('',*,*,#5772,.T.);
#8854=ORIENTED_EDGE('',*,*,#5783,.T.);
#8855=ORIENTED_EDGE('',*,*,#6138,.F.);
#8856=ORIENTED_EDGE('',*,*,#6130,.F.);
#8857=ORIENTED_EDGE('',*,*,#6137,.F.);
#8858=ORIENTED_EDGE('',*,*,#5784,.T.);
#8859=ORIENTED_EDGE('',*,*,#5782,.F.);
#8860=ORIENTED_EDGE('',*,*,#6139,.T.);
#8861=ORIENTED_EDGE('',*,*,#6131,.T.);
#8862=ORIENTED_EDGE('',*,*,#6138,.T.);
#8863=ORIENTED_EDGE('',*,*,#6139,.F.);
#8864=ORIENTED_EDGE('',*,*,#5781,.F.);
#8865=ORIENTED_EDGE('',*,*,#6140,.F.);
#8866=ORIENTED_EDGE('',*,*,#6132,.F.);
#8867=ORIENTED_EDGE('',*,*,#5780,.F.);
#8868=ORIENTED_EDGE('',*,*,#5747,.T.);
#8869=ORIENTED_EDGE('',*,*,#6133,.T.);
#8870=ORIENTED_EDGE('',*,*,#6140,.T.);
#8871=ORIENTED_EDGE('',*,*,#6141,.T.);
#8872=ORIENTED_EDGE('',*,*,#6142,.T.);
#8873=ORIENTED_EDGE('',*,*,#5802,.T.);
#8874=ORIENTED_EDGE('',*,*,#6143,.T.);
#8875=ORIENTED_EDGE('',*,*,#6142,.F.);
#8876=ORIENTED_EDGE('',*,*,#6144,.F.);
#8877=ORIENTED_EDGE('',*,*,#6145,.F.);
#8878=ORIENTED_EDGE('',*,*,#5803,.F.);
#8879=ORIENTED_EDGE('',*,*,#6146,.T.);
#8880=ORIENTED_EDGE('',*,*,#6147,.T.);
#8881=ORIENTED_EDGE('',*,*,#5800,.T.);
#8882=ORIENTED_EDGE('',*,*,#6148,.T.);
#8883=ORIENTED_EDGE('',*,*,#6143,.F.);
#8884=ORIENTED_EDGE('',*,*,#5801,.F.);
#8885=ORIENTED_EDGE('',*,*,#6147,.F.);
#8886=ORIENTED_EDGE('',*,*,#6149,.F.);
#8887=ORIENTED_EDGE('',*,*,#5798,.T.);
#8888=ORIENTED_EDGE('',*,*,#6150,.T.);
#8889=ORIENTED_EDGE('',*,*,#6151,.T.);
#8890=ORIENTED_EDGE('',*,*,#6152,.T.);
#8891=ORIENTED_EDGE('',*,*,#6150,.F.);
#8892=ORIENTED_EDGE('',*,*,#5809,.F.);
#8893=ORIENTED_EDGE('',*,*,#6153,.F.);
#8894=ORIENTED_EDGE('',*,*,#6154,.F.);
#8895=ORIENTED_EDGE('',*,*,#5804,.T.);
#8896=ORIENTED_EDGE('',*,*,#6145,.T.);
#8897=ORIENTED_EDGE('',*,*,#6155,.T.);
#8898=ORIENTED_EDGE('',*,*,#6156,.T.);
#8899=ORIENTED_EDGE('',*,*,#6156,.F.);
#8900=ORIENTED_EDGE('',*,*,#6157,.F.);
#8901=ORIENTED_EDGE('',*,*,#6158,.T.);
#8902=ORIENTED_EDGE('',*,*,#5805,.F.);
#8903=ORIENTED_EDGE('',*,*,#5812,.F.);
#8904=ORIENTED_EDGE('',*,*,#6159,.F.);
#8905=ORIENTED_EDGE('',*,*,#6160,.F.);
#8906=ORIENTED_EDGE('',*,*,#6161,.T.);
#8907=ORIENTED_EDGE('',*,*,#5813,.F.);
#8908=ORIENTED_EDGE('',*,*,#6161,.F.);
#8909=ORIENTED_EDGE('',*,*,#6162,.F.);
#8910=ORIENTED_EDGE('',*,*,#6163,.T.);
#8911=ORIENTED_EDGE('',*,*,#5810,.F.);
#8912=ORIENTED_EDGE('',*,*,#6163,.F.);
#8913=ORIENTED_EDGE('',*,*,#6164,.F.);
#8914=ORIENTED_EDGE('',*,*,#6165,.T.);
#8915=ORIENTED_EDGE('',*,*,#5811,.F.);
#8916=ORIENTED_EDGE('',*,*,#6165,.F.);
#8917=ORIENTED_EDGE('',*,*,#6166,.F.);
#8918=ORIENTED_EDGE('',*,*,#6159,.T.);
#8919=ORIENTED_EDGE('',*,*,#6148,.F.);
#8920=ORIENTED_EDGE('',*,*,#5799,.F.);
#8921=ORIENTED_EDGE('',*,*,#6152,.F.);
#8922=ORIENTED_EDGE('',*,*,#6167,.F.);
#8923=ORIENTED_EDGE('',*,*,#5806,.F.);
#8924=ORIENTED_EDGE('',*,*,#6158,.F.);
#8925=ORIENTED_EDGE('',*,*,#6168,.F.);
#8926=ORIENTED_EDGE('',*,*,#6169,.T.);
#8927=ORIENTED_EDGE('',*,*,#5807,.F.);
#8928=ORIENTED_EDGE('',*,*,#6169,.F.);
#8929=ORIENTED_EDGE('',*,*,#6170,.F.);
#8930=ORIENTED_EDGE('',*,*,#6171,.T.);
#8931=ORIENTED_EDGE('',*,*,#5808,.F.);
#8932=ORIENTED_EDGE('',*,*,#6171,.F.);
#8933=ORIENTED_EDGE('',*,*,#6172,.F.);
#8934=ORIENTED_EDGE('',*,*,#6153,.T.);
#8935=ORIENTED_EDGE('',*,*,#6117,.F.);
#8936=ORIENTED_EDGE('',*,*,#6106,.T.);
#8937=ORIENTED_EDGE('',*,*,#6173,.F.);
#8938=ORIENTED_EDGE('',*,*,#6174,.T.);
#8939=ORIENTED_EDGE('',*,*,#6175,.T.);
#8940=ORIENTED_EDGE('',*,*,#6125,.T.);
#8941=ORIENTED_EDGE('',*,*,#6122,.F.);
#8942=ORIENTED_EDGE('',*,*,#5776,.T.);
#8943=ORIENTED_EDGE('',*,*,#5714,.T.);
#8944=ORIENTED_EDGE('',*,*,#5722,.T.);
#8945=ORIENTED_EDGE('',*,*,#5730,.T.);
#8946=ORIENTED_EDGE('',*,*,#6176,.F.);
#8947=ORIENTED_EDGE('',*,*,#6114,.T.);
#8948=ORIENTED_EDGE('',*,*,#6126,.T.);
#8949=ORIENTED_EDGE('',*,*,#6175,.F.);
#8950=ORIENTED_EDGE('',*,*,#6135,.F.);
#8951=ORIENTED_EDGE('',*,*,#5786,.T.);
#8952=ORIENTED_EDGE('',*,*,#6136,.F.);
#8953=ORIENTED_EDGE('',*,*,#6128,.F.);
#8954=ORIENTED_EDGE('',*,*,#6177,.F.);
#8955=ORIENTED_EDGE('',*,*,#6173,.T.);
#8956=ORIENTED_EDGE('',*,*,#6105,.F.);
#8957=ORIENTED_EDGE('',*,*,#6116,.F.);
#8958=ORIENTED_EDGE('',*,*,#6100,.F.);
#8959=ORIENTED_EDGE('',*,*,#5790,.T.);
#8960=ORIENTED_EDGE('',*,*,#6110,.F.);
#8961=ORIENTED_EDGE('',*,*,#6102,.F.);
#8962=ORIENTED_EDGE('',*,*,#6177,.T.);
#8963=ORIENTED_EDGE('',*,*,#6115,.T.);
#8964=ORIENTED_EDGE('',*,*,#6176,.T.);
#8965=ORIENTED_EDGE('',*,*,#6174,.F.);
#8966=ORIENTED_EDGE('',*,*,#6071,.T.);
#8967=ORIENTED_EDGE('',*,*,#5995,.T.);
#8968=ORIENTED_EDGE('',*,*,#5998,.T.);
#8969=ORIENTED_EDGE('',*,*,#6009,.T.);
#8970=ORIENTED_EDGE('',*,*,#6072,.T.);
#8971=ORIENTED_EDGE('',*,*,#5978,.T.);
#8972=ORIENTED_EDGE('',*,*,#5981,.T.);
#8973=ORIENTED_EDGE('',*,*,#5983,.T.);
#8974=ORIENTED_EDGE('',*,*,#6073,.T.);
#8975=ORIENTED_EDGE('',*,*,#5962,.T.);
#8976=ORIENTED_EDGE('',*,*,#5965,.T.);
#8977=ORIENTED_EDGE('',*,*,#5969,.T.);
#8978=ORIENTED_EDGE('',*,*,#6074,.T.);
#8979=ORIENTED_EDGE('',*,*,#6025,.T.);
#8980=ORIENTED_EDGE('',*,*,#6028,.T.);
#8981=ORIENTED_EDGE('',*,*,#6037,.T.);
#8982=ORIENTED_EDGE('',*,*,#6075,.T.);
#8983=ORIENTED_EDGE('',*,*,#6053,.T.);
#8984=ORIENTED_EDGE('',*,*,#6056,.T.);
#8985=ORIENTED_EDGE('',*,*,#6065,.T.);
#8986=ORIENTED_EDGE('',*,*,#6076,.T.);
#8987=ORIENTED_EDGE('',*,*,#6058,.T.);
#8988=ORIENTED_EDGE('',*,*,#6061,.T.);
#8989=ORIENTED_EDGE('',*,*,#6063,.T.);
#8990=ORIENTED_EDGE('',*,*,#6077,.T.);
#8991=ORIENTED_EDGE('',*,*,#6030,.T.);
#8992=ORIENTED_EDGE('',*,*,#6033,.T.);
#8993=ORIENTED_EDGE('',*,*,#6035,.T.);
#8994=ORIENTED_EDGE('',*,*,#6078,.T.);
#8995=ORIENTED_EDGE('',*,*,#6000,.T.);
#8996=ORIENTED_EDGE('',*,*,#6003,.T.);
#8997=ORIENTED_EDGE('',*,*,#6005,.T.);
#8998=ORIENTED_EDGE('',*,*,#6080,.T.);
#8999=ORIENTED_EDGE('',*,*,#6081,.T.);
#9000=ORIENTED_EDGE('',*,*,#5990,.T.);
#9001=ORIENTED_EDGE('',*,*,#6007,.T.);
#9002=ORIENTED_EDGE('',*,*,#6082,.T.);
#9003=ORIENTED_EDGE('',*,*,#6016,.T.);
#9004=ORIENTED_EDGE('',*,*,#6019,.T.);
#9005=ORIENTED_EDGE('',*,*,#6021,.T.);
#9006=ORIENTED_EDGE('',*,*,#6083,.T.);
#9007=ORIENTED_EDGE('',*,*,#6044,.T.);
#9008=ORIENTED_EDGE('',*,*,#6047,.T.);
#9009=ORIENTED_EDGE('',*,*,#6049,.T.);
#9010=ORIENTED_EDGE('',*,*,#6084,.T.);
#9011=ORIENTED_EDGE('',*,*,#6039,.T.);
#9012=ORIENTED_EDGE('',*,*,#6042,.T.);
#9013=ORIENTED_EDGE('',*,*,#6051,.T.);
#9014=ORIENTED_EDGE('',*,*,#5960,.T.);
#9015=ORIENTED_EDGE('',*,*,#5967,.T.);
#9016=ORIENTED_EDGE('',*,*,#6085,.T.);
#9017=ORIENTED_EDGE('',*,*,#5957,.T.);
#9018=ORIENTED_EDGE('',*,*,#6086,.T.);
#9019=ORIENTED_EDGE('',*,*,#5971,.T.);
#9020=ORIENTED_EDGE('',*,*,#5974,.T.);
#9021=ORIENTED_EDGE('',*,*,#5976,.T.);
#9022=ORIENTED_EDGE('',*,*,#6087,.T.);
#9023=ORIENTED_EDGE('',*,*,#5985,.T.);
#9024=ORIENTED_EDGE('',*,*,#5988,.T.);
#9025=ORIENTED_EDGE('',*,*,#5993,.T.);
#9026=ORIENTED_EDGE('',*,*,#6088,.T.);
#9027=ORIENTED_EDGE('',*,*,#6011,.T.);
#9028=ORIENTED_EDGE('',*,*,#6014,.T.);
#9029=ORIENTED_EDGE('',*,*,#6023,.T.);
#9030=ORIENTED_EDGE('',*,*,#6067,.T.);
#9031=ORIENTED_EDGE('',*,*,#6070,.T.);
#9032=ORIENTED_EDGE('',*,*,#6090,.T.);
#9033=ORIENTED_EDGE('',*,*,#6091,.T.);
#9034=ORIENTED_EDGE('',*,*,#6151,.F.);
#9035=ORIENTED_EDGE('',*,*,#6154,.T.);
#9036=ORIENTED_EDGE('',*,*,#6172,.T.);
#9037=ORIENTED_EDGE('',*,*,#6170,.T.);
#9038=ORIENTED_EDGE('',*,*,#6168,.T.);
#9039=ORIENTED_EDGE('',*,*,#6157,.T.);
#9040=ORIENTED_EDGE('',*,*,#6155,.F.);
#9041=ORIENTED_EDGE('',*,*,#6144,.T.);
#9042=ORIENTED_EDGE('',*,*,#6141,.F.);
#9043=ORIENTED_EDGE('',*,*,#6149,.T.);
#9044=ORIENTED_EDGE('',*,*,#6146,.F.);
#9045=ORIENTED_EDGE('',*,*,#6167,.T.);
#9046=ORIENTED_EDGE('',*,*,#6164,.T.);
#9047=ORIENTED_EDGE('',*,*,#6162,.T.);
#9048=ORIENTED_EDGE('',*,*,#6160,.T.);
#9049=ORIENTED_EDGE('',*,*,#6166,.T.);
#9050=CYLINDRICAL_SURFACE('',#9773,0.15);
#9051=CYLINDRICAL_SURFACE('',#9815,0.15);
#9052=CYLINDRICAL_SURFACE('',#9818,0.15);
#9053=CYLINDRICAL_SURFACE('',#9821,0.15);
#9054=CYLINDRICAL_SURFACE('',#9824,0.15);
#9055=CYLINDRICAL_SURFACE('',#9827,0.150000000000001);
#9056=CYLINDRICAL_SURFACE('',#9830,0.15);
#9057=CYLINDRICAL_SURFACE('',#9835,0.15);
#9058=CYLINDRICAL_SURFACE('',#9836,0.15);
#9059=CYLINDRICAL_SURFACE('',#9839,0.15);
#9060=CYLINDRICAL_SURFACE('',#9844,0.15);
#9061=CYLINDRICAL_SURFACE('',#9846,0.15);
#9062=CYLINDRICAL_SURFACE('',#9848,0.15);
#9063=CYLINDRICAL_SURFACE('',#9855,0.15);
#9064=CYLINDRICAL_SURFACE('',#9857,0.15);
#9065=CYLINDRICAL_SURFACE('',#9858,0.15);
#9066=CYLINDRICAL_SURFACE('',#9860,0.15);
#9067=CYLINDRICAL_SURFACE('',#9867,0.15);
#9068=CYLINDRICAL_SURFACE('',#9869,0.15);
#9069=CYLINDRICAL_SURFACE('',#9870,0.15);
#9070=CYLINDRICAL_SURFACE('',#9872,0.15);
#9071=CYLINDRICAL_SURFACE('',#9874,0.15);
#9072=CYLINDRICAL_SURFACE('',#9877,0.045);
#9073=CYLINDRICAL_SURFACE('',#9880,0.045);
#9074=CYLINDRICAL_SURFACE('',#9882,0.045);
#9075=CYLINDRICAL_SURFACE('',#9885,0.045);
#9076=CYLINDRICAL_SURFACE('',#9888,0.045);
#9077=CYLINDRICAL_SURFACE('',#9917,0.045);
#9078=CYLINDRICAL_SURFACE('',#9921,0.045);
#9079=CYLINDRICAL_SURFACE('',#9925,0.045);
#9080=CYLINDRICAL_SURFACE('',#9929,0.045);
#9081=CYLINDRICAL_SURFACE('',#9933,0.045);
#9082=CYLINDRICAL_SURFACE('',#9937,0.065);
#9083=CYLINDRICAL_SURFACE('',#9940,0.065);
#9084=CYLINDRICAL_SURFACE('',#9943,0.065);
#9085=CYLINDRICAL_SURFACE('',#9946,0.065);
#9086=CYLINDRICAL_SURFACE('',#9949,0.065);
#9087=CYLINDRICAL_SURFACE('',#9953,0.065);
#9088=CYLINDRICAL_SURFACE('',#9956,0.065);
#9089=CYLINDRICAL_SURFACE('',#9959,0.065);
#9090=CYLINDRICAL_SURFACE('',#9963,0.065);
#9091=CYLINDRICAL_SURFACE('',#9964,0.04);
#9092=CYLINDRICAL_SURFACE('',#9970,0.04);
#9093=CYLINDRICAL_SURFACE('',#9976,0.04);
#9094=CYLINDRICAL_SURFACE('',#9978,0.04);
#9095=CYLINDRICAL_SURFACE('',#9979,0.04);
#9096=CYLINDRICAL_SURFACE('',#9981,0.04);
#9097=CYLINDRICAL_SURFACE('',#9982,0.04);
#9098=CYLINDRICAL_SURFACE('',#9988,0.04);
#9099=CYLINDRICAL_SURFACE('',#9994,0.04);
#9100=CYLINDRICAL_SURFACE('',#9996,0.04);
#9101=CYLINDRICAL_SURFACE('',#9997,0.04);
#9102=CYLINDRICAL_SURFACE('',#9999,0.04);
#9103=CYLINDRICAL_SURFACE('',#10000,0.04);
#9104=CYLINDRICAL_SURFACE('',#10006,0.04);
#9105=CYLINDRICAL_SURFACE('',#10012,0.04);
#9106=CYLINDRICAL_SURFACE('',#10014,0.04);
#9107=CYLINDRICAL_SURFACE('',#10015,0.04);
#9108=CYLINDRICAL_SURFACE('',#10017,0.04);
#9109=CYLINDRICAL_SURFACE('',#10030,0.04);
#9110=CYLINDRICAL_SURFACE('',#10036,0.04);
#9111=CYLINDRICAL_SURFACE('',#10042,0.04);
#9112=CYLINDRICAL_SURFACE('',#10044,0.04);
#9113=CYLINDRICAL_SURFACE('',#10045,0.04);
#9114=CYLINDRICAL_SURFACE('',#10047,0.04);
#9115=CYLINDRICAL_SURFACE('',#10053,0.15);
#9116=CYLINDRICAL_SURFACE('',#10094,0.15);
#9117=CYLINDRICAL_SURFACE('',#10101,0.15);
#9118=CYLINDRICAL_SURFACE('',#10108,0.15);
#9119=CYLINDRICAL_SURFACE('',#10115,0.15);
#9120=CYLINDRICAL_SURFACE('',#10118,0.15);
#9121=CYLINDRICAL_SURFACE('',#10121,0.15);
#9122=CYLINDRICAL_SURFACE('',#10124,0.15);
#9123=CYLINDRICAL_SURFACE('',#10126,0.15);
#9124=CYLINDRICAL_SURFACE('',#10128,0.15);
#9125=CYLINDRICAL_SURFACE('',#10131,0.15);
#9126=CYLINDRICAL_SURFACE('',#10134,0.15);
#9127=CYLINDRICAL_SURFACE('',#10140,0.15);
#9128=CYLINDRICAL_SURFACE('',#10142,0.15);
#9129=CYLINDRICAL_SURFACE('',#10150,0.15);
#9130=CYLINDRICAL_SURFACE('',#10151,0.15);
#9131=CYLINDRICAL_SURFACE('',#10153,0.15);
#9132=CYLINDRICAL_SURFACE('',#10155,0.15);
#9133=CYLINDRICAL_SURFACE('',#10158,0.15);
#9134=CYLINDRICAL_SURFACE('',#10160,0.15);
#9135=CYLINDRICAL_SURFACE('',#10163,0.15);
#9136=CYLINDRICAL_SURFACE('',#10166,0.15);
#9137=CYLINDRICAL_SURFACE('',#10169,0.15);
#9138=CYLINDRICAL_SURFACE('',#10171,0.15);
#9139=CYLINDRICAL_SURFACE('',#10174,0.15);
#9140=CYLINDRICAL_SURFACE('',#10177,0.045);
#9141=CYLINDRICAL_SURFACE('',#10179,0.045);
#9142=CYLINDRICAL_SURFACE('',#10181,0.045);
#9143=CYLINDRICAL_SURFACE('',#10182,0.045);
#9144=CYLINDRICAL_SURFACE('',#10184,0.045);
#9145=CYLINDRICAL_SURFACE('',#10214,0.045);
#9146=CYLINDRICAL_SURFACE('',#10218,0.045);
#9147=CYLINDRICAL_SURFACE('',#10222,0.045);
#9148=CYLINDRICAL_SURFACE('',#10226,0.045);
#9149=CYLINDRICAL_SURFACE('',#10230,0.045);
#9150=CYLINDRICAL_SURFACE('',#10234,0.065);
#9151=CYLINDRICAL_SURFACE('',#10237,0.065);
#9152=CYLINDRICAL_SURFACE('',#10240,0.065);
#9153=CYLINDRICAL_SURFACE('',#10244,0.065);
#9154=CYLINDRICAL_SURFACE('',#10247,0.065);
#9155=CYLINDRICAL_SURFACE('',#10251,0.065);
#9156=CYLINDRICAL_SURFACE('',#10254,0.065);
#9157=CYLINDRICAL_SURFACE('',#10257,0.065);
#9158=CYLINDRICAL_SURFACE('',#10260,0.065);
#9159=CYLINDRICAL_SURFACE('',#10261,0.04);
#9160=CYLINDRICAL_SURFACE('',#10267,0.04);
#9161=CYLINDRICAL_SURFACE('',#10273,0.04);
#9162=CYLINDRICAL_SURFACE('',#10275,0.04);
#9163=CYLINDRICAL_SURFACE('',#10276,0.04);
#9164=CYLINDRICAL_SURFACE('',#10278,0.04);
#9165=CYLINDRICAL_SURFACE('',#10279,0.04);
#9166=CYLINDRICAL_SURFACE('',#10285,0.04);
#9167=CYLINDRICAL_SURFACE('',#10291,0.04);
#9168=CYLINDRICAL_SURFACE('',#10293,0.04);
#9169=CYLINDRICAL_SURFACE('',#10294,0.04);
#9170=CYLINDRICAL_SURFACE('',#10296,0.04);
#9171=CYLINDRICAL_SURFACE('',#10297,0.04);
#9172=CYLINDRICAL_SURFACE('',#10303,0.04);
#9173=CYLINDRICAL_SURFACE('',#10309,0.04);
#9174=CYLINDRICAL_SURFACE('',#10311,0.04);
#9175=CYLINDRICAL_SURFACE('',#10312,0.04);
#9176=CYLINDRICAL_SURFACE('',#10314,0.04);
#9177=CYLINDRICAL_SURFACE('',#10327,0.04);
#9178=CYLINDRICAL_SURFACE('',#10333,0.04);
#9179=CYLINDRICAL_SURFACE('',#10339,0.04);
#9180=CYLINDRICAL_SURFACE('',#10341,0.04);
#9181=CYLINDRICAL_SURFACE('',#10342,0.04);
#9182=CYLINDRICAL_SURFACE('',#10344,0.04);
#9183=CYLINDRICAL_SURFACE('',#10352,0.045);
#9184=CYLINDRICAL_SURFACE('',#10356,0.045);
#9185=CYLINDRICAL_SURFACE('',#10360,0.045);
#9186=CYLINDRICAL_SURFACE('',#10364,0.045);
#9187=CYLINDRICAL_SURFACE('',#10368,0.045);
#9188=CYLINDRICAL_SURFACE('',#10372,0.045);
#9189=CYLINDRICAL_SURFACE('',#10374,0.25);
#9190=CYLINDRICAL_SURFACE('',#10386,0.25);
#9191=CYLINDRICAL_SURFACE('',#10388,0.25);
#9192=CYLINDRICAL_SURFACE('',#10391,0.25);
#9193=CYLINDRICAL_SURFACE('',#10393,0.1);
#9194=CYLINDRICAL_SURFACE('',#10395,0.1);
#9195=CYLINDRICAL_SURFACE('',#10397,0.1);
#9196=CYLINDRICAL_SURFACE('',#10399,0.1);
#9197=CYLINDRICAL_SURFACE('',#10406,0.045);
#9198=CYLINDRICAL_SURFACE('',#10410,0.045);
#9199=CYLINDRICAL_SURFACE('',#10414,0.045);
#9200=CYLINDRICAL_SURFACE('',#10418,0.045);
#9201=CYLINDRICAL_SURFACE('',#10422,0.045);
#9202=CYLINDRICAL_SURFACE('',#10426,0.045);
#9203=CYLINDRICAL_SURFACE('',#10428,0.045);
#9204=CYLINDRICAL_SURFACE('',#10431,0.045);
#9205=CYLINDRICAL_SURFACE('',#10434,0.045);
#9206=CYLINDRICAL_SURFACE('',#10437,0.045);
#9207=CYLINDRICAL_SURFACE('',#10440,1.14173228346457);
#9208=CYLINDRICAL_SURFACE('',#10449,0.045);
#9209=CYLINDRICAL_SURFACE('',#10455,0.045);
#9210=CYLINDRICAL_SURFACE('',#10461,0.045);
#9211=CYLINDRICAL_SURFACE('',#10471,0.045);
#9212=CYLINDRICAL_SURFACE('',#10477,0.045);
#9213=CYLINDRICAL_SURFACE('',#10483,0.045);
#9214=CYLINDRICAL_SURFACE('',#10591,0.0499999999999999);
#9215=CYLINDRICAL_SURFACE('',#10594,0.0499999999999999);
#9216=CYLINDRICAL_SURFACE('',#10597,0.0499999999999999);
#9217=CYLINDRICAL_SURFACE('',#10599,0.0499999999999999);
#9218=CYLINDRICAL_SURFACE('',#10601,0.0499999999999999);
#9219=CYLINDRICAL_SURFACE('',#10604,0.0499999999999999);
#9220=CYLINDRICAL_SURFACE('',#10606,0.0499999999999999);
#9221=CYLINDRICAL_SURFACE('',#10609,0.0499999999999999);
#9222=CYLINDRICAL_SURFACE('',#10611,0.0499999999999999);
#9223=CYLINDRICAL_SURFACE('',#10615,0.0499999999999999);
#9224=CYLINDRICAL_SURFACE('',#10617,0.0499999999999999);
#9225=CYLINDRICAL_SURFACE('',#10620,0.0499999999999999);
#9226=CYLINDRICAL_SURFACE('',#10623,0.0499999999999999);
#9227=CYLINDRICAL_SURFACE('',#10625,0.0499999999999999);
#9228=CYLINDRICAL_SURFACE('',#10627,0.0499999999999999);
#9229=CYLINDRICAL_SURFACE('',#10629,0.0499999999999999);
#9230=CYLINDRICAL_SURFACE('',#10632,0.0499999999999999);
#9231=CYLINDRICAL_SURFACE('',#10635,0.0499999999999999);
#9232=CYLINDRICAL_SURFACE('',#10637,0.0499999999999999);
#9233=CYLINDRICAL_SURFACE('',#10639,0.0499999999999999);
#9234=CYLINDRICAL_SURFACE('',#10642,0.0499999999999999);
#9235=CYLINDRICAL_SURFACE('',#10645,0.0499999999999999);
#9236=CYLINDRICAL_SURFACE('',#10647,0.0499999999999999);
#9237=CYLINDRICAL_SURFACE('',#10649,0.0499999999999999);
#9238=CYLINDRICAL_SURFACE('',#10652,0.0499999999999999);
#9239=CYLINDRICAL_SURFACE('',#10655,0.0499999999999999);
#9240=CYLINDRICAL_SURFACE('',#10657,0.0499999999999999);
#9241=CYLINDRICAL_SURFACE('',#10659,0.0499999999999999);
#9242=CYLINDRICAL_SURFACE('',#10662,0.0499999999999999);
#9243=CYLINDRICAL_SURFACE('',#10665,0.0499999999999999);
#9244=CYLINDRICAL_SURFACE('',#10667,0.0499999999999999);
#9245=CYLINDRICAL_SURFACE('',#10670,0.0499999999999999);
#9246=CYLINDRICAL_SURFACE('',#10681,0.0499999999999999);
#9247=CYLINDRICAL_SURFACE('',#10691,0.0499999999999999);
#9248=CYLINDRICAL_SURFACE('',#10693,0.06);
#9249=CYLINDRICAL_SURFACE('',#10695,0.06);
#9250=CYLINDRICAL_SURFACE('',#10698,0.06);
#9251=CYLINDRICAL_SURFACE('',#10705,0.06);
#9252=CYLINDRICAL_SURFACE('',#10707,0.06);
#9253=CYLINDRICAL_SURFACE('',#10709,0.06);
#9254=CYLINDRICAL_SURFACE('',#10710,0.06);
#9255=CYLINDRICAL_SURFACE('',#10719,0.06);
#9256=CYLINDRICAL_SURFACE('',#10720,0.06);
#9257=CYLINDRICAL_SURFACE('',#10721,0.06);
#9258=CYLINDRICAL_SURFACE('',#10723,0.06);
#9259=CYLINDRICAL_SURFACE('',#10725,0.06);
#9260=CYLINDRICAL_SURFACE('',#10726,0.03);
#9261=CYLINDRICAL_SURFACE('',#10729,0.03);
#9262=CYLINDRICAL_SURFACE('',#10732,0.03);
#9263=CYLINDRICAL_SURFACE('',#10735,0.03);
#9264=ADVANCED_FACE('',(#422),#9050,.F.);
#9265=ADVANCED_FACE('',(#423),#199,.F.);
#9266=ADVANCED_FACE('',(#424,#93,#94,#95,#96,#97,#98,#99,#100,#101,#102,
#103,#104,#105,#106),#200,.F.);
#9267=ADVANCED_FACE('',(#425),#9051,.F.);
#9268=ADVANCED_FACE('',(#426),#9052,.F.);
#9269=ADVANCED_FACE('',(#427),#9053,.F.);
#9270=ADVANCED_FACE('',(#428),#9054,.F.);
#9271=ADVANCED_FACE('',(#429),#9055,.T.);
#9272=ADVANCED_FACE('',(#430),#9056,.F.);
#9273=ADVANCED_FACE('',(#431,#107),#201,.T.);
#9274=ADVANCED_FACE('',(#432),#9057,.F.);
#9275=ADVANCED_FACE('',(#433),#9058,.T.);
#9276=ADVANCED_FACE('',(#434),#9059,.F.);
#9277=ADVANCED_FACE('',(#435),#202,.F.);
#9278=ADVANCED_FACE('',(#436),#9060,.F.);
#9279=ADVANCED_FACE('',(#437),#9061,.F.);
#9280=ADVANCED_FACE('',(#438),#9062,.T.);
#9281=ADVANCED_FACE('',(#439,#108),#203,.T.);
#9282=ADVANCED_FACE('',(#440),#9063,.T.);
#9283=ADVANCED_FACE('',(#441),#9064,.F.);
#9284=ADVANCED_FACE('',(#442),#9065,.F.);
#9285=ADVANCED_FACE('',(#443),#9066,.T.);
#9286=ADVANCED_FACE('',(#444,#109),#204,.T.);
#9287=ADVANCED_FACE('',(#445),#9067,.T.);
#9288=ADVANCED_FACE('',(#446),#9068,.F.);
#9289=ADVANCED_FACE('',(#447),#9069,.F.);
#9290=ADVANCED_FACE('',(#448),#9070,.T.);
#9291=ADVANCED_FACE('',(#449),#9071,.T.);
#9292=ADVANCED_FACE('',(#450),#205,.T.);
#9293=ADVANCED_FACE('',(#451),#9072,.F.);
#9294=ADVANCED_FACE('',(#452),#9073,.F.);
#9295=ADVANCED_FACE('',(#453),#9074,.F.);
#9296=ADVANCED_FACE('',(#454),#9075,.F.);
#9297=ADVANCED_FACE('',(#455),#9076,.F.);
#9298=ADVANCED_FACE('',(#456,#110),#206,.T.);
#9299=ADVANCED_FACE('',(#457,#111),#207,.T.);
#9300=ADVANCED_FACE('',(#458),#208,.F.);
#9301=ADVANCED_FACE('',(#459),#209,.F.);
#9302=ADVANCED_FACE('',(#460),#210,.F.);
#9303=ADVANCED_FACE('',(#461),#211,.T.);
#9304=ADVANCED_FACE('',(#462),#212,.T.);
#9305=ADVANCED_FACE('',(#463),#23,.F.);
#9306=ADVANCED_FACE('',(#464),#9077,.F.);
#9307=ADVANCED_FACE('',(#465),#24,.F.);
#9308=ADVANCED_FACE('',(#466),#9078,.F.);
#9309=ADVANCED_FACE('',(#467),#25,.F.);
#9310=ADVANCED_FACE('',(#468),#9079,.F.);
#9311=ADVANCED_FACE('',(#469),#26,.F.);
#9312=ADVANCED_FACE('',(#470),#9080,.F.);
#9313=ADVANCED_FACE('',(#471),#27,.F.);
#9314=ADVANCED_FACE('',(#472),#9081,.F.);
#9315=ADVANCED_FACE('',(#473),#28,.F.);
#9316=ADVANCED_FACE('',(#474),#9082,.F.);
#9317=ADVANCED_FACE('',(#475),#29,.F.);
#9318=ADVANCED_FACE('',(#476),#9083,.F.);
#9319=ADVANCED_FACE('',(#477),#30,.F.);
#9320=ADVANCED_FACE('',(#478),#9084,.F.);
#9321=ADVANCED_FACE('',(#479),#31,.F.);
#9322=ADVANCED_FACE('',(#480),#9085,.F.);
#9323=ADVANCED_FACE('',(#481),#32,.F.);
#9324=ADVANCED_FACE('',(#482),#9086,.F.);
#9325=ADVANCED_FACE('',(#483),#213,.T.);
#9326=ADVANCED_FACE('',(#484),#33,.F.);
#9327=ADVANCED_FACE('',(#485),#9087,.F.);
#9328=ADVANCED_FACE('',(#486),#34,.F.);
#9329=ADVANCED_FACE('',(#487),#9088,.F.);
#9330=ADVANCED_FACE('',(#488),#35,.F.);
#9331=ADVANCED_FACE('',(#489),#9089,.F.);
#9332=ADVANCED_FACE('',(#490),#214,.T.);
#9333=ADVANCED_FACE('',(#491),#36,.F.);
#9334=ADVANCED_FACE('',(#492),#9090,.F.);
#9335=ADVANCED_FACE('',(#493),#9091,.T.);
#9336=ADVANCED_FACE('',(#494),#215,.T.);
#9337=ADVANCED_FACE('',(#495),#216,.T.);
#9338=ADVANCED_FACE('',(#496),#9092,.T.);
#9339=ADVANCED_FACE('',(#497),#217,.T.);
#9340=ADVANCED_FACE('',(#498),#218,.T.);
#9341=ADVANCED_FACE('',(#499),#9093,.T.);
#9342=ADVANCED_FACE('',(#500),#219,.T.);
#9343=ADVANCED_FACE('',(#501),#9094,.T.);
#9344=ADVANCED_FACE('',(#502),#9095,.T.);
#9345=ADVANCED_FACE('',(#503),#220,.T.);
#9346=ADVANCED_FACE('',(#504),#9096,.T.);
#9347=ADVANCED_FACE('',(#505),#9097,.T.);
#9348=ADVANCED_FACE('',(#506),#221,.T.);
#9349=ADVANCED_FACE('',(#507),#222,.T.);
#9350=ADVANCED_FACE('',(#508),#9098,.T.);
#9351=ADVANCED_FACE('',(#509),#223,.T.);
#9352=ADVANCED_FACE('',(#510),#224,.T.);
#9353=ADVANCED_FACE('',(#511),#9099,.T.);
#9354=ADVANCED_FACE('',(#512),#225,.T.);
#9355=ADVANCED_FACE('',(#513),#9100,.T.);
#9356=ADVANCED_FACE('',(#514),#9101,.T.);
#9357=ADVANCED_FACE('',(#515),#226,.T.);
#9358=ADVANCED_FACE('',(#516),#9102,.T.);
#9359=ADVANCED_FACE('',(#517),#9103,.T.);
#9360=ADVANCED_FACE('',(#518),#227,.T.);
#9361=ADVANCED_FACE('',(#519),#228,.T.);
#9362=ADVANCED_FACE('',(#520),#9104,.T.);
#9363=ADVANCED_FACE('',(#521),#229,.T.);
#9364=ADVANCED_FACE('',(#522),#230,.T.);
#9365=ADVANCED_FACE('',(#523),#9105,.T.);
#9366=ADVANCED_FACE('',(#524),#231,.T.);
#9367=ADVANCED_FACE('',(#525),#9106,.T.);
#9368=ADVANCED_FACE('',(#526),#9107,.T.);
#9369=ADVANCED_FACE('',(#527),#232,.T.);
#9370=ADVANCED_FACE('',(#528),#9108,.T.);
#9371=ADVANCED_FACE('',(#529),#233,.T.);
#9372=ADVANCED_FACE('',(#530),#234,.T.);
#9373=ADVANCED_FACE('',(#531),#235,.T.);
#9374=ADVANCED_FACE('',(#532),#236,.T.);
#9375=ADVANCED_FACE('',(#533),#237,.T.);
#9376=ADVANCED_FACE('',(#534),#238,.T.);
#9377=ADVANCED_FACE('',(#535),#239,.T.);
#9378=ADVANCED_FACE('',(#536),#240,.T.);
#9379=ADVANCED_FACE('',(#537),#241,.T.);
#9380=ADVANCED_FACE('',(#538),#242,.T.);
#9381=ADVANCED_FACE('',(#539),#243,.T.);
#9382=ADVANCED_FACE('',(#540),#244,.T.);
#9383=ADVANCED_FACE('',(#541),#9109,.T.);
#9384=ADVANCED_FACE('',(#542),#245,.T.);
#9385=ADVANCED_FACE('',(#543),#246,.T.);
#9386=ADVANCED_FACE('',(#544),#9110,.T.);
#9387=ADVANCED_FACE('',(#545),#247,.T.);
#9388=ADVANCED_FACE('',(#546),#248,.T.);
#9389=ADVANCED_FACE('',(#547),#9111,.T.);
#9390=ADVANCED_FACE('',(#548),#249,.T.);
#9391=ADVANCED_FACE('',(#549),#9112,.T.);
#9392=ADVANCED_FACE('',(#550),#9113,.T.);
#9393=ADVANCED_FACE('',(#551),#250,.T.);
#9394=ADVANCED_FACE('',(#552),#9114,.T.);
#9395=ADVANCED_FACE('',(#553),#251,.T.);
#9396=ADVANCED_FACE('',(#554),#252,.T.);
#9397=ADVANCED_FACE('',(#555),#253,.T.);
#9398=ADVANCED_FACE('',(#556),#254,.T.);
#9399=ADVANCED_FACE('',(#557,#112,#113,#114,#115,#116),#255,.T.);
#9400=ADVANCED_FACE('',(#558),#9115,.F.);
#9401=ADVANCED_FACE('',(#559,#117,#118,#119,#120,#121,#122,#123,#124,#125,
#126,#127,#128,#129,#130),#256,.T.);
#9402=ADVANCED_FACE('',(#560),#257,.F.);
#9403=ADVANCED_FACE('',(#561),#9116,.F.);
#9404=ADVANCED_FACE('',(#562),#258,.F.);
#9405=ADVANCED_FACE('',(#563),#9117,.F.);
#9406=ADVANCED_FACE('',(#564),#259,.F.);
#9407=ADVANCED_FACE('',(#565),#9118,.F.);
#9408=ADVANCED_FACE('',(#566),#260,.F.);
#9409=ADVANCED_FACE('',(#567),#9119,.F.);
#9410=ADVANCED_FACE('',(#568),#9120,.F.);
#9411=ADVANCED_FACE('',(#569),#261,.T.);
#9412=ADVANCED_FACE('',(#570),#9121,.F.);
#9413=ADVANCED_FACE('',(#571),#262,.T.);
#9414=ADVANCED_FACE('',(#572),#9122,.T.);
#9415=ADVANCED_FACE('',(#573),#9123,.T.);
#9416=ADVANCED_FACE('',(#574),#9124,.F.);
#9417=ADVANCED_FACE('',(#575),#263,.T.);
#9418=ADVANCED_FACE('',(#576),#9125,.F.);
#9419=ADVANCED_FACE('',(#577),#264,.T.);
#9420=ADVANCED_FACE('',(#578),#9126,.T.);
#9421=ADVANCED_FACE('',(#579),#265,.F.);
#9422=ADVANCED_FACE('',(#580),#9127,.T.);
#9423=ADVANCED_FACE('',(#581),#9128,.T.);
#9424=ADVANCED_FACE('',(#582),#266,.T.);
#9425=ADVANCED_FACE('',(#583,#131),#267,.T.);
#9426=ADVANCED_FACE('',(#584),#9129,.T.);
#9427=ADVANCED_FACE('',(#585),#9130,.F.);
#9428=ADVANCED_FACE('',(#586),#268,.T.);
#9429=ADVANCED_FACE('',(#587),#9131,.F.);
#9430=ADVANCED_FACE('',(#588),#269,.T.);
#9431=ADVANCED_FACE('',(#589),#9132,.T.);
#9432=ADVANCED_FACE('',(#590),#270,.T.);
#9433=ADVANCED_FACE('',(#591),#9133,.T.);
#9434=ADVANCED_FACE('',(#592),#9134,.F.);
#9435=ADVANCED_FACE('',(#593),#271,.T.);
#9436=ADVANCED_FACE('',(#594),#9135,.F.);
#9437=ADVANCED_FACE('',(#595),#272,.T.);
#9438=ADVANCED_FACE('',(#596),#9136,.T.);
#9439=ADVANCED_FACE('',(#597),#273,.T.);
#9440=ADVANCED_FACE('',(#598),#9137,.T.);
#9441=ADVANCED_FACE('',(#599),#9138,.F.);
#9442=ADVANCED_FACE('',(#600),#274,.T.);
#9443=ADVANCED_FACE('',(#601),#9139,.F.);
#9444=ADVANCED_FACE('',(#602),#275,.T.);
#9445=ADVANCED_FACE('',(#603),#9140,.F.);
#9446=ADVANCED_FACE('',(#604),#9141,.F.);
#9447=ADVANCED_FACE('',(#605),#9142,.F.);
#9448=ADVANCED_FACE('',(#606),#9143,.F.);
#9449=ADVANCED_FACE('',(#607),#9144,.F.);
#9450=ADVANCED_FACE('',(#608),#276,.T.);
#9451=ADVANCED_FACE('',(#609),#277,.T.);
#9452=ADVANCED_FACE('',(#610,#132),#278,.T.);
#9453=ADVANCED_FACE('',(#611,#133),#279,.T.);
#9454=ADVANCED_FACE('',(#612,#134),#280,.T.);
#9455=ADVANCED_FACE('',(#613,#135),#281,.T.);
#9456=ADVANCED_FACE('',(#614),#282,.F.);
#9457=ADVANCED_FACE('',(#615),#283,.F.);
#9458=ADVANCED_FACE('',(#616),#37,.F.);
#9459=ADVANCED_FACE('',(#617),#9145,.F.);
#9460=ADVANCED_FACE('',(#618),#38,.F.);
#9461=ADVANCED_FACE('',(#619),#9146,.F.);
#9462=ADVANCED_FACE('',(#620),#39,.F.);
#9463=ADVANCED_FACE('',(#621),#9147,.F.);
#9464=ADVANCED_FACE('',(#622),#40,.F.);
#9465=ADVANCED_FACE('',(#623),#9148,.F.);
#9466=ADVANCED_FACE('',(#624),#41,.F.);
#9467=ADVANCED_FACE('',(#625),#9149,.F.);
#9468=ADVANCED_FACE('',(#626),#42,.F.);
#9469=ADVANCED_FACE('',(#627),#9150,.F.);
#9470=ADVANCED_FACE('',(#628),#43,.F.);
#9471=ADVANCED_FACE('',(#629),#9151,.F.);
#9472=ADVANCED_FACE('',(#630),#44,.F.);
#9473=ADVANCED_FACE('',(#631),#9152,.F.);
#9474=ADVANCED_FACE('',(#632),#284,.F.);
#9475=ADVANCED_FACE('',(#633),#45,.F.);
#9476=ADVANCED_FACE('',(#634),#9153,.F.);
#9477=ADVANCED_FACE('',(#635),#46,.F.);
#9478=ADVANCED_FACE('',(#636),#9154,.F.);
#9479=ADVANCED_FACE('',(#637),#285,.F.);
#9480=ADVANCED_FACE('',(#638),#47,.F.);
#9481=ADVANCED_FACE('',(#639),#9155,.F.);
#9482=ADVANCED_FACE('',(#640),#48,.F.);
#9483=ADVANCED_FACE('',(#641),#9156,.F.);
#9484=ADVANCED_FACE('',(#642),#49,.F.);
#9485=ADVANCED_FACE('',(#643),#9157,.F.);
#9486=ADVANCED_FACE('',(#644),#50,.F.);
#9487=ADVANCED_FACE('',(#645),#9158,.F.);
#9488=ADVANCED_FACE('',(#646),#9159,.T.);
#9489=ADVANCED_FACE('',(#647),#286,.F.);
#9490=ADVANCED_FACE('',(#648),#287,.F.);
#9491=ADVANCED_FACE('',(#649),#9160,.T.);
#9492=ADVANCED_FACE('',(#650),#288,.F.);
#9493=ADVANCED_FACE('',(#651),#289,.F.);
#9494=ADVANCED_FACE('',(#652),#9161,.T.);
#9495=ADVANCED_FACE('',(#653),#290,.F.);
#9496=ADVANCED_FACE('',(#654),#9162,.T.);
#9497=ADVANCED_FACE('',(#655),#9163,.T.);
#9498=ADVANCED_FACE('',(#656),#291,.F.);
#9499=ADVANCED_FACE('',(#657),#9164,.T.);
#9500=ADVANCED_FACE('',(#658),#9165,.T.);
#9501=ADVANCED_FACE('',(#659),#292,.F.);
#9502=ADVANCED_FACE('',(#660),#293,.F.);
#9503=ADVANCED_FACE('',(#661),#9166,.T.);
#9504=ADVANCED_FACE('',(#662),#294,.F.);
#9505=ADVANCED_FACE('',(#663),#295,.F.);
#9506=ADVANCED_FACE('',(#664),#9167,.T.);
#9507=ADVANCED_FACE('',(#665),#296,.F.);
#9508=ADVANCED_FACE('',(#666),#9168,.T.);
#9509=ADVANCED_FACE('',(#667),#9169,.T.);
#9510=ADVANCED_FACE('',(#668),#297,.F.);
#9511=ADVANCED_FACE('',(#669),#9170,.T.);
#9512=ADVANCED_FACE('',(#670),#9171,.T.);
#9513=ADVANCED_FACE('',(#671),#298,.F.);
#9514=ADVANCED_FACE('',(#672),#299,.F.);
#9515=ADVANCED_FACE('',(#673),#9172,.T.);
#9516=ADVANCED_FACE('',(#674),#300,.F.);
#9517=ADVANCED_FACE('',(#675),#301,.F.);
#9518=ADVANCED_FACE('',(#676),#9173,.T.);
#9519=ADVANCED_FACE('',(#677),#302,.F.);
#9520=ADVANCED_FACE('',(#678),#9174,.T.);
#9521=ADVANCED_FACE('',(#679),#9175,.T.);
#9522=ADVANCED_FACE('',(#680),#303,.F.);
#9523=ADVANCED_FACE('',(#681),#9176,.T.);
#9524=ADVANCED_FACE('',(#682),#304,.F.);
#9525=ADVANCED_FACE('',(#683),#305,.F.);
#9526=ADVANCED_FACE('',(#684),#306,.F.);
#9527=ADVANCED_FACE('',(#685),#307,.F.);
#9528=ADVANCED_FACE('',(#686),#308,.F.);
#9529=ADVANCED_FACE('',(#687),#309,.F.);
#9530=ADVANCED_FACE('',(#688),#310,.F.);
#9531=ADVANCED_FACE('',(#689),#311,.F.);
#9532=ADVANCED_FACE('',(#690),#312,.F.);
#9533=ADVANCED_FACE('',(#691),#313,.F.);
#9534=ADVANCED_FACE('',(#692),#314,.F.);
#9535=ADVANCED_FACE('',(#693),#315,.F.);
#9536=ADVANCED_FACE('',(#694),#9177,.T.);
#9537=ADVANCED_FACE('',(#695),#316,.F.);
#9538=ADVANCED_FACE('',(#696),#317,.F.);
#9539=ADVANCED_FACE('',(#697),#9178,.T.);
#9540=ADVANCED_FACE('',(#698),#318,.F.);
#9541=ADVANCED_FACE('',(#699),#319,.F.);
#9542=ADVANCED_FACE('',(#700),#9179,.T.);
#9543=ADVANCED_FACE('',(#701),#320,.F.);
#9544=ADVANCED_FACE('',(#702),#9180,.T.);
#9545=ADVANCED_FACE('',(#703),#9181,.T.);
#9546=ADVANCED_FACE('',(#704),#321,.F.);
#9547=ADVANCED_FACE('',(#705),#9182,.T.);
#9548=ADVANCED_FACE('',(#706),#322,.F.);
#9549=ADVANCED_FACE('',(#707),#323,.F.);
#9550=ADVANCED_FACE('',(#708),#324,.F.);
#9551=ADVANCED_FACE('',(#709),#325,.F.);
#9552=ADVANCED_FACE('',(#710,#136,#137,#138,#139,#140),#326,.F.);
#9553=ADVANCED_FACE('',(#711),#51,.F.);
#9554=ADVANCED_FACE('',(#712),#9183,.F.);
#9555=ADVANCED_FACE('',(#713),#52,.F.);
#9556=ADVANCED_FACE('',(#714),#9184,.F.);
#9557=ADVANCED_FACE('',(#715),#53,.F.);
#9558=ADVANCED_FACE('',(#716),#9185,.F.);
#9559=ADVANCED_FACE('',(#717),#54,.F.);
#9560=ADVANCED_FACE('',(#718),#9186,.F.);
#9561=ADVANCED_FACE('',(#719),#55,.F.);
#9562=ADVANCED_FACE('',(#720),#9187,.F.);
#9563=ADVANCED_FACE('',(#721),#56,.F.);
#9564=ADVANCED_FACE('',(#722),#9188,.F.);
#9565=ADVANCED_FACE('',(#723),#9189,.T.);
#9566=ADVANCED_FACE('',(#724,#141,#142,#143,#144),#327,.T.);
#9567=ADVANCED_FACE('',(#725),#328,.T.);
#9568=ADVANCED_FACE('',(#726),#9190,.T.);
#9569=ADVANCED_FACE('',(#727),#9191,.T.);
#9570=ADVANCED_FACE('',(#728),#329,.T.);
#9571=ADVANCED_FACE('',(#729),#9192,.T.);
#9572=ADVANCED_FACE('',(#730),#9193,.F.);
#9573=ADVANCED_FACE('',(#731),#9194,.F.);
#9574=ADVANCED_FACE('',(#732),#9195,.F.);
#9575=ADVANCED_FACE('',(#733),#9196,.F.);
#9576=ADVANCED_FACE('',(#734,#145,#146,#147),#330,.T.);
#9577=ADVANCED_FACE('',(#735,#148,#149,#150),#331,.T.);
#9578=ADVANCED_FACE('',(#736,#151,#152,#153,#154),#332,.T.);
#9579=ADVANCED_FACE('',(#737),#57,.F.);
#9580=ADVANCED_FACE('',(#738),#9197,.F.);
#9581=ADVANCED_FACE('',(#739),#58,.F.);
#9582=ADVANCED_FACE('',(#740),#9198,.F.);
#9583=ADVANCED_FACE('',(#741),#59,.F.);
#9584=ADVANCED_FACE('',(#742),#9199,.F.);
#9585=ADVANCED_FACE('',(#743),#60,.F.);
#9586=ADVANCED_FACE('',(#744),#9200,.F.);
#9587=ADVANCED_FACE('',(#745),#61,.F.);
#9588=ADVANCED_FACE('',(#746),#9201,.F.);
#9589=ADVANCED_FACE('',(#747),#62,.F.);
#9590=ADVANCED_FACE('',(#748),#9202,.F.);
#9591=ADVANCED_FACE('',(#749),#9203,.F.);
#9592=ADVANCED_FACE('',(#750),#9204,.F.);
#9593=ADVANCED_FACE('',(#751),#9205,.F.);
#9594=ADVANCED_FACE('',(#752),#9206,.F.);
#9595=ADVANCED_FACE('',(#753),#9207,.F.);
#9596=ADVANCED_FACE('',(#754),#333,.T.);
#9597=ADVANCED_FACE('',(#755,#155,#156,#157),#334,.T.);
#9598=ADVANCED_FACE('',(#756),#335,.T.);
#9599=ADVANCED_FACE('',(#757,#158,#159,#160),#336,.T.);
#9600=ADVANCED_FACE('',(#758,#161,#162,#163,#164,#165),#337,.T.);
#9601=ADVANCED_FACE('',(#759,#166,#167,#168,#169,#170),#338,.F.);
#9602=ADVANCED_FACE('',(#760),#9208,.F.);
#9603=ADVANCED_FACE('',(#761),#63,.F.);
#9604=ADVANCED_FACE('',(#762),#9209,.F.);
#9605=ADVANCED_FACE('',(#763),#64,.F.);
#9606=ADVANCED_FACE('',(#764),#9210,.F.);
#9607=ADVANCED_FACE('',(#765),#65,.F.);
#9608=ADVANCED_FACE('',(#766),#339,.F.);
#9609=ADVANCED_FACE('',(#767),#340,.F.);
#9610=ADVANCED_FACE('',(#768),#66,.F.);
#9611=ADVANCED_FACE('',(#769),#9211,.F.);
#9612=ADVANCED_FACE('',(#770),#67,.F.);
#9613=ADVANCED_FACE('',(#771),#9212,.F.);
#9614=ADVANCED_FACE('',(#772),#68,.F.);
#9615=ADVANCED_FACE('',(#773),#9213,.F.);
#9616=ADVANCED_FACE('',(#774,#171,#172,#173),#341,.F.);
#9617=ADVANCED_FACE('',(#775),#342,.F.);
#9618=ADVANCED_FACE('',(#776),#343,.T.);
#9619=ADVANCED_FACE('',(#777),#344,.T.);
#9620=ADVANCED_FACE('',(#778),#345,.T.);
#9621=ADVANCED_FACE('',(#779),#346,.T.);
#9622=ADVANCED_FACE('',(#780),#347,.T.);
#9623=ADVANCED_FACE('',(#781),#348,.T.);
#9624=ADVANCED_FACE('',(#782),#349,.T.);
#9625=ADVANCED_FACE('',(#783),#350,.T.);
#9626=ADVANCED_FACE('',(#784),#351,.T.);
#9627=ADVANCED_FACE('',(#785),#352,.T.);
#9628=ADVANCED_FACE('',(#786),#353,.T.);
#9629=ADVANCED_FACE('',(#787),#354,.T.);
#9630=ADVANCED_FACE('',(#788),#355,.T.);
#9631=ADVANCED_FACE('',(#789),#356,.T.);
#9632=ADVANCED_FACE('',(#790),#357,.T.);
#9633=ADVANCED_FACE('',(#791),#358,.T.);
#9634=ADVANCED_FACE('',(#792),#359,.T.);
#9635=ADVANCED_FACE('',(#793),#360,.F.);
#9636=ADVANCED_FACE('',(#794),#9214,.F.);
#9637=ADVANCED_FACE('',(#795),#361,.F.);
#9638=ADVANCED_FACE('',(#796),#9215,.F.);
#9639=ADVANCED_FACE('',(#797),#362,.F.);
#9640=ADVANCED_FACE('',(#798),#9216,.F.);
#9641=ADVANCED_FACE('',(#799),#9217,.F.);
#9642=ADVANCED_FACE('',(#800),#9218,.F.);
#9643=ADVANCED_FACE('',(#801),#363,.F.);
#9644=ADVANCED_FACE('',(#802),#9219,.F.);
#9645=ADVANCED_FACE('',(#803),#9220,.F.);
#9646=ADVANCED_FACE('',(#804),#364,.F.);
#9647=ADVANCED_FACE('',(#805),#9221,.F.);
#9648=ADVANCED_FACE('',(#806),#9222,.F.);
#9649=ADVANCED_FACE('',(#807),#365,.F.);
#9650=ADVANCED_FACE('',(#808),#366,.F.);
#9651=ADVANCED_FACE('',(#809),#9223,.F.);
#9652=ADVANCED_FACE('',(#810),#9224,.F.);
#9653=ADVANCED_FACE('',(#811),#367,.F.);
#9654=ADVANCED_FACE('',(#812),#9225,.F.);
#9655=ADVANCED_FACE('',(#813),#368,.F.);
#9656=ADVANCED_FACE('',(#814),#9226,.F.);
#9657=ADVANCED_FACE('',(#815),#9227,.F.);
#9658=ADVANCED_FACE('',(#816),#9228,.F.);
#9659=ADVANCED_FACE('',(#817),#9229,.F.);
#9660=ADVANCED_FACE('',(#818),#369,.F.);
#9661=ADVANCED_FACE('',(#819),#9230,.F.);
#9662=ADVANCED_FACE('',(#820),#370,.F.);
#9663=ADVANCED_FACE('',(#821),#9231,.F.);
#9664=ADVANCED_FACE('',(#822),#9232,.F.);
#9665=ADVANCED_FACE('',(#823),#9233,.F.);
#9666=ADVANCED_FACE('',(#824),#371,.F.);
#9667=ADVANCED_FACE('',(#825),#9234,.F.);
#9668=ADVANCED_FACE('',(#826),#372,.F.);
#9669=ADVANCED_FACE('',(#827),#9235,.F.);
#9670=ADVANCED_FACE('',(#828),#9236,.F.);
#9671=ADVANCED_FACE('',(#829),#9237,.F.);
#9672=ADVANCED_FACE('',(#830),#373,.F.);
#9673=ADVANCED_FACE('',(#831),#9238,.F.);
#9674=ADVANCED_FACE('',(#832),#374,.F.);
#9675=ADVANCED_FACE('',(#833),#9239,.F.);
#9676=ADVANCED_FACE('',(#834),#9240,.F.);
#9677=ADVANCED_FACE('',(#835),#9241,.F.);
#9678=ADVANCED_FACE('',(#836),#375,.F.);
#9679=ADVANCED_FACE('',(#837),#9242,.F.);
#9680=ADVANCED_FACE('',(#838),#376,.F.);
#9681=ADVANCED_FACE('',(#839),#9243,.F.);
#9682=ADVANCED_FACE('',(#840),#9244,.F.);
#9683=ADVANCED_FACE('',(#841),#377,.F.);
#9684=ADVANCED_FACE('',(#842),#9245,.F.);
#9685=ADVANCED_FACE('',(#843),#378,.F.);
#9686=ADVANCED_FACE('',(#844),#379,.F.);
#9687=ADVANCED_FACE('',(#845),#380,.F.);
#9688=ADVANCED_FACE('',(#846),#381,.F.);
#9689=ADVANCED_FACE('',(#847),#382,.F.);
#9690=ADVANCED_FACE('',(#848),#383,.F.);
#9691=ADVANCED_FACE('',(#849),#384,.F.);
#9692=ADVANCED_FACE('',(#850),#385,.F.);
#9693=ADVANCED_FACE('',(#851),#386,.F.);
#9694=ADVANCED_FACE('',(#852),#9246,.F.);
#9695=ADVANCED_FACE('',(#853),#387,.F.);
#9696=ADVANCED_FACE('',(#854),#388,.F.);
#9697=ADVANCED_FACE('',(#855),#389,.F.);
#9698=ADVANCED_FACE('',(#856),#390,.F.);
#9699=ADVANCED_FACE('',(#857),#391,.F.);
#9700=ADVANCED_FACE('',(#858),#392,.F.);
#9701=ADVANCED_FACE('',(#859),#393,.F.);
#9702=ADVANCED_FACE('',(#860),#394,.F.);
#9703=ADVANCED_FACE('',(#861),#9247,.F.);
#9704=ADVANCED_FACE('',(#862),#9248,.F.);
#9705=ADVANCED_FACE('',(#863),#9249,.F.);
#9706=ADVANCED_FACE('',(#864),#395,.T.);
#9707=ADVANCED_FACE('',(#865),#9250,.T.);
#9708=ADVANCED_FACE('',(#866),#396,.T.);
#9709=ADVANCED_FACE('',(#867),#397,.T.);
#9710=ADVANCED_FACE('',(#868),#9251,.T.);
#9711=ADVANCED_FACE('',(#869,#174,#175,#176),#398,.T.);
#9712=ADVANCED_FACE('',(#870),#9252,.T.);
#9713=ADVANCED_FACE('',(#871),#399,.F.);
#9714=ADVANCED_FACE('',(#872),#9253,.T.);
#9715=ADVANCED_FACE('',(#873),#9254,.T.);
#9716=ADVANCED_FACE('',(#874),#400,.F.);
#9717=ADVANCED_FACE('',(#875),#401,.T.);
#9718=ADVANCED_FACE('',(#876),#9255,.T.);
#9719=ADVANCED_FACE('',(#877),#9256,.T.);
#9720=ADVANCED_FACE('',(#878),#9257,.T.);
#9721=ADVANCED_FACE('',(#879),#402,.T.);
#9722=ADVANCED_FACE('',(#880),#9258,.F.);
#9723=ADVANCED_FACE('',(#881),#403,.T.);
#9724=ADVANCED_FACE('',(#882),#9259,.F.);
#9725=ADVANCED_FACE('',(#883),#9260,.F.);
#9726=ADVANCED_FACE('',(#884),#404,.F.);
#9727=ADVANCED_FACE('',(#885),#9261,.F.);
#9728=ADVANCED_FACE('',(#886),#405,.F.);
#9729=ADVANCED_FACE('',(#887),#9262,.T.);
#9730=ADVANCED_FACE('',(#888),#406,.F.);
#9731=ADVANCED_FACE('',(#889),#9263,.T.);
#9732=ADVANCED_FACE('',(#890),#407,.F.);
#9733=ADVANCED_FACE('',(#891),#408,.F.);
#9734=ADVANCED_FACE('',(#892),#409,.F.);
#9735=ADVANCED_FACE('',(#893),#410,.F.);
#9736=ADVANCED_FACE('',(#894),#411,.F.);
#9737=ADVANCED_FACE('',(#895),#412,.F.);
#9738=ADVANCED_FACE('',(#896),#413,.F.);
#9739=ADVANCED_FACE('',(#897),#414,.F.);
#9740=ADVANCED_FACE('',(#898),#415,.F.);
#9741=ADVANCED_FACE('',(#899,#177,#178,#179),#416,.F.);
#9742=ADVANCED_FACE('',(#900),#417,.T.);
#9743=ADVANCED_FACE('',(#901),#418,.T.);
#9744=ADVANCED_FACE('',(#902),#419,.T.);
#9745=ADVANCED_FACE('',(#903),#420,.T.);
#9746=ADVANCED_FACE('',(#904,#180,#181,#182,#183,#184,#185,#186,#187,#188,
#189,#190,#191,#192,#193,#194,#195,#196,#197,#198),#421,.T.);
#9747=CLOSED_SHELL('',(#9264,#9265,#9266,#9267,#9268,#9269,#9270,#9271,
#9272,#9273,#9274,#9275,#9276,#9277,#9278,#9279,#9280,#9281,#9282,#9283,
#9284,#9285,#9286,#9287,#9288,#9289,#9290,#9291,#9292,#9293,#9294,#9295,
#9296,#9297,#9298,#9299,#9300,#9301,#9302,#9303,#9304,#9305,#9306,#9307,
#9308,#9309,#9310,#9311,#9312,#9313,#9314,#9315,#9316,#9317,#9318,#9319,
#9320,#9321,#9322,#9323,#9324,#9325,#9326,#9327,#9328,#9329,#9330,#9331,
#9332,#9333,#9334,#9335,#9336,#9337,#9338,#9339,#9340,#9341,#9342,#9343,
#9344,#9345,#9346,#9347,#9348,#9349,#9350,#9351,#9352,#9353,#9354,#9355,
#9356,#9357,#9358,#9359,#9360,#9361,#9362,#9363,#9364,#9365,#9366,#9367,
#9368,#9369,#9370,#9371,#9372,#9373,#9374,#9375,#9376,#9377,#9378,#9379,
#9380,#9381,#9382,#9383,#9384,#9385,#9386,#9387,#9388,#9389,#9390,#9391,
#9392,#9393,#9394,#9395,#9396,#9397,#9398,#9399));
#9748=CLOSED_SHELL('',(#9400,#9401,#9402,#9403,#9404,#9405,#9406,#9407,
#9408,#9409,#9410,#9411,#9412,#9413,#9414,#9415,#9416,#9417,#9418,#9419,
#9420,#9421,#9422,#9423,#9424,#9425,#9426,#9427,#9428,#9429,#9430,#9431,
#9432,#9433,#9434,#9435,#9436,#9437,#9438,#9439,#9440,#9441,#9442,#9443,
#9444,#9445,#9446,#9447,#9448,#9449,#9450,#9451,#9452,#9453,#9454,#9455,
#9456,#9457,#9458,#9459,#9460,#9461,#9462,#9463,#9464,#9465,#9466,#9467,
#9468,#9469,#9470,#9471,#9472,#9473,#9474,#9475,#9476,#9477,#9478,#9479,
#9480,#9481,#9482,#9483,#9484,#9485,#9486,#9487,#9488,#9489,#9490,#9491,
#9492,#9493,#9494,#9495,#9496,#9497,#9498,#9499,#9500,#9501,#9502,#9503,
#9504,#9505,#9506,#9507,#9508,#9509,#9510,#9511,#9512,#9513,#9514,#9515,
#9516,#9517,#9518,#9519,#9520,#9521,#9522,#9523,#9524,#9525,#9526,#9527,
#9528,#9529,#9530,#9531,#9532,#9533,#9534,#9535,#9536,#9537,#9538,#9539,
#9540,#9541,#9542,#9543,#9544,#9545,#9546,#9547,#9548,#9549,#9550,#9551,
#9552));
#9749=CLOSED_SHELL('',(#9553,#9554,#9555,#9556,#9557,#9558,#9559,#9560,
#9561,#9562,#9563,#9564,#9565,#9566,#9567,#9568,#9569,#9570,#9571,#9572,
#9573,#9574,#9575,#9576,#9577,#9578));
#9750=CLOSED_SHELL('',(#9579,#9580,#9581,#9582,#9583,#9584,#9585,#9586,
#9587,#9588,#9589,#9590,#9591,#9592,#9593,#9594,#9595,#9596,#9597,#9598,
#9599,#9600,#9601));
#9751=CLOSED_SHELL('',(#9602,#9603,#9604,#9605,#9606,#9607,#9608,#9609,
#9610,#9611,#9612,#9613,#9614,#9615,#9616,#9617,#9618,#9619,#9620,#9621,
#9622,#9623,#9624,#9625,#9626,#9627,#9628,#9629,#9630,#9631,#9632,#9633,
#9634,#9635,#9636,#9637,#9638,#9639,#9640,#9641,#9642,#9643,#9644,#9645,
#9646,#9647,#9648,#9649,#9650,#9651,#9652,#9653,#9654,#9655,#9656,#9657,
#9658,#9659,#9660,#9661,#9662,#9663,#9664,#9665,#9666,#9667,#9668,#9669,
#9670,#9671,#9672,#9673,#9674,#9675,#9676,#9677,#9678,#9679,#9680,#9681,
#9682,#9683,#9684,#9685,#9686,#9687,#9688,#9689,#9690,#9691,#9692,#9693,
#9694,#9695,#9696,#9697,#9698,#9699,#9700,#9701,#9702,#9703,#9704,#9705,
#9706,#9707,#9708,#9709,#9710,#9711,#9712,#9713,#9714,#9715,#9716,#9717,
#9718,#9719,#9720,#9721,#9722,#9723,#9724,#9725,#9726,#9727,#9728,#9729,
#9730,#9731,#9732,#9733,#9734,#9735,#9736,#9737,#9738,#9739,#9740,#9741,
#9742,#9743,#9744,#9745,#9746));
#9752=DERIVED_UNIT_ELEMENT(#9754,1.);
#9753=DERIVED_UNIT_ELEMENT(#16749,-3.);
#9754=(
CONVERSION_BASED_UNIT('gram',#9756)
MASS_UNIT()
NAMED_UNIT(#16746)
);
#9755=(
MASS_UNIT()
NAMED_UNIT(*)
SI_UNIT(.KILO.,.GRAM.)
);
#9756=MASS_MEASURE_WITH_UNIT(MASS_MEASURE(0.001),#9755);
#9757=DERIVED_UNIT((#9752,#9753));
#9758=MEASURE_REPRESENTATION_ITEM('density measure',
POSITIVE_RATIO_MEASURE(1.),#9757);
#9759=PROPERTY_DEFINITION_REPRESENTATION(#9764,#9761);
#9760=PROPERTY_DEFINITION_REPRESENTATION(#9765,#9762);
#9761=REPRESENTATION('material name',(#9763),#16743);
#9762=REPRESENTATION('density',(#9758),#16743);
#9763=DESCRIPTIVE_REPRESENTATION_ITEM('Generic','Generic');
#9764=PROPERTY_DEFINITION('material property','material name',#16757);
#9765=PROPERTY_DEFINITION('material property','density of part',#16757);
#9766=DATE_TIME_ROLE('creation_date');
#9767=APPLIED_DATE_AND_TIME_ASSIGNMENT(#9768,#9766,(#16757));
#9768=DATE_AND_TIME(#9769,#9770);
#9769=CALENDAR_DATE(2025,19,4);
#9770=LOCAL_TIME(0,0,0.,#9771);
#9771=COORDINATED_UNIVERSAL_TIME_OFFSET(0,0,.BEHIND.);
#9772=AXIS2_PLACEMENT_3D('',#13603,#10752,#10753);
#9773=AXIS2_PLACEMENT_3D('',#13604,#10754,#10755);
#9774=AXIS2_PLACEMENT_3D('',#13637,#10757,#10758);
#9775=AXIS2_PLACEMENT_3D('',#13641,#10760,#10761);
#9776=AXIS2_PLACEMENT_3D('',#13648,#10763,#10764);
#9777=AXIS2_PLACEMENT_3D('',#13650,#10765,#10766);
#9778=AXIS2_PLACEMENT_3D('',#13651,#10767,#10768);
#9779=AXIS2_PLACEMENT_3D('',#13653,#10769,#10770);
#9780=AXIS2_PLACEMENT_3D('',#13654,#10771,#10772);
#9781=AXIS2_PLACEMENT_3D('',#13655,#10773,#10774);
#9782=AXIS2_PLACEMENT_3D('',#13666,#10779,#10780);
#9783=AXIS2_PLACEMENT_3D('',#13670,#10782,#10783);
#9784=AXIS2_PLACEMENT_3D('',#13674,#10785,#10786);
#9785=AXIS2_PLACEMENT_3D('',#13678,#10788,#10789);
#9786=AXIS2_PLACEMENT_3D('',#13682,#10791,#10792);
#9787=AXIS2_PLACEMENT_3D('',#13686,#10794,#10795);
#9788=AXIS2_PLACEMENT_3D('',#13698,#10801,#10802);
#9789=AXIS2_PLACEMENT_3D('',#13702,#10804,#10805);
#9790=AXIS2_PLACEMENT_3D('',#13706,#10807,#10808);
#9791=AXIS2_PLACEMENT_3D('',#13710,#10810,#10811);
#9792=AXIS2_PLACEMENT_3D('',#13714,#10813,#10814);
#9793=AXIS2_PLACEMENT_3D('',#13718,#10816,#10817);
#9794=AXIS2_PLACEMENT_3D('',#13730,#10823,#10824);
#9795=AXIS2_PLACEMENT_3D('',#13734,#10826,#10827);
#9796=AXIS2_PLACEMENT_3D('',#13738,#10829,#10830);
#9797=AXIS2_PLACEMENT_3D('',#13742,#10832,#10833);
#9798=AXIS2_PLACEMENT_3D('',#13746,#10835,#10836);
#9799=AXIS2_PLACEMENT_3D('',#13750,#10838,#10839);
#9800=AXIS2_PLACEMENT_3D('',#13762,#10845,#10846);
#9801=AXIS2_PLACEMENT_3D('',#13766,#10848,#10849);
#9802=AXIS2_PLACEMENT_3D('',#13770,#10851,#10852);
#9803=AXIS2_PLACEMENT_3D('',#13774,#10854,#10855);
#9804=AXIS2_PLACEMENT_3D('',#13778,#10857,#10858);
#9805=AXIS2_PLACEMENT_3D('',#13782,#10860,#10861);
#9806=AXIS2_PLACEMENT_3D('',#13801,#10871,#10872);
#9807=AXIS2_PLACEMENT_3D('',#13808,#10876,#10877);
#9808=AXIS2_PLACEMENT_3D('',#13810,#10878,#10879);
#9809=AXIS2_PLACEMENT_3D('',#13812,#10880,#10881);
#9810=AXIS2_PLACEMENT_3D('',#13814,#10882,#10883);
#9811=AXIS2_PLACEMENT_3D('',#13816,#10884,#10885);
#9812=AXIS2_PLACEMENT_3D('',#13818,#10886,#10887);
#9813=AXIS2_PLACEMENT_3D('',#13820,#10888,#10889);
#9814=AXIS2_PLACEMENT_3D('',#13822,#10890,#10891);
#9815=AXIS2_PLACEMENT_3D('',#13847,#10904,#10905);
#9816=AXIS2_PLACEMENT_3D('',#13879,#10907,#10908);
#9817=AXIS2_PLACEMENT_3D('',#13881,#10909,#10910);
#9818=AXIS2_PLACEMENT_3D('',#13888,#10912,#10913);
#9819=AXIS2_PLACEMENT_3D('',#13920,#10915,#10916);
#9820=AXIS2_PLACEMENT_3D('',#13922,#10917,#10918);
#9821=AXIS2_PLACEMENT_3D('',#13929,#10920,#10921);
#9822=AXIS2_PLACEMENT_3D('',#13961,#10923,#10924);
#9823=AXIS2_PLACEMENT_3D('',#13963,#10925,#10926);
#9824=AXIS2_PLACEMENT_3D('',#13970,#10928,#10929);
#9825=AXIS2_PLACEMENT_3D('',#14002,#10931,#10932);
#9826=AXIS2_PLACEMENT_3D('',#14004,#10933,#10934);
#9827=AXIS2_PLACEMENT_3D('',#14011,#10936,#10937);
#9828=AXIS2_PLACEMENT_3D('',#14014,#10938,#10939);
#9829=AXIS2_PLACEMENT_3D('',#14016,#10941,#10942);
#9830=AXIS2_PLACEMENT_3D('',#14018,#10944,#10945);
#9831=AXIS2_PLACEMENT_3D('',#14019,#10946,#10947);
#9832=AXIS2_PLACEMENT_3D('',#14020,#10948,#10949);
#9833=AXIS2_PLACEMENT_3D('',#14021,#10950,#10951);
#9834=AXIS2_PLACEMENT_3D('',#14023,#10952,#10953);
#9835=AXIS2_PLACEMENT_3D('',#14024,#10954,#10955);
#9836=AXIS2_PLACEMENT_3D('',#14025,#10956,#10957);
#9837=AXIS2_PLACEMENT_3D('',#14026,#10958,#10959);
#9838=AXIS2_PLACEMENT_3D('',#14030,#10961,#10962);
#9839=AXIS2_PLACEMENT_3D('',#14032,#10964,#10965);
#9840=AXIS2_PLACEMENT_3D('',#14033,#10966,#10967);
#9841=AXIS2_PLACEMENT_3D('',#14034,#10968,#10969);
#9842=AXIS2_PLACEMENT_3D('',#14036,#10970,#10971);
#9843=AXIS2_PLACEMENT_3D('',#14037,#10972,#10973);
#9844=AXIS2_PLACEMENT_3D('',#14038,#10974,#10975);
#9845=AXIS2_PLACEMENT_3D('',#14039,#10976,#10977);
#9846=AXIS2_PLACEMENT_3D('',#14040,#10978,#10979);
#9847=AXIS2_PLACEMENT_3D('',#14042,#10980,#10981);
#9848=AXIS2_PLACEMENT_3D('',#14044,#10983,#10984);
#9849=AXIS2_PLACEMENT_3D('',#14046,#10985,#10986);
#9850=AXIS2_PLACEMENT_3D('',#14049,#10988,#10989);
#9851=AXIS2_PLACEMENT_3D('',#14050,#10990,#10991);
#9852=AXIS2_PLACEMENT_3D('',#14052,#10992,#10993);
#9853=AXIS2_PLACEMENT_3D('',#14053,#10994,#10995);
#9854=AXIS2_PLACEMENT_3D('',#14055,#10996,#10997);
#9855=AXIS2_PLACEMENT_3D('',#14056,#10998,#10999);
#9856=AXIS2_PLACEMENT_3D('',#14058,#11001,#11002);
#9857=AXIS2_PLACEMENT_3D('',#14059,#11003,#11004);
#9858=AXIS2_PLACEMENT_3D('',#14060,#11005,#11006);
#9859=AXIS2_PLACEMENT_3D('',#14062,#11007,#11008);
#9860=AXIS2_PLACEMENT_3D('',#14064,#11010,#11011);
#9861=AXIS2_PLACEMENT_3D('',#14066,#11012,#11013);
#9862=AXIS2_PLACEMENT_3D('',#14069,#11015,#11016);
#9863=AXIS2_PLACEMENT_3D('',#14070,#11017,#11018);
#9864=AXIS2_PLACEMENT_3D('',#14072,#11019,#11020);
#9865=AXIS2_PLACEMENT_3D('',#14073,#11021,#11022);
#9866=AXIS2_PLACEMENT_3D('',#14075,#11023,#11024);
#9867=AXIS2_PLACEMENT_3D('',#14076,#11025,#11026);
#9868=AXIS2_PLACEMENT_3D('',#14078,#11028,#11029);
#9869=AXIS2_PLACEMENT_3D('',#14079,#11030,#11031);
#9870=AXIS2_PLACEMENT_3D('',#14080,#11032,#11033);
#9871=AXIS2_PLACEMENT_3D('',#14082,#11034,#11035);
#9872=AXIS2_PLACEMENT_3D('',#14084,#11037,#11038);
#9873=AXIS2_PLACEMENT_3D('',#14086,#11039,#11040);
#9874=AXIS2_PLACEMENT_3D('',#14088,#11042,#11043);
#9875=AXIS2_PLACEMENT_3D('',#14090,#11044,#11045);
#9876=AXIS2_PLACEMENT_3D('',#14092,#11047,#11048);
#9877=AXIS2_PLACEMENT_3D('',#14094,#11050,#11051);
#9878=AXIS2_PLACEMENT_3D('',#14097,#11053,#11054);
#9879=AXIS2_PLACEMENT_3D('',#14098,#11055,#11056);
#9880=AXIS2_PLACEMENT_3D('',#14099,#11057,#11058);
#9881=AXIS2_PLACEMENT_3D('',#14101,#11059,#11060);
#9882=AXIS2_PLACEMENT_3D('',#14103,#11062,#11063);
#9883=AXIS2_PLACEMENT_3D('',#14106,#11065,#11066);
#9884=AXIS2_PLACEMENT_3D('',#14107,#11067,#11068);
#9885=AXIS2_PLACEMENT_3D('',#14108,#11069,#11070);
#9886=AXIS2_PLACEMENT_3D('',#14111,#11072,#11073);
#9887=AXIS2_PLACEMENT_3D('',#14112,#11074,#11075);
#9888=AXIS2_PLACEMENT_3D('',#14113,#11076,#11077);
#9889=AXIS2_PLACEMENT_3D('',#14115,#11078,#11079);
#9890=AXIS2_PLACEMENT_3D('',#14117,#11081,#11082);
#9891=AXIS2_PLACEMENT_3D('',#14118,#11083,#11084);
#9892=AXIS2_PLACEMENT_3D('',#14119,#11085,#11086);
#9893=AXIS2_PLACEMENT_3D('',#14120,#11087,#11088);
#9894=AXIS2_PLACEMENT_3D('',#14121,#11089,#11090);
#9895=AXIS2_PLACEMENT_3D('',#14122,#11091,#11092);
#9896=AXIS2_PLACEMENT_3D('',#14146,#11099,#11100);
#9897=AXIS2_PLACEMENT_3D('',#14151,#11102,#11103);
#9898=AXIS2_PLACEMENT_3D('',#14153,#11104,#11105);
#9899=AXIS2_PLACEMENT_3D('',#14159,#11108,#11109);
#9900=AXIS2_PLACEMENT_3D('',#14161,#11110,#11111);
#9901=AXIS2_PLACEMENT_3D('',#14165,#11113,#11114);
#9902=AXIS2_PLACEMENT_3D('',#14167,#11115,#11116);
#9903=AXIS2_PLACEMENT_3D('',#14171,#11118,#11119);
#9904=AXIS2_PLACEMENT_3D('',#14173,#11120,#11121);
#9905=AXIS2_PLACEMENT_3D('',#14176,#11123,#11124);
#9906=AXIS2_PLACEMENT_3D('',#14177,#11125,#11126);
#9907=AXIS2_PLACEMENT_3D('',#14179,#11127,#11128);
#9908=AXIS2_PLACEMENT_3D('',#14180,#11129,#11130);
#9909=AXIS2_PLACEMENT_3D('',#14182,#11131,#11132);
#9910=AXIS2_PLACEMENT_3D('',#14183,#11133,#11134);
#9911=AXIS2_PLACEMENT_3D('',#14189,#11137,#11138);
#9912=AXIS2_PLACEMENT_3D('',#14191,#11139,#11140);
#9913=AXIS2_PLACEMENT_3D('',#14195,#11142,#11143);
#9914=AXIS2_PLACEMENT_3D('',#14196,#11144,#11145);
#9915=AXIS2_PLACEMENT_3D('',#14197,#11146,#11147);
#9916=AXIS2_PLACEMENT_3D('',#14199,#11148,#11149);
#9917=AXIS2_PLACEMENT_3D('',#14202,#11151,#11152);
#9918=AXIS2_PLACEMENT_3D('',#14204,#11153,#11154);
#9919=AXIS2_PLACEMENT_3D('',#14206,#11156,#11157);
#9920=AXIS2_PLACEMENT_3D('',#14208,#11158,#11159);
#9921=AXIS2_PLACEMENT_3D('',#14211,#11161,#11162);
#9922=AXIS2_PLACEMENT_3D('',#14213,#11163,#11164);
#9923=AXIS2_PLACEMENT_3D('',#14215,#11166,#11167);
#9924=AXIS2_PLACEMENT_3D('',#14217,#11168,#11169);
#9925=AXIS2_PLACEMENT_3D('',#14220,#11171,#11172);
#9926=AXIS2_PLACEMENT_3D('',#14222,#11173,#11174);
#9927=AXIS2_PLACEMENT_3D('',#14224,#11176,#11177);
#9928=AXIS2_PLACEMENT_3D('',#14226,#11178,#11179);
#9929=AXIS2_PLACEMENT_3D('',#14229,#11181,#11182);
#9930=AXIS2_PLACEMENT_3D('',#14231,#11183,#11184);
#9931=AXIS2_PLACEMENT_3D('',#14233,#11186,#11187);
#9932=AXIS2_PLACEMENT_3D('',#14235,#11188,#11189);
#9933=AXIS2_PLACEMENT_3D('',#14238,#11191,#11192);
#9934=AXIS2_PLACEMENT_3D('',#14240,#11193,#11194);
#9935=AXIS2_PLACEMENT_3D('',#14242,#11196,#11197);
#9936=AXIS2_PLACEMENT_3D('',#14245,#11199,#11200);
#9937=AXIS2_PLACEMENT_3D('',#14246,#11201,#11202);
#9938=AXIS2_PLACEMENT_3D('',#14248,#11204,#11205);
#9939=AXIS2_PLACEMENT_3D('',#14251,#11207,#11208);
#9940=AXIS2_PLACEMENT_3D('',#14252,#11209,#11210);
#9941=AXIS2_PLACEMENT_3D('',#14254,#11212,#11213);
#9942=AXIS2_PLACEMENT_3D('',#14257,#11215,#11216);
#9943=AXIS2_PLACEMENT_3D('',#14258,#11217,#11218);
#9944=AXIS2_PLACEMENT_3D('',#14260,#11220,#11221);
#9945=AXIS2_PLACEMENT_3D('',#14266,#11223,#11224);
#9946=AXIS2_PLACEMENT_3D('',#14267,#11225,#11226);
#9947=AXIS2_PLACEMENT_3D('',#14269,#11228,#11229);
#9948=AXIS2_PLACEMENT_3D('',#14275,#11231,#11232);
#9949=AXIS2_PLACEMENT_3D('',#14276,#11233,#11234);
#9950=AXIS2_PLACEMENT_3D('',#14278,#11236,#11237);
#9951=AXIS2_PLACEMENT_3D('',#14283,#11239,#11240);
#9952=AXIS2_PLACEMENT_3D('',#14289,#11242,#11243);
#9953=AXIS2_PLACEMENT_3D('',#14290,#11244,#11245);
#9954=AXIS2_PLACEMENT_3D('',#14292,#11247,#11248);
#9955=AXIS2_PLACEMENT_3D('',#14298,#11250,#11251);
#9956=AXIS2_PLACEMENT_3D('',#14299,#11252,#11253);
#9957=AXIS2_PLACEMENT_3D('',#14301,#11255,#11256);
#9958=AXIS2_PLACEMENT_3D('',#14307,#11258,#11259);
#9959=AXIS2_PLACEMENT_3D('',#14308,#11260,#11261);
#9960=AXIS2_PLACEMENT_3D('',#14310,#11263,#11264);
#9961=AXIS2_PLACEMENT_3D('',#14312,#11266,#11267);
#9962=AXIS2_PLACEMENT_3D('',#14315,#11269,#11270);
#9963=AXIS2_PLACEMENT_3D('',#14316,#11271,#11272);
#9964=AXIS2_PLACEMENT_3D('',#14318,#11274,#11275);
#9965=AXIS2_PLACEMENT_3D('',#14321,#11276,#11277);
#9966=AXIS2_PLACEMENT_3D('',#14324,#11280,#11281);
#9967=AXIS2_PLACEMENT_3D('',#14328,#11284,#11285);
#9968=AXIS2_PLACEMENT_3D('',#14332,#11287,#11288);
#9969=AXIS2_PLACEMENT_3D('',#14336,#11290,#11291);
#9970=AXIS2_PLACEMENT_3D('',#14340,#11294,#11295);
#9971=AXIS2_PLACEMENT_3D('',#14343,#11296,#11297);
#9972=AXIS2_PLACEMENT_3D('',#14346,#11300,#11301);
#9973=AXIS2_PLACEMENT_3D('',#14350,#11304,#11305);
#9974=AXIS2_PLACEMENT_3D('',#14358,#11309,#11310);
#9975=AXIS2_PLACEMENT_3D('',#14361,#11312,#11313);
#9976=AXIS2_PLACEMENT_3D('',#14362,#11314,#11315);
#9977=AXIS2_PLACEMENT_3D('',#14365,#11318,#11319);
#9978=AXIS2_PLACEMENT_3D('',#14367,#11321,#11322);
#9979=AXIS2_PLACEMENT_3D('',#14369,#11324,#11325);
#9980=AXIS2_PLACEMENT_3D('',#14371,#11327,#11328);
#9981=AXIS2_PLACEMENT_3D('',#14373,#11330,#11331);
#9982=AXIS2_PLACEMENT_3D('',#14375,#11333,#11334);
#9983=AXIS2_PLACEMENT_3D('',#14378,#11335,#11336);
#9984=AXIS2_PLACEMENT_3D('',#14381,#11339,#11340);
#9985=AXIS2_PLACEMENT_3D('',#14385,#11343,#11344);
#9986=AXIS2_PLACEMENT_3D('',#14389,#11346,#11347);
#9987=AXIS2_PLACEMENT_3D('',#14393,#11349,#11350);
#9988=AXIS2_PLACEMENT_3D('',#14397,#11353,#11354);
#9989=AXIS2_PLACEMENT_3D('',#14400,#11355,#11356);
#9990=AXIS2_PLACEMENT_3D('',#14403,#11359,#11360);
#9991=AXIS2_PLACEMENT_3D('',#14407,#11363,#11364);
#9992=AXIS2_PLACEMENT_3D('',#14415,#11368,#11369);
#9993=AXIS2_PLACEMENT_3D('',#14418,#11371,#11372);
#9994=AXIS2_PLACEMENT_3D('',#14419,#11373,#11374);
#9995=AXIS2_PLACEMENT_3D('',#14422,#11377,#11378);
#9996=AXIS2_PLACEMENT_3D('',#14424,#11380,#11381);
#9997=AXIS2_PLACEMENT_3D('',#14426,#11383,#11384);
#9998=AXIS2_PLACEMENT_3D('',#14428,#11386,#11387);
#9999=AXIS2_PLACEMENT_3D('',#14430,#11389,#11390);
#10000=AXIS2_PLACEMENT_3D('',#14432,#11392,#11393);
#10001=AXIS2_PLACEMENT_3D('',#14435,#11394,#11395);
#10002=AXIS2_PLACEMENT_3D('',#14438,#11398,#11399);
#10003=AXIS2_PLACEMENT_3D('',#14442,#11402,#11403);
#10004=AXIS2_PLACEMENT_3D('',#14446,#11405,#11406);
#10005=AXIS2_PLACEMENT_3D('',#14450,#11408,#11409);
#10006=AXIS2_PLACEMENT_3D('',#14454,#11412,#11413);
#10007=AXIS2_PLACEMENT_3D('',#14457,#11414,#11415);
#10008=AXIS2_PLACEMENT_3D('',#14460,#11418,#11419);
#10009=AXIS2_PLACEMENT_3D('',#14464,#11422,#11423);
#10010=AXIS2_PLACEMENT_3D('',#14472,#11427,#11428);
#10011=AXIS2_PLACEMENT_3D('',#14475,#11430,#11431);
#10012=AXIS2_PLACEMENT_3D('',#14476,#11432,#11433);
#10013=AXIS2_PLACEMENT_3D('',#14479,#11436,#11437);
#10014=AXIS2_PLACEMENT_3D('',#14481,#11439,#11440);
#10015=AXIS2_PLACEMENT_3D('',#14483,#11442,#11443);
#10016=AXIS2_PLACEMENT_3D('',#14485,#11445,#11446);
#10017=AXIS2_PLACEMENT_3D('',#14487,#11448,#11449);
#10018=AXIS2_PLACEMENT_3D('',#14489,#11451,#11452);
#10019=AXIS2_PLACEMENT_3D('',#14492,#11455,#11456);
#10020=AXIS2_PLACEMENT_3D('',#14494,#11458,#11459);
#10021=AXIS2_PLACEMENT_3D('',#14497,#11462,#11463);
#10022=AXIS2_PLACEMENT_3D('',#14499,#11465,#11466);
#10023=AXIS2_PLACEMENT_3D('',#14502,#11469,#11470);
#10024=AXIS2_PLACEMENT_3D('',#14504,#11472,#11473);
#10025=AXIS2_PLACEMENT_3D('',#14505,#11474,#11475);
#10026=AXIS2_PLACEMENT_3D('',#14506,#11476,#11477);
#10027=AXIS2_PLACEMENT_3D('',#14507,#11478,#11479);
#10028=AXIS2_PLACEMENT_3D('',#14508,#11480,#11481);
#10029=AXIS2_PLACEMENT_3D('',#14509,#11482,#11483);
#10030=AXIS2_PLACEMENT_3D('',#14510,#11484,#11485);
#10031=AXIS2_PLACEMENT_3D('',#14513,#11486,#11487);
#10032=AXIS2_PLACEMENT_3D('',#14516,#11490,#11491);
#10033=AXIS2_PLACEMENT_3D('',#14520,#11494,#11495);
#10034=AXIS2_PLACEMENT_3D('',#14524,#11497,#11498);
#10035=AXIS2_PLACEMENT_3D('',#14528,#11500,#11501);
#10036=AXIS2_PLACEMENT_3D('',#14532,#11504,#11505);
#10037=AXIS2_PLACEMENT_3D('',#14535,#11506,#11507);
#10038=AXIS2_PLACEMENT_3D('',#14538,#11510,#11511);
#10039=AXIS2_PLACEMENT_3D('',#14542,#11514,#11515);
#10040=AXIS2_PLACEMENT_3D('',#14550,#11519,#11520);
#10041=AXIS2_PLACEMENT_3D('',#14553,#11522,#11523);
#10042=AXIS2_PLACEMENT_3D('',#14554,#11524,#11525);
#10043=AXIS2_PLACEMENT_3D('',#14557,#11528,#11529);
#10044=AXIS2_PLACEMENT_3D('',#14559,#11531,#11532);
#10045=AXIS2_PLACEMENT_3D('',#14561,#11534,#11535);
#10046=AXIS2_PLACEMENT_3D('',#14563,#11537,#11538);
#10047=AXIS2_PLACEMENT_3D('',#14565,#11540,#11541);
#10048=AXIS2_PLACEMENT_3D('',#14567,#11543,#11544);
#10049=AXIS2_PLACEMENT_3D('',#14570,#11547,#11548);
#10050=AXIS2_PLACEMENT_3D('',#14572,#11550,#11551);
#10051=AXIS2_PLACEMENT_3D('',#14573,#11552,#11553);
#10052=AXIS2_PLACEMENT_3D('',#14574,#11554,#11555);
#10053=AXIS2_PLACEMENT_3D('',#14575,#11556,#11557);
#10054=AXIS2_PLACEMENT_3D('',#14591,#11559,#11560);
#10055=AXIS2_PLACEMENT_3D('',#14595,#11562,#11563);
#10056=AXIS2_PLACEMENT_3D('',#14608,#11565,#11566);
#10057=AXIS2_PLACEMENT_3D('',#14619,#11571,#11572);
#10058=AXIS2_PLACEMENT_3D('',#14623,#11574,#11575);
#10059=AXIS2_PLACEMENT_3D('',#14627,#11577,#11578);
#10060=AXIS2_PLACEMENT_3D('',#14631,#11580,#11581);
#10061=AXIS2_PLACEMENT_3D('',#14635,#11583,#11584);
#10062=AXIS2_PLACEMENT_3D('',#14639,#11586,#11587);
#10063=AXIS2_PLACEMENT_3D('',#14651,#11593,#11594);
#10064=AXIS2_PLACEMENT_3D('',#14655,#11596,#11597);
#10065=AXIS2_PLACEMENT_3D('',#14659,#11599,#11600);
#10066=AXIS2_PLACEMENT_3D('',#14663,#11602,#11603);
#10067=AXIS2_PLACEMENT_3D('',#14667,#11605,#11606);
#10068=AXIS2_PLACEMENT_3D('',#14671,#11608,#11609);
#10069=AXIS2_PLACEMENT_3D('',#14683,#11615,#11616);
#10070=AXIS2_PLACEMENT_3D('',#14687,#11618,#11619);
#10071=AXIS2_PLACEMENT_3D('',#14691,#11621,#11622);
#10072=AXIS2_PLACEMENT_3D('',#14695,#11624,#11625);
#10073=AXIS2_PLACEMENT_3D('',#14699,#11627,#11628);
#10074=AXIS2_PLACEMENT_3D('',#14703,#11630,#11631);
#10075=AXIS2_PLACEMENT_3D('',#14715,#11637,#11638);
#10076=AXIS2_PLACEMENT_3D('',#14719,#11640,#11641);
#10077=AXIS2_PLACEMENT_3D('',#14723,#11643,#11644);
#10078=AXIS2_PLACEMENT_3D('',#14727,#11646,#11647);
#10079=AXIS2_PLACEMENT_3D('',#14731,#11649,#11650);
#10080=AXIS2_PLACEMENT_3D('',#14735,#11652,#11653);
#10081=AXIS2_PLACEMENT_3D('',#14746,#11659,#11660);
#10082=AXIS2_PLACEMENT_3D('',#14748,#11661,#11662);
#10083=AXIS2_PLACEMENT_3D('',#14750,#11663,#11664);
#10084=AXIS2_PLACEMENT_3D('',#14752,#11665,#11666);
#10085=AXIS2_PLACEMENT_3D('',#14754,#11667,#11668);
#10086=AXIS2_PLACEMENT_3D('',#14756,#11669,#11670);
#10087=AXIS2_PLACEMENT_3D('',#14758,#11671,#11672);
#10088=AXIS2_PLACEMENT_3D('',#14760,#11673,#11674);
#10089=AXIS2_PLACEMENT_3D('',#14762,#11675,#11676);
#10090=AXIS2_PLACEMENT_3D('',#14800,#11696,#11697);
#10091=AXIS2_PLACEMENT_3D('',#14804,#11699,#11700);
#10092=AXIS2_PLACEMENT_3D('',#14808,#11702,#11703);
#10093=AXIS2_PLACEMENT_3D('',#14810,#11705,#11706);
#10094=AXIS2_PLACEMENT_3D('',#14811,#11707,#11708);
#10095=AXIS2_PLACEMENT_3D('',#14826,#11710,#11711);
#10096=AXIS2_PLACEMENT_3D('',#14828,#11712,#11713);
#10097=AXIS2_PLACEMENT_3D('',#14841,#11715,#11716);
#10098=AXIS2_PLACEMENT_3D('',#14845,#11718,#11719);
#10099=AXIS2_PLACEMENT_3D('',#14849,#11721,#11722);
#10100=AXIS2_PLACEMENT_3D('',#14851,#11724,#11725);
#10101=AXIS2_PLACEMENT_3D('',#14852,#11726,#11727);
#10102=AXIS2_PLACEMENT_3D('',#14867,#11729,#11730);
#10103=AXIS2_PLACEMENT_3D('',#14869,#11731,#11732);
#10104=AXIS2_PLACEMENT_3D('',#14882,#11734,#11735);
#10105=AXIS2_PLACEMENT_3D('',#14886,#11737,#11738);
#10106=AXIS2_PLACEMENT_3D('',#14890,#11740,#11741);
#10107=AXIS2_PLACEMENT_3D('',#14892,#11743,#11744);
#10108=AXIS2_PLACEMENT_3D('',#14893,#11745,#11746);
#10109=AXIS2_PLACEMENT_3D('',#14908,#11748,#11749);
#10110=AXIS2_PLACEMENT_3D('',#14910,#11750,#11751);
#10111=AXIS2_PLACEMENT_3D('',#14923,#11753,#11754);
#10112=AXIS2_PLACEMENT_3D('',#14927,#11756,#11757);
#10113=AXIS2_PLACEMENT_3D('',#14931,#11759,#11760);
#10114=AXIS2_PLACEMENT_3D('',#14933,#11762,#11763);
#10115=AXIS2_PLACEMENT_3D('',#14934,#11764,#11765);
#10116=AXIS2_PLACEMENT_3D('',#14949,#11767,#11768);
#10117=AXIS2_PLACEMENT_3D('',#14951,#11769,#11770);
#10118=AXIS2_PLACEMENT_3D('',#14964,#11772,#11773);
#10119=AXIS2_PLACEMENT_3D('',#14966,#11774,#11775);
#10120=AXIS2_PLACEMENT_3D('',#14968,#11777,#11778);
#10121=AXIS2_PLACEMENT_3D('',#14972,#11781,#11782);
#10122=AXIS2_PLACEMENT_3D('',#14975,#11784,#11785);
#10123=AXIS2_PLACEMENT_3D('',#14976,#11786,#11787);
#10124=AXIS2_PLACEMENT_3D('',#14980,#11790,#11791);
#10125=AXIS2_PLACEMENT_3D('',#14982,#11792,#11793);
#10126=AXIS2_PLACEMENT_3D('',#14984,#11795,#11796);
#10127=AXIS2_PLACEMENT_3D('',#14986,#11797,#11798);
#10128=AXIS2_PLACEMENT_3D('',#14988,#11800,#11801);
#10129=AXIS2_PLACEMENT_3D('',#14990,#11802,#11803);
#10130=AXIS2_PLACEMENT_3D('',#14992,#11805,#11806);
#10131=AXIS2_PLACEMENT_3D('',#14998,#11810,#11811);
#10132=AXIS2_PLACEMENT_3D('',#15001,#11813,#11814);
#10133=AXIS2_PLACEMENT_3D('',#15002,#11815,#11816);
#10134=AXIS2_PLACEMENT_3D('',#15008,#11820,#11821);
#10135=AXIS2_PLACEMENT_3D('',#15010,#11822,#11823);
#10136=AXIS2_PLACEMENT_3D('',#15012,#11824,#11825);
#10137=AXIS2_PLACEMENT_3D('',#15014,#11827,#11828);
#10138=AXIS2_PLACEMENT_3D('',#15017,#11830,#11831);
#10139=AXIS2_PLACEMENT_3D('',#15018,#11832,#11833);
#10140=AXIS2_PLACEMENT_3D('',#15019,#11834,#11835);
#10141=AXIS2_PLACEMENT_3D('',#15021,#11836,#11837);
#10142=AXIS2_PLACEMENT_3D('',#15023,#11839,#11840);
#10143=AXIS2_PLACEMENT_3D('',#15027,#11842,#11843);
#10144=AXIS2_PLACEMENT_3D('',#15029,#11845,#11846);
#10145=AXIS2_PLACEMENT_3D('',#15033,#11849,#11850);
#10146=AXIS2_PLACEMENT_3D('',#15036,#11852,#11853);
#10147=AXIS2_PLACEMENT_3D('',#15038,#11854,#11855);
#10148=AXIS2_PLACEMENT_3D('',#15041,#11857,#11858);
#10149=AXIS2_PLACEMENT_3D('',#15043,#11859,#11860);
#10150=AXIS2_PLACEMENT_3D('',#15044,#11861,#11862);
#10151=AXIS2_PLACEMENT_3D('',#15046,#11864,#11865);
#10152=AXIS2_PLACEMENT_3D('',#15048,#11867,#11868);
#10153=AXIS2_PLACEMENT_3D('',#15049,#11869,#11870);
#10154=AXIS2_PLACEMENT_3D('',#15051,#11872,#11873);
#10155=AXIS2_PLACEMENT_3D('',#15052,#11874,#11875);
#10156=AXIS2_PLACEMENT_3D('',#15055,#11876,#11877);
#10157=AXIS2_PLACEMENT_3D('',#15058,#11880,#11881);
#10158=AXIS2_PLACEMENT_3D('',#15062,#11884,#11885);
#10159=AXIS2_PLACEMENT_3D('',#15065,#11887,#11888);
#10160=AXIS2_PLACEMENT_3D('',#15066,#11889,#11890);
#10161=AXIS2_PLACEMENT_3D('',#15069,#11892,#11893);
#10162=AXIS2_PLACEMENT_3D('',#15070,#11894,#11895);
#10163=AXIS2_PLACEMENT_3D('',#15072,#11897,#11898);
#10164=AXIS2_PLACEMENT_3D('',#15074,#11899,#11900);
#10165=AXIS2_PLACEMENT_3D('',#15076,#11902,#11903);
#10166=AXIS2_PLACEMENT_3D('',#15078,#11905,#11906);
#10167=AXIS2_PLACEMENT_3D('',#15081,#11907,#11908);
#10168=AXIS2_PLACEMENT_3D('',#15084,#11911,#11912);
#10169=AXIS2_PLACEMENT_3D('',#15088,#11915,#11916);
#10170=AXIS2_PLACEMENT_3D('',#15091,#11918,#11919);
#10171=AXIS2_PLACEMENT_3D('',#15092,#11920,#11921);
#10172=AXIS2_PLACEMENT_3D('',#15095,#11923,#11924);
#10173=AXIS2_PLACEMENT_3D('',#15096,#11925,#11926);
#10174=AXIS2_PLACEMENT_3D('',#15098,#11928,#11929);
#10175=AXIS2_PLACEMENT_3D('',#15100,#11930,#11931);
#10176=AXIS2_PLACEMENT_3D('',#15102,#11933,#11934);
#10177=AXIS2_PLACEMENT_3D('',#15104,#11936,#11937);
#10178=AXIS2_PLACEMENT_3D('',#15106,#11938,#11939);
#10179=AXIS2_PLACEMENT_3D('',#15108,#11941,#11942);
#10180=AXIS2_PLACEMENT_3D('',#15110,#11943,#11944);
#10181=AXIS2_PLACEMENT_3D('',#15112,#11946,#11947);
#10182=AXIS2_PLACEMENT_3D('',#15114,#11949,#11950);
#10183=AXIS2_PLACEMENT_3D('',#15116,#11951,#11952);
#10184=AXIS2_PLACEMENT_3D('',#15118,#11954,#11955);
#10185=AXIS2_PLACEMENT_3D('',#15120,#11956,#11957);
#10186=AXIS2_PLACEMENT_3D('',#15122,#11959,#11960);
#10187=AXIS2_PLACEMENT_3D('',#15124,#11962,#11963);
#10188=AXIS2_PLACEMENT_3D('',#15126,#11965,#11966);
#10189=AXIS2_PLACEMENT_3D('',#15127,#11967,#11968);
#10190=AXIS2_PLACEMENT_3D('',#15128,#11969,#11970);
#10191=AXIS2_PLACEMENT_3D('',#15129,#11971,#11972);
#10192=AXIS2_PLACEMENT_3D('',#15130,#11973,#11974);
#10193=AXIS2_PLACEMENT_3D('',#15154,#11981,#11982);
#10194=AXIS2_PLACEMENT_3D('',#15159,#11984,#11985);
#10195=AXIS2_PLACEMENT_3D('',#15161,#11986,#11987);
#10196=AXIS2_PLACEMENT_3D('',#15167,#11990,#11991);
#10197=AXIS2_PLACEMENT_3D('',#15169,#11992,#11993);
#10198=AXIS2_PLACEMENT_3D('',#15173,#11995,#11996);
#10199=AXIS2_PLACEMENT_3D('',#15175,#11997,#11998);
#10200=AXIS2_PLACEMENT_3D('',#15179,#12000,#12001);
#10201=AXIS2_PLACEMENT_3D('',#15181,#12002,#12003);
#10202=AXIS2_PLACEMENT_3D('',#15184,#12005,#12006);
#10203=AXIS2_PLACEMENT_3D('',#15185,#12007,#12008);
#10204=AXIS2_PLACEMENT_3D('',#15187,#12009,#12010);
#10205=AXIS2_PLACEMENT_3D('',#15188,#12011,#12012);
#10206=AXIS2_PLACEMENT_3D('',#15190,#12013,#12014);
#10207=AXIS2_PLACEMENT_3D('',#15191,#12015,#12016);
#10208=AXIS2_PLACEMENT_3D('',#15197,#12019,#12020);
#10209=AXIS2_PLACEMENT_3D('',#15199,#12021,#12022);
#10210=AXIS2_PLACEMENT_3D('',#15203,#12024,#12025);
#10211=AXIS2_PLACEMENT_3D('',#15204,#12026,#12027);
#10212=AXIS2_PLACEMENT_3D('',#15205,#12028,#12029);
#10213=AXIS2_PLACEMENT_3D('',#15207,#12030,#12031);
#10214=AXIS2_PLACEMENT_3D('',#15210,#12033,#12034);
#10215=AXIS2_PLACEMENT_3D('',#15212,#12035,#12036);
#10216=AXIS2_PLACEMENT_3D('',#15214,#12038,#12039);
#10217=AXIS2_PLACEMENT_3D('',#15216,#12040,#12041);
#10218=AXIS2_PLACEMENT_3D('',#15219,#12043,#12044);
#10219=AXIS2_PLACEMENT_3D('',#15221,#12045,#12046);
#10220=AXIS2_PLACEMENT_3D('',#15223,#12048,#12049);
#10221=AXIS2_PLACEMENT_3D('',#15225,#12050,#12051);
#10222=AXIS2_PLACEMENT_3D('',#15228,#12053,#12054);
#10223=AXIS2_PLACEMENT_3D('',#15230,#12055,#12056);
#10224=AXIS2_PLACEMENT_3D('',#15232,#12058,#12059);
#10225=AXIS2_PLACEMENT_3D('',#15234,#12060,#12061);
#10226=AXIS2_PLACEMENT_3D('',#15237,#12063,#12064);
#10227=AXIS2_PLACEMENT_3D('',#15239,#12065,#12066);
#10228=AXIS2_PLACEMENT_3D('',#15241,#12068,#12069);
#10229=AXIS2_PLACEMENT_3D('',#15243,#12070,#12071);
#10230=AXIS2_PLACEMENT_3D('',#15246,#12073,#12074);
#10231=AXIS2_PLACEMENT_3D('',#15248,#12075,#12076);
#10232=AXIS2_PLACEMENT_3D('',#15250,#12078,#12079);
#10233=AXIS2_PLACEMENT_3D('',#15256,#12081,#12082);
#10234=AXIS2_PLACEMENT_3D('',#15257,#12083,#12084);
#10235=AXIS2_PLACEMENT_3D('',#15259,#12086,#12087);
#10236=AXIS2_PLACEMENT_3D('',#15265,#12089,#12090);
#10237=AXIS2_PLACEMENT_3D('',#15266,#12091,#12092);
#10238=AXIS2_PLACEMENT_3D('',#15268,#12094,#12095);
#10239=AXIS2_PLACEMENT_3D('',#15274,#12097,#12098);
#10240=AXIS2_PLACEMENT_3D('',#15275,#12099,#12100);
#10241=AXIS2_PLACEMENT_3D('',#15277,#12102,#12103);
#10242=AXIS2_PLACEMENT_3D('',#15280,#12106,#12107);
#10243=AXIS2_PLACEMENT_3D('',#15286,#12109,#12110);
#10244=AXIS2_PLACEMENT_3D('',#15287,#12111,#12112);
#10245=AXIS2_PLACEMENT_3D('',#15289,#12114,#12115);
#10246=AXIS2_PLACEMENT_3D('',#15295,#12117,#12118);
#10247=AXIS2_PLACEMENT_3D('',#15296,#12119,#12120);
#10248=AXIS2_PLACEMENT_3D('',#15298,#12122,#12123);
#10249=AXIS2_PLACEMENT_3D('',#15302,#12124,#12125);
#10250=AXIS2_PLACEMENT_3D('',#15305,#12127,#12128);
#10251=AXIS2_PLACEMENT_3D('',#15306,#12129,#12130);
#10252=AXIS2_PLACEMENT_3D('',#15308,#12132,#12133);
#10253=AXIS2_PLACEMENT_3D('',#15311,#12135,#12136);
#10254=AXIS2_PLACEMENT_3D('',#15312,#12137,#12138);
#10255=AXIS2_PLACEMENT_3D('',#15314,#12140,#12141);
#10256=AXIS2_PLACEMENT_3D('',#15317,#12143,#12144);
#10257=AXIS2_PLACEMENT_3D('',#15318,#12145,#12146);
#10258=AXIS2_PLACEMENT_3D('',#15320,#12148,#12149);
#10259=AXIS2_PLACEMENT_3D('',#15323,#12151,#12152);
#10260=AXIS2_PLACEMENT_3D('',#15324,#12153,#12154);
#10261=AXIS2_PLACEMENT_3D('',#15326,#12156,#12157);
#10262=AXIS2_PLACEMENT_3D('',#15329,#12158,#12159);
#10263=AXIS2_PLACEMENT_3D('',#15332,#12162,#12163);
#10264=AXIS2_PLACEMENT_3D('',#15336,#12166,#12167);
#10265=AXIS2_PLACEMENT_3D('',#15342,#12170,#12171);
#10266=AXIS2_PLACEMENT_3D('',#15346,#12173,#12174);
#10267=AXIS2_PLACEMENT_3D('',#15348,#12176,#12177);
#10268=AXIS2_PLACEMENT_3D('',#15351,#12178,#12179);
#10269=AXIS2_PLACEMENT_3D('',#15354,#12182,#12183);
#10270=AXIS2_PLACEMENT_3D('',#15358,#12186,#12187);
#10271=AXIS2_PLACEMENT_3D('',#15360,#12188,#12189);
#10272=AXIS2_PLACEMENT_3D('',#15364,#12191,#12192);
#10273=AXIS2_PLACEMENT_3D('',#15370,#12196,#12197);
#10274=AXIS2_PLACEMENT_3D('',#15373,#12200,#12201);
#10275=AXIS2_PLACEMENT_3D('',#15375,#12203,#12204);
#10276=AXIS2_PLACEMENT_3D('',#15377,#12206,#12207);
#10277=AXIS2_PLACEMENT_3D('',#15379,#12209,#12210);
#10278=AXIS2_PLACEMENT_3D('',#15381,#12212,#12213);
#10279=AXIS2_PLACEMENT_3D('',#15383,#12215,#12216);
#10280=AXIS2_PLACEMENT_3D('',#15386,#12217,#12218);
#10281=AXIS2_PLACEMENT_3D('',#15389,#12221,#12222);
#10282=AXIS2_PLACEMENT_3D('',#15393,#12225,#12226);
#10283=AXIS2_PLACEMENT_3D('',#15399,#12229,#12230);
#10284=AXIS2_PLACEMENT_3D('',#15403,#12232,#12233);
#10285=AXIS2_PLACEMENT_3D('',#15405,#12235,#12236);
#10286=AXIS2_PLACEMENT_3D('',#15408,#12237,#12238);
#10287=AXIS2_PLACEMENT_3D('',#15411,#12241,#12242);
#10288=AXIS2_PLACEMENT_3D('',#15415,#12245,#12246);
#10289=AXIS2_PLACEMENT_3D('',#15417,#12247,#12248);
#10290=AXIS2_PLACEMENT_3D('',#15421,#12250,#12251);
#10291=AXIS2_PLACEMENT_3D('',#15427,#12255,#12256);
#10292=AXIS2_PLACEMENT_3D('',#15430,#12259,#12260);
#10293=AXIS2_PLACEMENT_3D('',#15432,#12262,#12263);
#10294=AXIS2_PLACEMENT_3D('',#15434,#12265,#12266);
#10295=AXIS2_PLACEMENT_3D('',#15436,#12268,#12269);
#10296=AXIS2_PLACEMENT_3D('',#15438,#12271,#12272);
#10297=AXIS2_PLACEMENT_3D('',#15440,#12274,#12275);
#10298=AXIS2_PLACEMENT_3D('',#15443,#12276,#12277);
#10299=AXIS2_PLACEMENT_3D('',#15446,#12280,#12281);
#10300=AXIS2_PLACEMENT_3D('',#15450,#12284,#12285);
#10301=AXIS2_PLACEMENT_3D('',#15456,#12288,#12289);
#10302=AXIS2_PLACEMENT_3D('',#15460,#12291,#12292);
#10303=AXIS2_PLACEMENT_3D('',#15462,#12294,#12295);
#10304=AXIS2_PLACEMENT_3D('',#15465,#12296,#12297);
#10305=AXIS2_PLACEMENT_3D('',#15468,#12300,#12301);
#10306=AXIS2_PLACEMENT_3D('',#15472,#12304,#12305);
#10307=AXIS2_PLACEMENT_3D('',#15474,#12306,#12307);
#10308=AXIS2_PLACEMENT_3D('',#15478,#12309,#12310);
#10309=AXIS2_PLACEMENT_3D('',#15484,#12314,#12315);
#10310=AXIS2_PLACEMENT_3D('',#15487,#12318,#12319);
#10311=AXIS2_PLACEMENT_3D('',#15489,#12321,#12322);
#10312=AXIS2_PLACEMENT_3D('',#15491,#12324,#12325);
#10313=AXIS2_PLACEMENT_3D('',#15493,#12327,#12328);
#10314=AXIS2_PLACEMENT_3D('',#15495,#12330,#12331);
#10315=AXIS2_PLACEMENT_3D('',#15497,#12333,#12334);
#10316=AXIS2_PLACEMENT_3D('',#15500,#12337,#12338);
#10317=AXIS2_PLACEMENT_3D('',#15502,#12340,#12341);
#10318=AXIS2_PLACEMENT_3D('',#15505,#12344,#12345);
#10319=AXIS2_PLACEMENT_3D('',#15507,#12347,#12348);
#10320=AXIS2_PLACEMENT_3D('',#15510,#12351,#12352);
#10321=AXIS2_PLACEMENT_3D('',#15512,#12354,#12355);
#10322=AXIS2_PLACEMENT_3D('',#15513,#12356,#12357);
#10323=AXIS2_PLACEMENT_3D('',#15514,#12358,#12359);
#10324=AXIS2_PLACEMENT_3D('',#15515,#12360,#12361);
#10325=AXIS2_PLACEMENT_3D('',#15516,#12362,#12363);
#10326=AXIS2_PLACEMENT_3D('',#15517,#12364,#12365);
#10327=AXIS2_PLACEMENT_3D('',#15518,#12366,#12367);
#10328=AXIS2_PLACEMENT_3D('',#15521,#12368,#12369);
#10329=AXIS2_PLACEMENT_3D('',#15524,#12372,#12373);
#10330=AXIS2_PLACEMENT_3D('',#15528,#12376,#12377);
#10331=AXIS2_PLACEMENT_3D('',#15534,#12380,#12381);
#10332=AXIS2_PLACEMENT_3D('',#15538,#12383,#12384);
#10333=AXIS2_PLACEMENT_3D('',#15540,#12386,#12387);
#10334=AXIS2_PLACEMENT_3D('',#15543,#12388,#12389);
#10335=AXIS2_PLACEMENT_3D('',#15546,#12392,#12393);
#10336=AXIS2_PLACEMENT_3D('',#15550,#12396,#12397);
#10337=AXIS2_PLACEMENT_3D('',#15552,#12398,#12399);
#10338=AXIS2_PLACEMENT_3D('',#15556,#12401,#12402);
#10339=AXIS2_PLACEMENT_3D('',#15562,#12406,#12407);
#10340=AXIS2_PLACEMENT_3D('',#15565,#12410,#12411);
#10341=AXIS2_PLACEMENT_3D('',#15567,#12413,#12414);
#10342=AXIS2_PLACEMENT_3D('',#15569,#12416,#12417);
#10343=AXIS2_PLACEMENT_3D('',#15571,#12419,#12420);
#10344=AXIS2_PLACEMENT_3D('',#15573,#12422,#12423);
#10345=AXIS2_PLACEMENT_3D('',#15575,#12425,#12426);
#10346=AXIS2_PLACEMENT_3D('',#15578,#12429,#12430);
#10347=AXIS2_PLACEMENT_3D('',#15580,#12432,#12433);
#10348=AXIS2_PLACEMENT_3D('',#15581,#12434,#12435);
#10349=AXIS2_PLACEMENT_3D('',#15582,#12436,#12437);
#10350=AXIS2_PLACEMENT_3D('',#15583,#12438,#12439);
#10351=AXIS2_PLACEMENT_3D('',#15585,#12440,#12441);
#10352=AXIS2_PLACEMENT_3D('',#15588,#12443,#12444);
#10353=AXIS2_PLACEMENT_3D('',#15590,#12445,#12446);
#10354=AXIS2_PLACEMENT_3D('',#15592,#12448,#12449);
#10355=AXIS2_PLACEMENT_3D('',#15594,#12450,#12451);
#10356=AXIS2_PLACEMENT_3D('',#15597,#12453,#12454);
#10357=AXIS2_PLACEMENT_3D('',#15599,#12455,#12456);
#10358=AXIS2_PLACEMENT_3D('',#15601,#12458,#12459);
#10359=AXIS2_PLACEMENT_3D('',#15603,#12460,#12461);
#10360=AXIS2_PLACEMENT_3D('',#15606,#12463,#12464);
#10361=AXIS2_PLACEMENT_3D('',#15608,#12465,#12466);
#10362=AXIS2_PLACEMENT_3D('',#15610,#12468,#12469);
#10363=AXIS2_PLACEMENT_3D('',#15612,#12470,#12471);
#10364=AXIS2_PLACEMENT_3D('',#15615,#12473,#12474);
#10365=AXIS2_PLACEMENT_3D('',#15617,#12475,#12476);
#10366=AXIS2_PLACEMENT_3D('',#15619,#12478,#12479);
#10367=AXIS2_PLACEMENT_3D('',#15621,#12480,#12481);
#10368=AXIS2_PLACEMENT_3D('',#15624,#12483,#12484);
#10369=AXIS2_PLACEMENT_3D('',#15626,#12485,#12486);
#10370=AXIS2_PLACEMENT_3D('',#15628,#12488,#12489);
#10371=AXIS2_PLACEMENT_3D('',#15630,#12490,#12491);
#10372=AXIS2_PLACEMENT_3D('',#15633,#12493,#12494);
#10373=AXIS2_PLACEMENT_3D('',#15635,#12495,#12496);
#10374=AXIS2_PLACEMENT_3D('',#15637,#12498,#12499);
#10375=AXIS2_PLACEMENT_3D('',#15640,#12500,#12501);
#10376=AXIS2_PLACEMENT_3D('',#15644,#12503,#12504);
#10377=AXIS2_PLACEMENT_3D('',#15646,#12506,#12507);
#10378=AXIS2_PLACEMENT_3D('',#15650,#12509,#12510);
#10379=AXIS2_PLACEMENT_3D('',#15654,#12512,#12513);
#10380=AXIS2_PLACEMENT_3D('',#15658,#12515,#12516);
#10381=AXIS2_PLACEMENT_3D('',#15661,#12518,#12519);
#10382=AXIS2_PLACEMENT_3D('',#15663,#12520,#12521);
#10383=AXIS2_PLACEMENT_3D('',#15665,#12522,#12523);
#10384=AXIS2_PLACEMENT_3D('',#15667,#12524,#12525);
#10385=AXIS2_PLACEMENT_3D('',#15668,#12526,#12527);
#10386=AXIS2_PLACEMENT_3D('',#15672,#12530,#12531);
#10387=AXIS2_PLACEMENT_3D('',#15674,#12532,#12533);
#10388=AXIS2_PLACEMENT_3D('',#15676,#12535,#12536);
#10389=AXIS2_PLACEMENT_3D('',#15679,#12537,#12538);
#10390=AXIS2_PLACEMENT_3D('',#15682,#12541,#12542);
#10391=AXIS2_PLACEMENT_3D('',#15686,#12545,#12546);
#10392=AXIS2_PLACEMENT_3D('',#15688,#12547,#12548);
#10393=AXIS2_PLACEMENT_3D('',#15690,#12550,#12551);
#10394=AXIS2_PLACEMENT_3D('',#15693,#12553,#12554);
#10395=AXIS2_PLACEMENT_3D('',#15694,#12555,#12556);
#10396=AXIS2_PLACEMENT_3D('',#15697,#12558,#12559);
#10397=AXIS2_PLACEMENT_3D('',#15698,#12560,#12561);
#10398=AXIS2_PLACEMENT_3D('',#15701,#12563,#12564);
#10399=AXIS2_PLACEMENT_3D('',#15702,#12565,#12566);
#10400=AXIS2_PLACEMENT_3D('',#15705,#12568,#12569);
#10401=AXIS2_PLACEMENT_3D('',#15706,#12570,#12571);
#10402=AXIS2_PLACEMENT_3D('',#15708,#12573,#12574);
#10403=AXIS2_PLACEMENT_3D('',#15710,#12576,#12577);
#10404=AXIS2_PLACEMENT_3D('',#15711,#12578,#12579);
#10405=AXIS2_PLACEMENT_3D('',#15713,#12580,#12581);
#10406=AXIS2_PLACEMENT_3D('',#15716,#12583,#12584);
#10407=AXIS2_PLACEMENT_3D('',#15718,#12585,#12586);
#10408=AXIS2_PLACEMENT_3D('',#15720,#12588,#12589);
#10409=AXIS2_PLACEMENT_3D('',#15722,#12590,#12591);
#10410=AXIS2_PLACEMENT_3D('',#15725,#12593,#12594);
#10411=AXIS2_PLACEMENT_3D('',#15727,#12595,#12596);
#10412=AXIS2_PLACEMENT_3D('',#15729,#12598,#12599);
#10413=AXIS2_PLACEMENT_3D('',#15731,#12600,#12601);
#10414=AXIS2_PLACEMENT_3D('',#15734,#12603,#12604);
#10415=AXIS2_PLACEMENT_3D('',#15736,#12605,#12606);
#10416=AXIS2_PLACEMENT_3D('',#15738,#12608,#12609);
#10417=AXIS2_PLACEMENT_3D('',#15740,#12610,#12611);
#10418=AXIS2_PLACEMENT_3D('',#15743,#12613,#12614);
#10419=AXIS2_PLACEMENT_3D('',#15745,#12615,#12616);
#10420=AXIS2_PLACEMENT_3D('',#15747,#12618,#12619);
#10421=AXIS2_PLACEMENT_3D('',#15749,#12620,#12621);
#10422=AXIS2_PLACEMENT_3D('',#15752,#12623,#12624);
#10423=AXIS2_PLACEMENT_3D('',#15754,#12625,#12626);
#10424=AXIS2_PLACEMENT_3D('',#15756,#12628,#12629);
#10425=AXIS2_PLACEMENT_3D('',#15758,#12630,#12631);
#10426=AXIS2_PLACEMENT_3D('',#15761,#12633,#12634);
#10427=AXIS2_PLACEMENT_3D('',#15763,#12635,#12636);
#10428=AXIS2_PLACEMENT_3D('',#15765,#12638,#12639);
#10429=AXIS2_PLACEMENT_3D('',#15767,#12640,#12641);
#10430=AXIS2_PLACEMENT_3D('',#15770,#12643,#12644);
#10431=AXIS2_PLACEMENT_3D('',#15771,#12645,#12646);
#10432=AXIS2_PLACEMENT_3D('',#15773,#12647,#12648);
#10433=AXIS2_PLACEMENT_3D('',#15776,#12650,#12651);
#10434=AXIS2_PLACEMENT_3D('',#15777,#12652,#12653);
#10435=AXIS2_PLACEMENT_3D('',#15779,#12654,#12655);
#10436=AXIS2_PLACEMENT_3D('',#15782,#12657,#12658);
#10437=AXIS2_PLACEMENT_3D('',#15783,#12659,#12660);
#10438=AXIS2_PLACEMENT_3D('',#15785,#12661,#12662);
#10439=AXIS2_PLACEMENT_3D('',#15788,#12664,#12665);
#10440=AXIS2_PLACEMENT_3D('',#15789,#12666,#12667);
#10441=AXIS2_PLACEMENT_3D('',#15791,#12668,#12669);
#10442=AXIS2_PLACEMENT_3D('',#15794,#12671,#12672);
#10443=AXIS2_PLACEMENT_3D('',#15795,#12673,#12674);
#10444=AXIS2_PLACEMENT_3D('',#15804,#12679,#12680);
#10445=AXIS2_PLACEMENT_3D('',#15810,#12684,#12685);
#10446=AXIS2_PLACEMENT_3D('',#15816,#12689,#12690);
#10447=AXIS2_PLACEMENT_3D('',#15819,#12693,#12694);
#10448=AXIS2_PLACEMENT_3D('',#15820,#12695,#12696);
#10449=AXIS2_PLACEMENT_3D('',#15821,#12697,#12698);
#10450=AXIS2_PLACEMENT_3D('',#15823,#12699,#12700);
#10451=AXIS2_PLACEMENT_3D('',#15827,#12702,#12703);
#10452=AXIS2_PLACEMENT_3D('',#15831,#12705,#12706);
#10453=AXIS2_PLACEMENT_3D('',#15834,#12708,#12709);
#10454=AXIS2_PLACEMENT_3D('',#15835,#12710,#12711);
#10455=AXIS2_PLACEMENT_3D('',#15839,#12712,#12713);
#10456=AXIS2_PLACEMENT_3D('',#15841,#12714,#12715);
#10457=AXIS2_PLACEMENT_3D('',#15845,#12717,#12718);
#10458=AXIS2_PLACEMENT_3D('',#15849,#12720,#12721);
#10459=AXIS2_PLACEMENT_3D('',#15852,#12723,#12724);
#10460=AXIS2_PLACEMENT_3D('',#15853,#12725,#12726);
#10461=AXIS2_PLACEMENT_3D('',#15857,#12727,#12728);
#10462=AXIS2_PLACEMENT_3D('',#15859,#12729,#12730);
#10463=AXIS2_PLACEMENT_3D('',#15863,#12732,#12733);
#10464=AXIS2_PLACEMENT_3D('',#15867,#12735,#12736);
#10465=AXIS2_PLACEMENT_3D('',#15870,#12738,#12739);
#10466=AXIS2_PLACEMENT_3D('',#15871,#12740,#12741);
#10467=AXIS2_PLACEMENT_3D('',#15875,#12742,#12743);
#10468=AXIS2_PLACEMENT_3D('',#15886,#12750,#12751);
#10469=AXIS2_PLACEMENT_3D('',#15896,#12757,#12758);
#10470=AXIS2_PLACEMENT_3D('',#15902,#12759,#12760);
#10471=AXIS2_PLACEMENT_3D('',#15903,#12761,#12762);
#10472=AXIS2_PLACEMENT_3D('',#15905,#12763,#12764);
#10473=AXIS2_PLACEMENT_3D('',#15909,#12766,#12767);
#10474=AXIS2_PLACEMENT_3D('',#15913,#12770,#12771);
#10475=AXIS2_PLACEMENT_3D('',#15914,#12772,#12773);
#10476=AXIS2_PLACEMENT_3D('',#15920,#12774,#12775);
#10477=AXIS2_PLACEMENT_3D('',#15921,#12776,#12777);
#10478=AXIS2_PLACEMENT_3D('',#15923,#12778,#12779);
#10479=AXIS2_PLACEMENT_3D('',#15927,#12781,#12782);
#10480=AXIS2_PLACEMENT_3D('',#15931,#12785,#12786);
#10481=AXIS2_PLACEMENT_3D('',#15932,#12787,#12788);
#10482=AXIS2_PLACEMENT_3D('',#15938,#12789,#12790);
#10483=AXIS2_PLACEMENT_3D('',#15939,#12791,#12792);
#10484=AXIS2_PLACEMENT_3D('',#15941,#12793,#12794);
#10485=AXIS2_PLACEMENT_3D('',#15945,#12796,#12797);
#10486=AXIS2_PLACEMENT_3D('',#15949,#12800,#12801);
#10487=AXIS2_PLACEMENT_3D('',#15950,#12802,#12803);
#10488=AXIS2_PLACEMENT_3D('',#15952,#12804,#12805);
#10489=AXIS2_PLACEMENT_3D('',#15956,#12807,#12808);
#10490=AXIS2_PLACEMENT_3D('',#15960,#12810,#12811);
#10491=AXIS2_PLACEMENT_3D('',#15963,#12813,#12814);
#10492=AXIS2_PLACEMENT_3D('',#15965,#12815,#12816);
#10493=AXIS2_PLACEMENT_3D('',#15969,#12818,#12819);
#10494=AXIS2_PLACEMENT_3D('',#15974,#12822,#12823);
#10495=AXIS2_PLACEMENT_3D('',#15978,#12825,#12826);
#10496=AXIS2_PLACEMENT_3D('',#15982,#12828,#12829);
#10497=AXIS2_PLACEMENT_3D('',#15986,#12831,#12832);
#10498=AXIS2_PLACEMENT_3D('',#15992,#12836,#12837);
#10499=AXIS2_PLACEMENT_3D('',#15995,#12839,#12840);
#10500=AXIS2_PLACEMENT_3D('',#15998,#12841,#12842);
#10501=AXIS2_PLACEMENT_3D('',#16002,#12844,#12845);
#10502=AXIS2_PLACEMENT_3D('',#16006,#12847,#12848);
#10503=AXIS2_PLACEMENT_3D('',#16010,#12850,#12851);
#10504=AXIS2_PLACEMENT_3D('',#16032,#12862,#12863);
#10505=AXIS2_PLACEMENT_3D('',#16036,#12865,#12866);
#10506=AXIS2_PLACEMENT_3D('',#16040,#12868,#12869);
#10507=AXIS2_PLACEMENT_3D('',#16042,#12871,#12872);
#10508=AXIS2_PLACEMENT_3D('',#16080,#12892,#12893);
#10509=AXIS2_PLACEMENT_3D('',#16082,#12894,#12895);
#10510=AXIS2_PLACEMENT_3D('',#16084,#12897,#12898);
#10511=AXIS2_PLACEMENT_3D('',#16087,#12899,#12900);
#10512=AXIS2_PLACEMENT_3D('',#16090,#12902,#12903);
#10513=AXIS2_PLACEMENT_3D('',#16092,#12904,#12905);
#10514=AXIS2_PLACEMENT_3D('',#16096,#12907,#12908);
#10515=AXIS2_PLACEMENT_3D('',#16098,#12910,#12911);
#10516=AXIS2_PLACEMENT_3D('',#16101,#12912,#12913);
#10517=AXIS2_PLACEMENT_3D('',#16104,#12915,#12916);
#10518=AXIS2_PLACEMENT_3D('',#16107,#12918,#12919);
#10519=AXIS2_PLACEMENT_3D('',#16109,#12920,#12921);
#10520=AXIS2_PLACEMENT_3D('',#16111,#12923,#12924);
#10521=AXIS2_PLACEMENT_3D('',#16114,#12925,#12926);
#10522=AXIS2_PLACEMENT_3D('',#16117,#12928,#12929);
#10523=AXIS2_PLACEMENT_3D('',#16119,#12930,#12931);
#10524=AXIS2_PLACEMENT_3D('',#16122,#12933,#12934);
#10525=AXIS2_PLACEMENT_3D('',#16124,#12936,#12937);
#10526=AXIS2_PLACEMENT_3D('',#16127,#12938,#12939);
#10527=AXIS2_PLACEMENT_3D('',#16130,#12941,#12942);
#10528=AXIS2_PLACEMENT_3D('',#16133,#12944,#12945);
#10529=AXIS2_PLACEMENT_3D('',#16135,#12946,#12947);
#10530=AXIS2_PLACEMENT_3D('',#16137,#12949,#12950);
#10531=AXIS2_PLACEMENT_3D('',#16140,#12951,#12952);
#10532=AXIS2_PLACEMENT_3D('',#16143,#12954,#12955);
#10533=AXIS2_PLACEMENT_3D('',#16145,#12956,#12957);
#10534=AXIS2_PLACEMENT_3D('',#16148,#12959,#12960);
#10535=AXIS2_PLACEMENT_3D('',#16150,#12962,#12963);
#10536=AXIS2_PLACEMENT_3D('',#16153,#12964,#12965);
#10537=AXIS2_PLACEMENT_3D('',#16156,#12967,#12968);
#10538=AXIS2_PLACEMENT_3D('',#16159,#12970,#12971);
#10539=AXIS2_PLACEMENT_3D('',#16161,#12972,#12973);
#10540=AXIS2_PLACEMENT_3D('',#16163,#12975,#12976);
#10541=AXIS2_PLACEMENT_3D('',#16166,#12977,#12978);
#10542=AXIS2_PLACEMENT_3D('',#16169,#12980,#12981);
#10543=AXIS2_PLACEMENT_3D('',#16171,#12982,#12983);
#10544=AXIS2_PLACEMENT_3D('',#16174,#12985,#12986);
#10545=AXIS2_PLACEMENT_3D('',#16176,#12988,#12989);
#10546=AXIS2_PLACEMENT_3D('',#16179,#12990,#12991);
#10547=AXIS2_PLACEMENT_3D('',#16182,#12993,#12994);
#10548=AXIS2_PLACEMENT_3D('',#16185,#12996,#12997);
#10549=AXIS2_PLACEMENT_3D('',#16187,#12998,#12999);
#10550=AXIS2_PLACEMENT_3D('',#16189,#13001,#13002);
#10551=AXIS2_PLACEMENT_3D('',#16192,#13003,#13004);
#10552=AXIS2_PLACEMENT_3D('',#16195,#13006,#13007);
#10553=AXIS2_PLACEMENT_3D('',#16197,#13008,#13009);
#10554=AXIS2_PLACEMENT_3D('',#16200,#13011,#13012);
#10555=AXIS2_PLACEMENT_3D('',#16202,#13014,#13015);
#10556=AXIS2_PLACEMENT_3D('',#16205,#13016,#13017);
#10557=AXIS2_PLACEMENT_3D('',#16209,#13019,#13020);
#10558=AXIS2_PLACEMENT_3D('',#16212,#13022,#13023);
#10559=AXIS2_PLACEMENT_3D('',#16214,#13024,#13025);
#10560=AXIS2_PLACEMENT_3D('',#16216,#13027,#13028);
#10561=AXIS2_PLACEMENT_3D('',#16218,#13029,#13030);
#10562=AXIS2_PLACEMENT_3D('',#16221,#13032,#13033);
#10563=AXIS2_PLACEMENT_3D('',#16224,#13035,#13036);
#10564=AXIS2_PLACEMENT_3D('',#16226,#13037,#13038);
#10565=AXIS2_PLACEMENT_3D('',#16228,#13040,#13041);
#10566=AXIS2_PLACEMENT_3D('',#16231,#13042,#13043);
#10567=AXIS2_PLACEMENT_3D('',#16234,#13045,#13046);
#10568=AXIS2_PLACEMENT_3D('',#16236,#13047,#13048);
#10569=AXIS2_PLACEMENT_3D('',#16239,#13050,#13051);
#10570=AXIS2_PLACEMENT_3D('',#16241,#13053,#13054);
#10571=AXIS2_PLACEMENT_3D('',#16244,#13055,#13056);
#10572=AXIS2_PLACEMENT_3D('',#16247,#13058,#13059);
#10573=AXIS2_PLACEMENT_3D('',#16249,#13060,#13061);
#10574=AXIS2_PLACEMENT_3D('',#16252,#13063,#13064);
#10575=AXIS2_PLACEMENT_3D('',#16254,#13066,#13067);
#10576=AXIS2_PLACEMENT_3D('',#16257,#13068,#13069);
#10577=AXIS2_PLACEMENT_3D('',#16260,#13071,#13072);
#10578=AXIS2_PLACEMENT_3D('',#16262,#13073,#13074);
#10579=AXIS2_PLACEMENT_3D('',#16265,#13076,#13077);
#10580=AXIS2_PLACEMENT_3D('',#16267,#13079,#13080);
#10581=AXIS2_PLACEMENT_3D('',#16270,#13081,#13082);
#10582=AXIS2_PLACEMENT_3D('',#16273,#13084,#13085);
#10583=AXIS2_PLACEMENT_3D('',#16275,#13086,#13087);
#10584=AXIS2_PLACEMENT_3D('',#16278,#13089,#13090);
#10585=AXIS2_PLACEMENT_3D('',#16280,#13092,#13093);
#10586=AXIS2_PLACEMENT_3D('',#16282,#13094,#13095);
#10587=AXIS2_PLACEMENT_3D('',#16284,#13096,#13097);
#10588=AXIS2_PLACEMENT_3D('',#16287,#13099,#13100);
#10589=AXIS2_PLACEMENT_3D('',#16291,#13102,#13103);
#10590=AXIS2_PLACEMENT_3D('',#16293,#13105,#13106);
#10591=AXIS2_PLACEMENT_3D('',#16296,#13109,#13110);
#10592=AXIS2_PLACEMENT_3D('',#16300,#13112,#13113);
#10593=AXIS2_PLACEMENT_3D('',#16302,#13115,#13116);
#10594=AXIS2_PLACEMENT_3D('',#16306,#13119,#13120);
#10595=AXIS2_PLACEMENT_3D('',#16310,#13122,#13123);
#10596=AXIS2_PLACEMENT_3D('',#16312,#13125,#13126);
#10597=AXIS2_PLACEMENT_3D('',#16316,#13129,#13130);
#10598=AXIS2_PLACEMENT_3D('',#16319,#13132,#13133);
#10599=AXIS2_PLACEMENT_3D('',#16320,#13134,#13135);
#10600=AXIS2_PLACEMENT_3D('',#16323,#13137,#13138);
#10601=AXIS2_PLACEMENT_3D('',#16324,#13139,#13140);
#10602=AXIS2_PLACEMENT_3D('',#16328,#13142,#13143);
#10603=AXIS2_PLACEMENT_3D('',#16330,#13145,#13146);
#10604=AXIS2_PLACEMENT_3D('',#16334,#13149,#13150);
#10605=AXIS2_PLACEMENT_3D('',#16337,#13152,#13153);
#10606=AXIS2_PLACEMENT_3D('',#16338,#13154,#13155);
#10607=AXIS2_PLACEMENT_3D('',#16342,#13157,#13158);
#10608=AXIS2_PLACEMENT_3D('',#16344,#13160,#13161);
#10609=AXIS2_PLACEMENT_3D('',#16348,#13164,#13165);
#10610=AXIS2_PLACEMENT_3D('',#16351,#13167,#13168);
#10611=AXIS2_PLACEMENT_3D('',#16352,#13169,#13170);
#10612=AXIS2_PLACEMENT_3D('',#16356,#13172,#13173);
#10613=AXIS2_PLACEMENT_3D('',#16358,#13175,#13176);
#10614=AXIS2_PLACEMENT_3D('',#16362,#13179,#13180);
#10615=AXIS2_PLACEMENT_3D('',#16368,#13184,#13185);
#10616=AXIS2_PLACEMENT_3D('',#16371,#13187,#13188);
#10617=AXIS2_PLACEMENT_3D('',#16372,#13189,#13190);
#10618=AXIS2_PLACEMENT_3D('',#16376,#13192,#13193);
#10619=AXIS2_PLACEMENT_3D('',#16378,#13195,#13196);
#10620=AXIS2_PLACEMENT_3D('',#16382,#13199,#13200);
#10621=AXIS2_PLACEMENT_3D('',#16386,#13202,#13203);
#10622=AXIS2_PLACEMENT_3D('',#16388,#13205,#13206);
#10623=AXIS2_PLACEMENT_3D('',#16392,#13209,#13210);
#10624=AXIS2_PLACEMENT_3D('',#16395,#13212,#13213);
#10625=AXIS2_PLACEMENT_3D('',#16396,#13214,#13215);
#10626=AXIS2_PLACEMENT_3D('',#16399,#13217,#13218);
#10627=AXIS2_PLACEMENT_3D('',#16400,#13219,#13220);
#10628=AXIS2_PLACEMENT_3D('',#16403,#13222,#13223);
#10629=AXIS2_PLACEMENT_3D('',#16404,#13224,#13225);
#10630=AXIS2_PLACEMENT_3D('',#16408,#13227,#13228);
#10631=AXIS2_PLACEMENT_3D('',#16410,#13230,#13231);
#10632=AXIS2_PLACEMENT_3D('',#16414,#13234,#13235);
#10633=AXIS2_PLACEMENT_3D('',#16418,#13237,#13238);
#10634=AXIS2_PLACEMENT_3D('',#16420,#13240,#13241);
#10635=AXIS2_PLACEMENT_3D('',#16424,#13244,#13245);
#10636=AXIS2_PLACEMENT_3D('',#16427,#13247,#13248);
#10637=AXIS2_PLACEMENT_3D('',#16428,#13249,#13250);
#10638=AXIS2_PLACEMENT_3D('',#16431,#13252,#13253);
#10639=AXIS2_PLACEMENT_3D('',#16432,#13254,#13255);
#10640=AXIS2_PLACEMENT_3D('',#16436,#13257,#13258);
#10641=AXIS2_PLACEMENT_3D('',#16438,#13260,#13261);
#10642=AXIS2_PLACEMENT_3D('',#16442,#13264,#13265);
#10643=AXIS2_PLACEMENT_3D('',#16446,#13267,#13268);
#10644=AXIS2_PLACEMENT_3D('',#16448,#13270,#13271);
#10645=AXIS2_PLACEMENT_3D('',#16452,#13274,#13275);
#10646=AXIS2_PLACEMENT_3D('',#16455,#13277,#13278);
#10647=AXIS2_PLACEMENT_3D('',#16456,#13279,#13280);
#10648=AXIS2_PLACEMENT_3D('',#16459,#13282,#13283);
#10649=AXIS2_PLACEMENT_3D('',#16460,#13284,#13285);
#10650=AXIS2_PLACEMENT_3D('',#16464,#13287,#13288);
#10651=AXIS2_PLACEMENT_3D('',#16466,#13290,#13291);
#10652=AXIS2_PLACEMENT_3D('',#16470,#13294,#13295);
#10653=AXIS2_PLACEMENT_3D('',#16474,#13297,#13298);
#10654=AXIS2_PLACEMENT_3D('',#16476,#13300,#13301);
#10655=AXIS2_PLACEMENT_3D('',#16480,#13304,#13305);
#10656=AXIS2_PLACEMENT_3D('',#16483,#13307,#13308);
#10657=AXIS2_PLACEMENT_3D('',#16484,#13309,#13310);
#10658=AXIS2_PLACEMENT_3D('',#16487,#13312,#13313);
#10659=AXIS2_PLACEMENT_3D('',#16488,#13314,#13315);
#10660=AXIS2_PLACEMENT_3D('',#16492,#13317,#13318);
#10661=AXIS2_PLACEMENT_3D('',#16494,#13320,#13321);
#10662=AXIS2_PLACEMENT_3D('',#16498,#13324,#13325);
#10663=AXIS2_PLACEMENT_3D('',#16502,#13327,#13328);
#10664=AXIS2_PLACEMENT_3D('',#16504,#13330,#13331);
#10665=AXIS2_PLACEMENT_3D('',#16508,#13334,#13335);
#10666=AXIS2_PLACEMENT_3D('',#16511,#13337,#13338);
#10667=AXIS2_PLACEMENT_3D('',#16512,#13339,#13340);
#10668=AXIS2_PLACEMENT_3D('',#16515,#13342,#13343);
#10669=AXIS2_PLACEMENT_3D('',#16516,#13344,#13345);
#10670=AXIS2_PLACEMENT_3D('',#16522,#13349,#13350);
#10671=AXIS2_PLACEMENT_3D('',#16525,#13352,#13353);
#10672=AXIS2_PLACEMENT_3D('',#16526,#13354,#13355);
#10673=AXIS2_PLACEMENT_3D('',#16528,#13357,#13358);
#10674=AXIS2_PLACEMENT_3D('',#16530,#13360,#13361);
#10675=AXIS2_PLACEMENT_3D('',#16532,#13363,#13364);
#10676=AXIS2_PLACEMENT_3D('',#16534,#13366,#13367);
#10677=AXIS2_PLACEMENT_3D('',#16536,#13369,#13370);
#10678=AXIS2_PLACEMENT_3D('',#16538,#13372,#13373);
#10679=AXIS2_PLACEMENT_3D('',#16540,#13375,#13376);
#10680=AXIS2_PLACEMENT_3D('',#16542,#13378,#13379);
#10681=AXIS2_PLACEMENT_3D('',#16546,#13382,#13383);
#10682=AXIS2_PLACEMENT_3D('',#16547,#13384,#13385);
#10683=AXIS2_PLACEMENT_3D('',#16548,#13386,#13387);
#10684=AXIS2_PLACEMENT_3D('',#16550,#13389,#13390);
#10685=AXIS2_PLACEMENT_3D('',#16552,#13392,#13393);
#10686=AXIS2_PLACEMENT_3D('',#16554,#13395,#13396);
#10687=AXIS2_PLACEMENT_3D('',#16556,#13398,#13399);
#10688=AXIS2_PLACEMENT_3D('',#16558,#13401,#13402);
#10689=AXIS2_PLACEMENT_3D('',#16560,#13404,#13405);
#10690=AXIS2_PLACEMENT_3D('',#16562,#13407,#13408);
#10691=AXIS2_PLACEMENT_3D('',#16566,#13411,#13412);
#10692=AXIS2_PLACEMENT_3D('',#16567,#13413,#13414);
#10693=AXIS2_PLACEMENT_3D('',#16568,#13415,#13416);
#10694=AXIS2_PLACEMENT_3D('',#16571,#13418,#13419);
#10695=AXIS2_PLACEMENT_3D('',#16572,#13420,#13421);
#10696=AXIS2_PLACEMENT_3D('',#16576,#13423,#13424);
#10697=AXIS2_PLACEMENT_3D('',#16578,#13426,#13427);
#10698=AXIS2_PLACEMENT_3D('',#16580,#13429,#13430);
#10699=AXIS2_PLACEMENT_3D('',#16583,#13431,#13432);
#10700=AXIS2_PLACEMENT_3D('',#16586,#13435,#13436);
#10701=AXIS2_PLACEMENT_3D('',#16588,#13438,#13439);
#10702=AXIS2_PLACEMENT_3D('',#16592,#13441,#13442);
#10703=AXIS2_PLACEMENT_3D('',#16600,#13446,#13447);
#10704=AXIS2_PLACEMENT_3D('',#16603,#13449,#13450);
#10705=AXIS2_PLACEMENT_3D('',#16604,#13451,#13452);
#10706=AXIS2_PLACEMENT_3D('',#16607,#13455,#13456);
#10707=AXIS2_PLACEMENT_3D('',#16617,#13462,#13463);
#10708=AXIS2_PLACEMENT_3D('',#16620,#13466,#13467);
#10709=AXIS2_PLACEMENT_3D('',#16622,#13469,#13470);
#10710=AXIS2_PLACEMENT_3D('',#16623,#13471,#13472);
#10711=AXIS2_PLACEMENT_3D('',#16626,#13473,#13474);
#10712=AXIS2_PLACEMENT_3D('',#16629,#13477,#13478);
#10713=AXIS2_PLACEMENT_3D('',#16633,#13481,#13482);
#10714=AXIS2_PLACEMENT_3D('',#16638,#13485,#13486);
#10715=AXIS2_PLACEMENT_3D('',#16642,#13488,#13489);
#10716=AXIS2_PLACEMENT_3D('',#16646,#13491,#13492);
#10717=AXIS2_PLACEMENT_3D('',#16649,#13494,#13495);
#10718=AXIS2_PLACEMENT_3D('',#16650,#13496,#13497);
#10719=AXIS2_PLACEMENT_3D('',#16651,#13498,#13499);
#10720=AXIS2_PLACEMENT_3D('',#16652,#13500,#13501);
#10721=AXIS2_PLACEMENT_3D('',#16654,#13503,#13504);
#10722=AXIS2_PLACEMENT_3D('',#16657,#13507,#13508);
#10723=AXIS2_PLACEMENT_3D('',#16659,#13510,#13511);
#10724=AXIS2_PLACEMENT_3D('',#16661,#13513,#13514);
#10725=AXIS2_PLACEMENT_3D('',#16663,#13516,#13517);
#10726=AXIS2_PLACEMENT_3D('',#16664,#13518,#13519);
#10727=AXIS2_PLACEMENT_3D('',#16667,#13520,#13521);
#10728=AXIS2_PLACEMENT_3D('',#16670,#13524,#13525);
#10729=AXIS2_PLACEMENT_3D('',#16674,#13528,#13529);
#10730=AXIS2_PLACEMENT_3D('',#16677,#13530,#13531);
#10731=AXIS2_PLACEMENT_3D('',#16680,#13534,#13535);
#10732=AXIS2_PLACEMENT_3D('',#16682,#13537,#13538);
#10733=AXIS2_PLACEMENT_3D('',#16686,#13540,#13541);
#10734=AXIS2_PLACEMENT_3D('',#16688,#13543,#13544);
#10735=AXIS2_PLACEMENT_3D('',#16692,#13547,#13548);
#10736=AXIS2_PLACEMENT_3D('',#16694,#13549,#13550);
#10737=AXIS2_PLACEMENT_3D('',#16696,#13552,#13553);
#10738=AXIS2_PLACEMENT_3D('',#16700,#13556,#13557);
#10739=AXIS2_PLACEMENT_3D('',#16706,#13561,#13562);
#10740=AXIS2_PLACEMENT_3D('',#16710,#13565,#13566);
#10741=AXIS2_PLACEMENT_3D('',#16714,#13569,#13570);
#10742=AXIS2_PLACEMENT_3D('',#16716,#13572,#13573);
#10743=AXIS2_PLACEMENT_3D('',#16718,#13575,#13576);
#10744=AXIS2_PLACEMENT_3D('',#16722,#13579,#13580);
#10745=AXIS2_PLACEMENT_3D('',#16726,#13583,#13584);
#10746=AXIS2_PLACEMENT_3D('',#16728,#13586,#13587);
#10747=AXIS2_PLACEMENT_3D('',#16734,#13591,#13592);
#10748=AXIS2_PLACEMENT_3D('',#16736,#13594,#13595);
#10749=AXIS2_PLACEMENT_3D('',#16737,#13596,#13597);
#10750=AXIS2_PLACEMENT_3D('',#16739,#13599,#13600);
#10751=AXIS2_PLACEMENT_3D('',#16740,#13601,#13602);
#10752=DIRECTION('axis',(0.,0.,1.));
#10753=DIRECTION('refdir',(1.,0.,0.));
#10754=DIRECTION('center_axis',(0.,-1.,0.));
#10755=DIRECTION('ref_axis',(-0.707106781186548,0.,-0.707106781186547));
#10756=DIRECTION('',(0.,1.,0.));
#10757=DIRECTION('center_axis',(0.,1.,0.));
#10758=DIRECTION('ref_axis',(-0.707106781186548,0.,-0.707106781186547));
#10759=DIRECTION('',(0.,-1.,0.));
#10760=DIRECTION('center_axis',(0.,-0.707106781186547,-0.707106781186548));
#10761=DIRECTION('ref_axis',(5.15122197730897E-17,0.707106781186548,-0.707106781186547));
#10762=DIRECTION('',(0.,1.,0.));
#10763=DIRECTION('center_axis',(0.,0.,-1.));
#10764=DIRECTION('ref_axis',(-1.,0.,0.));
#10765=DIRECTION('center_axis',(0.,0.,-1.));
#10766=DIRECTION('ref_axis',(0.993905415870118,-0.110236220472436,0.));
#10767=DIRECTION('center_axis',(0.,0.,-1.));
#10768=DIRECTION('ref_axis',(0.707106781186547,0.707106781186547,0.));
#10769=DIRECTION('center_axis',(0.,0.,-1.));
#10770=DIRECTION('ref_axis',(-1.,0.,0.));
#10771=DIRECTION('center_axis',(0.,0.,-1.));
#10772=DIRECTION('ref_axis',(-1.,0.,0.));
#10773=DIRECTION('center_axis',(-1.,0.,0.));
#10774=DIRECTION('ref_axis',(0.,0.,1.));
#10775=DIRECTION('',(0.,2.76060428833441E-16,1.));
#10776=DIRECTION('',(0.,-1.,0.));
#10777=DIRECTION('',(0.,-4.09777199049639E-16,-1.));
#10778=DIRECTION('',(0.,1.,-1.74838271594512E-15));
#10779=DIRECTION('center_axis',(-1.,0.,0.));
#10780=DIRECTION('ref_axis',(0.,0.707106781186541,0.707106781186554));
#10781=DIRECTION('',(0.,-5.82794238648376E-16,-1.));
#10782=DIRECTION('center_axis',(-1.,0.,0.));
#10783=DIRECTION('ref_axis',(0.,0.996194698091746,-0.087155742747654));
#10784=DIRECTION('',(0.,-0.173648177666931,-0.984807753012208));
#10785=DIRECTION('center_axis',(-1.,0.,0.));
#10786=DIRECTION('ref_axis',(0.,0.642787609686545,-0.766044443118973));
#10787=DIRECTION('',(0.,-1.,0.));
#10788=DIRECTION('center_axis',(-1.,0.,0.));
#10789=DIRECTION('ref_axis',(0.,-0.642787609686519,-0.766044443118995));
#10790=DIRECTION('',(0.,-0.17364817766693,0.984807753012208));
#10791=DIRECTION('center_axis',(-1.,0.,0.));
#10792=DIRECTION('ref_axis',(0.,-0.996194698091746,-0.087155742747657));
#10793=DIRECTION('',(0.,5.24514814783538E-16,1.));
#10794=DIRECTION('center_axis',(-1.,0.,0.));
#10795=DIRECTION('ref_axis',(0.,-0.707106781186541,0.707106781186554));
#10796=DIRECTION('',(0.,1.,0.));
#10797=DIRECTION('',(0.,7.10280478352708E-16,1.));
#10798=DIRECTION('',(0.,-1.,0.));
#10799=DIRECTION('',(0.,-4.09777199049639E-16,-1.));
#10800=DIRECTION('',(0.,1.,-1.74838271594512E-15));
#10801=DIRECTION('center_axis',(-1.,0.,0.));
#10802=DIRECTION('ref_axis',(0.,0.707106781186541,0.707106781186554));
#10803=DIRECTION('',(0.,-5.82794238648376E-16,-1.));
#10804=DIRECTION('center_axis',(-1.,0.,0.));
#10805=DIRECTION('ref_axis',(0.,0.996194698091746,-0.087155742747657));
#10806=DIRECTION('',(0.,-0.173648177666931,-0.984807753012208));
#10807=DIRECTION('center_axis',(-1.,0.,0.));
#10808=DIRECTION('ref_axis',(0.,0.642787609686545,-0.766044443118973));
#10809=DIRECTION('',(0.,-1.,0.));
#10810=DIRECTION('center_axis',(-1.,0.,0.));
#10811=DIRECTION('ref_axis',(0.,-0.642787609686545,-0.766044443118973));
#10812=DIRECTION('',(0.,-0.17364817766693,0.984807753012208));
#10813=DIRECTION('center_axis',(-1.,0.,0.));
#10814=DIRECTION('ref_axis',(0.,-0.996194698091746,-0.087155742747657));
#10815=DIRECTION('',(0.,5.24514814783538E-16,1.));
#10816=DIRECTION('center_axis',(-1.,0.,0.));
#10817=DIRECTION('ref_axis',(0.,-0.707106781186566,0.707106781186529));
#10818=DIRECTION('',(0.,1.,0.));
#10819=DIRECTION('',(0.,7.10280478352708E-16,1.));
#10820=DIRECTION('',(0.,-1.,0.));
#10821=DIRECTION('',(0.,-4.09777199049639E-16,-1.));
#10822=DIRECTION('',(0.,1.,-1.74838271594512E-15));
#10823=DIRECTION('center_axis',(-1.,0.,0.));
#10824=DIRECTION('ref_axis',(0.,0.707106781186554,0.707106781186541));
#10825=DIRECTION('',(0.,-5.82794238648376E-16,-1.));
#10826=DIRECTION('center_axis',(-1.,0.,0.));
#10827=DIRECTION('ref_axis',(0.,0.996194698091746,-0.0871557427476555));
#10828=DIRECTION('',(0.,-0.173648177666931,-0.984807753012208));
#10829=DIRECTION('center_axis',(-1.,0.,0.));
#10830=DIRECTION('ref_axis',(0.,0.642787609686545,-0.766044443118973));
#10831=DIRECTION('',(0.,-1.,0.));
#10832=DIRECTION('center_axis',(-1.,0.,0.));
#10833=DIRECTION('ref_axis',(0.,-0.642787609686559,-0.766044443118962));
#10834=DIRECTION('',(0.,-0.17364817766693,0.984807753012208));
#10835=DIRECTION('center_axis',(-1.,0.,0.));
#10836=DIRECTION('ref_axis',(0.,-0.996194698091746,-0.0871557427476555));
#10837=DIRECTION('',(0.,5.24514814783538E-16,1.));
#10838=DIRECTION('center_axis',(-1.,0.,0.));
#10839=DIRECTION('ref_axis',(0.,-0.707106781186554,0.707106781186541));
#10840=DIRECTION('',(0.,1.,0.));
#10841=DIRECTION('',(0.,7.10280478352708E-16,1.));
#10842=DIRECTION('',(0.,-1.,0.));
#10843=DIRECTION('',(0.,-4.09777199049639E-16,-1.));
#10844=DIRECTION('',(0.,1.,-1.74838271594512E-15));
#10845=DIRECTION('center_axis',(-1.,0.,0.));
#10846=DIRECTION('ref_axis',(0.,0.707106781186554,0.707106781186541));
#10847=DIRECTION('',(0.,-5.82794238648376E-16,-1.));
#10848=DIRECTION('center_axis',(-1.,0.,0.));
#10849=DIRECTION('ref_axis',(0.,0.996194698091746,-0.0871557427476555));
#10850=DIRECTION('',(0.,-0.173648177666931,-0.984807753012208));
#10851=DIRECTION('center_axis',(-1.,0.,0.));
#10852=DIRECTION('ref_axis',(0.,0.642787609686545,-0.766044443118973));
#10853=DIRECTION('',(0.,-1.,0.));
#10854=DIRECTION('center_axis',(-1.,0.,0.));
#10855=DIRECTION('ref_axis',(0.,-0.642787609686545,-0.766044443118973));
#10856=DIRECTION('',(0.,-0.17364817766693,0.984807753012208));
#10857=DIRECTION('center_axis',(-1.,0.,0.));
#10858=DIRECTION('ref_axis',(0.,-0.996194698091746,-0.0871557427476555));
#10859=DIRECTION('',(0.,5.24514814783538E-16,1.));
#10860=DIRECTION('center_axis',(-1.,0.,0.));
#10861=DIRECTION('ref_axis',(0.,-0.707106781186554,0.707106781186541));
#10862=DIRECTION('',(0.,1.,0.));
#10863=DIRECTION('',(0.,7.10280478352708E-16,1.));
#10864=DIRECTION('',(0.,-1.,0.));
#10865=DIRECTION('',(0.,0.,-1.));
#10866=DIRECTION('',(0.,1.,-2.01536273712089E-16));
#10867=DIRECTION('',(0.,0.,1.));
#10868=DIRECTION('',(0.,-1.,0.));
#10869=DIRECTION('',(0.,0.,1.));
#10870=DIRECTION('',(0.,-1.,0.));
#10871=DIRECTION('center_axis',(-1.,0.,0.));
#10872=DIRECTION('ref_axis',(0.,5.52120857666882E-16,1.));
#10873=DIRECTION('',(0.,0.,1.));
#10874=DIRECTION('',(0.,0.,-1.));
#10875=DIRECTION('',(0.,-1.,0.));
#10876=DIRECTION('center_axis',(-1.,0.,0.));
#10877=DIRECTION('ref_axis',(0.,0.,1.));
#10878=DIRECTION('center_axis',(-1.,0.,0.));
#10879=DIRECTION('ref_axis',(0.,0.,1.));
#10880=DIRECTION('center_axis',(-1.,0.,0.));
#10881=DIRECTION('ref_axis',(0.,5.52120857666882E-16,1.));
#10882=DIRECTION('center_axis',(-1.,0.,0.));
#10883=DIRECTION('ref_axis',(0.,5.52120857666882E-16,1.));
#10884=DIRECTION('center_axis',(-1.,0.,0.));
#10885=DIRECTION('ref_axis',(0.,0.,1.));
#10886=DIRECTION('center_axis',(-1.,0.,0.));
#10887=DIRECTION('ref_axis',(0.,0.,1.));
#10888=DIRECTION('center_axis',(-1.,0.,0.));
#10889=DIRECTION('ref_axis',(0.,0.,1.));
#10890=DIRECTION('center_axis',(-1.,0.,0.));
#10891=DIRECTION('ref_axis',(0.,0.,1.));
#10892=DIRECTION('',(0.,0.,1.));
#10893=DIRECTION('',(0.,-1.,0.));
#10894=DIRECTION('',(0.,0.,1.));
#10895=DIRECTION('',(0.,-1.,0.));
#10896=DIRECTION('',(0.,0.,-1.));
#10897=DIRECTION('',(0.,-1.,0.));
#10898=DIRECTION('',(0.,0.,1.));
#10899=DIRECTION('',(0.,-1.,0.));
#10900=DIRECTION('',(0.,0.,-1.));
#10901=DIRECTION('',(0.,-1.,0.));
#10902=DIRECTION('',(0.,0.,1.));
#10903=DIRECTION('',(0.,-1.,0.));
#10904=DIRECTION('center_axis',(0.,-1.,0.));
#10905=DIRECTION('ref_axis',(-0.707106781186548,0.,-0.707106781186547));
#10906=DIRECTION('',(0.,1.,0.));
#10907=DIRECTION('center_axis',(0.,0.707106781186547,-0.707106781186548));
#10908=DIRECTION('ref_axis',(5.15122197730897E-17,-0.707106781186548,-0.707106781186547));
#10909=DIRECTION('center_axis',(0.,-0.707106781186547,-0.707106781186548));
#10910=DIRECTION('ref_axis',(5.15122197730897E-17,0.707106781186548,-0.707106781186547));
#10911=DIRECTION('',(0.,1.,0.));
#10912=DIRECTION('center_axis',(0.,-1.,0.));
#10913=DIRECTION('ref_axis',(-0.707106781186548,0.,-0.707106781186547));
#10914=DIRECTION('',(0.,1.,0.));
#10915=DIRECTION('center_axis',(0.,0.707106781186547,-0.707106781186548));
#10916=DIRECTION('ref_axis',(5.15122197730897E-17,-0.707106781186548,-0.707106781186547));
#10917=DIRECTION('center_axis',(0.,-0.707106781186547,-0.707106781186548));
#10918=DIRECTION('ref_axis',(5.15122197730897E-17,0.707106781186548,-0.707106781186547));
#10919=DIRECTION('',(0.,1.,0.));
#10920=DIRECTION('center_axis',(0.,-1.,0.));
#10921=DIRECTION('ref_axis',(-0.707106781186548,0.,-0.707106781186547));
#10922=DIRECTION('',(0.,1.,0.));
#10923=DIRECTION('center_axis',(0.,0.707106781186547,-0.707106781186548));
#10924=DIRECTION('ref_axis',(5.15122197730897E-17,-0.707106781186548,-0.707106781186547));
#10925=DIRECTION('center_axis',(0.,-0.707106781186547,-0.707106781186548));
#10926=DIRECTION('ref_axis',(5.15122197730897E-17,0.707106781186548,-0.707106781186547));
#10927=DIRECTION('',(0.,1.,0.));
#10928=DIRECTION('center_axis',(0.,-1.,0.));
#10929=DIRECTION('ref_axis',(-0.707106781186548,0.,-0.707106781186547));
#10930=DIRECTION('',(0.,1.,0.));
#10931=DIRECTION('center_axis',(0.,0.707106781186547,-0.707106781186548));
#10932=DIRECTION('ref_axis',(5.15122197730897E-17,-0.707106781186548,-0.707106781186547));
#10933=DIRECTION('center_axis',(0.,-0.707106781186547,-0.707106781186548));
#10934=DIRECTION('ref_axis',(5.15122197730897E-17,0.707106781186548,-0.707106781186547));
#10935=DIRECTION('',(0.,1.,0.));
#10936=DIRECTION('center_axis',(0.,0.,1.));
#10937=DIRECTION('ref_axis',(-0.233149327078621,0.972440944881892,0.));
#10938=DIRECTION('center_axis',(0.,0.,1.));
#10939=DIRECTION('ref_axis',(-0.233149327078621,0.972440944881892,0.));
#10940=DIRECTION('',(0.,0.,1.));
#10941=DIRECTION('center_axis',(0.,0.,-1.));
#10942=DIRECTION('ref_axis',(-0.233149327078621,0.972440944881892,0.));
#10943=DIRECTION('',(0.,0.,1.));
#10944=DIRECTION('center_axis',(0.,0.,-1.));
#10945=DIRECTION('ref_axis',(-0.707106781186547,-0.707106781186547,0.));
#10946=DIRECTION('center_axis',(0.,0.,-1.));
#10947=DIRECTION('ref_axis',(-0.707106781186547,-0.707106781186547,0.));
#10948=DIRECTION('center_axis',(0.,0.,-1.));
#10949=DIRECTION('ref_axis',(-1.,0.,0.));
#10950=DIRECTION('center_axis',(0.,0.,-1.));
#10951=DIRECTION('ref_axis',(-0.707106781186547,0.707106781186547,0.));
#10952=DIRECTION('center_axis',(0.,0.,1.));
#10953=DIRECTION('ref_axis',(-1.,0.,0.));
#10954=DIRECTION('center_axis',(0.,0.,1.));
#10955=DIRECTION('ref_axis',(-0.707106781186547,0.707106781186547,0.));
#10956=DIRECTION('center_axis',(0.,0.,-1.));
#10957=DIRECTION('ref_axis',(-0.233149327078632,-0.972440944881889,0.));
#10958=DIRECTION('center_axis',(0.,0.,-1.));
#10959=DIRECTION('ref_axis',(-0.233149327078632,-0.972440944881889,0.));
#10960=DIRECTION('',(0.,0.,-1.));
#10961=DIRECTION('center_axis',(0.,0.,1.));
#10962=DIRECTION('ref_axis',(-0.233149327078632,-0.972440944881889,0.));
#10963=DIRECTION('',(0.,0.,-1.));
#10964=DIRECTION('center_axis',(0.,0.,1.));
#10965=DIRECTION('ref_axis',(-0.707106781186547,0.707106781186547,0.));
#10966=DIRECTION('center_axis',(0.,0.,-1.));
#10967=DIRECTION('ref_axis',(-0.707106781186547,0.707106781186547,0.));
#10968=DIRECTION('center_axis',(0.,0.,-1.));
#10969=DIRECTION('ref_axis',(-1.,0.,0.));
#10970=DIRECTION('center_axis',(0.,0.,-1.));
#10971=DIRECTION('ref_axis',(-1.,0.,0.));
#10972=DIRECTION('center_axis',(0.,0.,-1.));
#10973=DIRECTION('ref_axis',(-1.,0.,0.));
#10974=DIRECTION('center_axis',(0.,0.,-1.));
#10975=DIRECTION('ref_axis',(-0.707106781186547,-0.707106781186547,0.));
#10976=DIRECTION('center_axis',(0.,0.,-1.));
#10977=DIRECTION('ref_axis',(-0.707106781186547,-0.707106781186547,0.));
#10978=DIRECTION('center_axis',(0.,0.,-1.));
#10979=DIRECTION('ref_axis',(1.,0.,0.));
#10980=DIRECTION('center_axis',(0.,0.,-1.));
#10981=DIRECTION('ref_axis',(1.,0.,0.));
#10982=DIRECTION('',(0.,0.,1.));
#10983=DIRECTION('center_axis',(0.,0.,-1.));
#10984=DIRECTION('ref_axis',(0.994237918342327,-0.107195903514627,0.));
#10985=DIRECTION('center_axis',(0.,0.,1.));
#10986=DIRECTION('ref_axis',(0.994237918342327,-0.107195903514627,0.));
#10987=DIRECTION('',(0.,0.,-1.));
#10988=DIRECTION('center_axis',(0.,0.,-1.));
#10989=DIRECTION('ref_axis',(0.994237918342327,-0.107195903514627,0.));
#10990=DIRECTION('center_axis',(0.,0.,-1.));
#10991=DIRECTION('ref_axis',(-1.,0.,0.));
#10992=DIRECTION('center_axis',(0.,0.,-1.));
#10993=DIRECTION('ref_axis',(-0.707106781186547,-0.707106781186547,0.));
#10994=DIRECTION('center_axis',(0.,0.,1.));
#10995=DIRECTION('ref_axis',(-1.,0.,0.));
#10996=DIRECTION('center_axis',(0.,0.,1.));
#10997=DIRECTION('ref_axis',(-1.,0.,0.));
#10998=DIRECTION('center_axis',(0.,0.,1.));
#10999=DIRECTION('ref_axis',(-1.,0.,0.));
#11000=DIRECTION('',(0.,0.,1.));
#11001=DIRECTION('center_axis',(0.,0.,-1.));
#11002=DIRECTION('ref_axis',(-1.,0.,0.));
#11003=DIRECTION('center_axis',(0.,0.,-1.));
#11004=DIRECTION('ref_axis',(-0.707106781186547,-0.707106781186547,0.));
#11005=DIRECTION('center_axis',(0.,0.,-1.));
#11006=DIRECTION('ref_axis',(1.,0.,0.));
#11007=DIRECTION('center_axis',(0.,0.,-1.));
#11008=DIRECTION('ref_axis',(1.,0.,0.));
#11009=DIRECTION('',(0.,0.,1.));
#11010=DIRECTION('center_axis',(0.,0.,-1.));
#11011=DIRECTION('ref_axis',(0.994237918342326,-0.107195903514631,0.));
#11012=DIRECTION('center_axis',(0.,0.,1.));
#11013=DIRECTION('ref_axis',(0.994237918342326,-0.107195903514631,0.));
#11014=DIRECTION('',(0.,0.,-1.));
#11015=DIRECTION('center_axis',(0.,0.,-1.));
#11016=DIRECTION('ref_axis',(0.994237918342326,-0.107195903514631,0.));
#11017=DIRECTION('center_axis',(0.,0.,-1.));
#11018=DIRECTION('ref_axis',(-1.,0.,0.));
#11019=DIRECTION('center_axis',(0.,0.,-1.));
#11020=DIRECTION('ref_axis',(-0.707106781186547,-0.707106781186547,0.));
#11021=DIRECTION('center_axis',(0.,0.,1.));
#11022=DIRECTION('ref_axis',(-1.,0.,0.));
#11023=DIRECTION('center_axis',(0.,0.,1.));
#11024=DIRECTION('ref_axis',(-1.,0.,0.));
#11025=DIRECTION('center_axis',(0.,0.,1.));
#11026=DIRECTION('ref_axis',(-1.,0.,0.));
#11027=DIRECTION('',(0.,0.,1.));
#11028=DIRECTION('center_axis',(0.,0.,-1.));
#11029=DIRECTION('ref_axis',(-1.,0.,0.));
#11030=DIRECTION('center_axis',(0.,0.,-1.));
#11031=DIRECTION('ref_axis',(-0.707106781186547,-0.707106781186547,0.));
#11032=DIRECTION('center_axis',(0.,0.,-1.));
#11033=DIRECTION('ref_axis',(1.,0.,0.));
#11034=DIRECTION('center_axis',(0.,0.,-1.));
#11035=DIRECTION('ref_axis',(1.,0.,0.));
#11036=DIRECTION('',(0.,0.,1.));
#11037=DIRECTION('center_axis',(0.,0.,-1.));
#11038=DIRECTION('ref_axis',(0.993905415870118,-0.110236220472436,0.));
#11039=DIRECTION('center_axis',(0.,0.,1.));
#11040=DIRECTION('ref_axis',(0.993905415870118,-0.110236220472436,0.));
#11041=DIRECTION('',(0.,0.,-1.));
#11042=DIRECTION('center_axis',(0.,0.,-1.));
#11043=DIRECTION('ref_axis',(0.707106781186547,0.707106781186547,0.));
#11044=DIRECTION('center_axis',(0.,0.,1.));
#11045=DIRECTION('ref_axis',(0.707106781186547,0.707106781186547,0.));
#11046=DIRECTION('',(0.,0.,1.));
#11047=DIRECTION('center_axis',(0.,1.,0.));
#11048=DIRECTION('ref_axis',(-1.,0.,0.));
#11049=DIRECTION('',(-1.,0.,0.));
#11050=DIRECTION('center_axis',(0.,0.,-1.));
#11051=DIRECTION('ref_axis',(-1.,0.,0.));
#11052=DIRECTION('',(0.,0.,1.));
#11053=DIRECTION('center_axis',(0.,0.,-1.));
#11054=DIRECTION('ref_axis',(-1.,0.,0.));
#11055=DIRECTION('center_axis',(0.,0.,-1.));
#11056=DIRECTION('ref_axis',(-1.,0.,0.));
#11057=DIRECTION('center_axis',(0.,0.,-1.));
#11058=DIRECTION('ref_axis',(-1.,0.,0.));
#11059=DIRECTION('center_axis',(0.,0.,1.));
#11060=DIRECTION('ref_axis',(-1.,0.,0.));
#11061=DIRECTION('',(0.,0.,1.));
#11062=DIRECTION('center_axis',(0.,0.,-1.));
#11063=DIRECTION('ref_axis',(-1.,0.,0.));
#11064=DIRECTION('',(0.,0.,1.));
#11065=DIRECTION('center_axis',(0.,0.,-1.));
#11066=DIRECTION('ref_axis',(-1.,0.,0.));
#11067=DIRECTION('center_axis',(0.,0.,-1.));
#11068=DIRECTION('ref_axis',(-1.,0.,0.));
#11069=DIRECTION('center_axis',(0.,0.,-1.));
#11070=DIRECTION('ref_axis',(-1.,0.,0.));
#11071=DIRECTION('',(0.,0.,1.));
#11072=DIRECTION('center_axis',(0.,0.,-1.));
#11073=DIRECTION('ref_axis',(-1.,0.,0.));
#11074=DIRECTION('center_axis',(0.,0.,-1.));
#11075=DIRECTION('ref_axis',(-1.,0.,0.));
#11076=DIRECTION('center_axis',(0.,0.,-1.));
#11077=DIRECTION('ref_axis',(-1.,0.,0.));
#11078=DIRECTION('center_axis',(0.,0.,1.));
#11079=DIRECTION('ref_axis',(-1.,0.,0.));
#11080=DIRECTION('',(0.,0.,1.));
#11081=DIRECTION('center_axis',(0.,0.,-1.));
#11082=DIRECTION('ref_axis',(-1.,0.,0.));
#11083=DIRECTION('center_axis',(0.,0.,-1.));
#11084=DIRECTION('ref_axis',(-1.,0.,0.));
#11085=DIRECTION('center_axis',(0.,0.,-1.));
#11086=DIRECTION('ref_axis',(-1.,0.,0.));
#11087=DIRECTION('center_axis',(0.,0.,-1.));
#11088=DIRECTION('ref_axis',(-1.,0.,0.));
#11089=DIRECTION('center_axis',(0.,0.,-1.));
#11090=DIRECTION('ref_axis',(-1.,0.,0.));
#11091=DIRECTION('center_axis',(0.,1.,0.));
#11092=DIRECTION('ref_axis',(0.,0.,-1.));
#11093=DIRECTION('',(0.,0.,-1.));
#11094=DIRECTION('',(0.,0.,-1.));
#11095=DIRECTION('',(-1.,0.,0.));
#11096=DIRECTION('',(-1.,0.,0.));
#11097=DIRECTION('',(0.,0.,-1.));
#11098=DIRECTION('',(0.,0.,-1.));
#11099=DIRECTION('center_axis',(-1.,0.,0.));
#11100=DIRECTION('ref_axis',(0.,0.,1.));
#11101=DIRECTION('',(0.,2.76060428833441E-16,1.));
#11102=DIRECTION('center_axis',(1.,0.,0.));
#11103=DIRECTION('ref_axis',(0.,0.,1.));
#11104=DIRECTION('center_axis',(1.,0.,0.));
#11105=DIRECTION('ref_axis',(0.,0.,1.));
#11106=DIRECTION('',(0.,2.76060428833441E-16,1.));
#11107=DIRECTION('',(0.,1.,-2.01536273712089E-16));
#11108=DIRECTION('center_axis',(1.,0.,0.));
#11109=DIRECTION('ref_axis',(0.,0.,1.));
#11110=DIRECTION('center_axis',(1.,0.,0.));
#11111=DIRECTION('ref_axis',(0.,0.,1.));
#11112=DIRECTION('',(0.,1.,-2.01536273712089E-16));
#11113=DIRECTION('center_axis',(1.,0.,0.));
#11114=DIRECTION('ref_axis',(0.,0.,1.));
#11115=DIRECTION('center_axis',(1.,0.,0.));
#11116=DIRECTION('ref_axis',(0.,0.,1.));
#11117=DIRECTION('',(0.,1.,-2.01536273712089E-16));
#11118=DIRECTION('center_axis',(1.,0.,0.));
#11119=DIRECTION('ref_axis',(0.,0.,1.));
#11120=DIRECTION('center_axis',(1.,0.,0.));
#11121=DIRECTION('ref_axis',(0.,0.,1.));
#11122=DIRECTION('',(0.,1.,-2.01536273712089E-16));
#11123=DIRECTION('center_axis',(1.,0.,0.));
#11124=DIRECTION('ref_axis',(0.,5.52120857666882E-16,1.));
#11125=DIRECTION('center_axis',(1.,0.,0.));
#11126=DIRECTION('ref_axis',(0.,5.52120857666882E-16,1.));
#11127=DIRECTION('center_axis',(1.,0.,0.));
#11128=DIRECTION('ref_axis',(0.,5.52120857666882E-16,1.));
#11129=DIRECTION('center_axis',(1.,0.,0.));
#11130=DIRECTION('ref_axis',(0.,5.52120857666882E-16,1.));
#11131=DIRECTION('center_axis',(1.,0.,0.));
#11132=DIRECTION('ref_axis',(0.,5.52120857666882E-16,1.));
#11133=DIRECTION('center_axis',(1.,0.,0.));
#11134=DIRECTION('ref_axis',(0.,5.52120857666882E-16,1.));
#11135=DIRECTION('',(0.,-1.,0.));
#11136=DIRECTION('',(0.,2.76060428833441E-16,1.));
#11137=DIRECTION('center_axis',(1.,0.,0.));
#11138=DIRECTION('ref_axis',(0.,0.,1.));
#11139=DIRECTION('center_axis',(1.,0.,0.));
#11140=DIRECTION('ref_axis',(0.,0.,1.));
#11141=DIRECTION('',(0.,2.76060428833441E-16,1.));
#11142=DIRECTION('center_axis',(1.,0.,0.));
#11143=DIRECTION('ref_axis',(0.,0.,1.));
#11144=DIRECTION('center_axis',(1.,0.,0.));
#11145=DIRECTION('ref_axis',(0.,0.,1.));
#11146=DIRECTION('center_axis',(0.,0.,-1.));
#11147=DIRECTION('ref_axis',(-1.,0.,0.));
#11148=DIRECTION('center_axis',(0.,0.,-1.));
#11149=DIRECTION('ref_axis',(-1.,0.,0.));
#11150=DIRECTION('',(-0.857167300702112,1.04972719113862E-16,0.515038074910054));
#11151=DIRECTION('center_axis',(0.,0.,-1.));
#11152=DIRECTION('ref_axis',(-1.,0.,0.));
#11153=DIRECTION('center_axis',(0.,0.,1.));
#11154=DIRECTION('ref_axis',(-1.,0.,0.));
#11155=DIRECTION('',(0.,0.,1.));
#11156=DIRECTION('center_axis',(0.,0.,-1.));
#11157=DIRECTION('ref_axis',(-1.,0.,0.));
#11158=DIRECTION('center_axis',(0.,0.,-1.));
#11159=DIRECTION('ref_axis',(-1.,0.,0.));
#11160=DIRECTION('',(-0.857167300702112,1.04972719113862E-16,0.515038074910054));
#11161=DIRECTION('center_axis',(0.,0.,-1.));
#11162=DIRECTION('ref_axis',(-1.,0.,0.));
#11163=DIRECTION('center_axis',(0.,0.,1.));
#11164=DIRECTION('ref_axis',(-1.,0.,0.));
#11165=DIRECTION('',(0.,0.,1.));
#11166=DIRECTION('center_axis',(0.,0.,-1.));
#11167=DIRECTION('ref_axis',(-1.,0.,0.));
#11168=DIRECTION('center_axis',(0.,0.,-1.));
#11169=DIRECTION('ref_axis',(-1.,0.,0.));
#11170=DIRECTION('',(-0.857167300702112,1.04972719113862E-16,0.515038074910054));
#11171=DIRECTION('center_axis',(0.,0.,-1.));
#11172=DIRECTION('ref_axis',(-1.,0.,0.));
#11173=DIRECTION('center_axis',(0.,0.,1.));
#11174=DIRECTION('ref_axis',(-1.,0.,0.));
#11175=DIRECTION('',(0.,0.,1.));
#11176=DIRECTION('center_axis',(0.,0.,-1.));
#11177=DIRECTION('ref_axis',(-1.,0.,0.));
#11178=DIRECTION('center_axis',(0.,0.,-1.));
#11179=DIRECTION('ref_axis',(-1.,0.,0.));
#11180=DIRECTION('',(-0.857167300702112,1.04972719113862E-16,0.515038074910054));
#11181=DIRECTION('center_axis',(0.,0.,-1.));
#11182=DIRECTION('ref_axis',(-1.,0.,0.));
#11183=DIRECTION('center_axis',(0.,0.,1.));
#11184=DIRECTION('ref_axis',(-1.,0.,0.));
#11185=DIRECTION('',(0.,0.,1.));
#11186=DIRECTION('center_axis',(0.,0.,-1.));
#11187=DIRECTION('ref_axis',(-1.,0.,0.));
#11188=DIRECTION('center_axis',(0.,0.,-1.));
#11189=DIRECTION('ref_axis',(-1.,0.,0.));
#11190=DIRECTION('',(-0.857167300702112,1.04972719113862E-16,0.515038074910054));
#11191=DIRECTION('center_axis',(0.,0.,-1.));
#11192=DIRECTION('ref_axis',(-1.,0.,0.));
#11193=DIRECTION('center_axis',(0.,0.,1.));
#11194=DIRECTION('ref_axis',(-1.,0.,0.));
#11195=DIRECTION('',(0.,0.,1.));
#11196=DIRECTION('center_axis',(-1.,0.,0.));
#11197=DIRECTION('ref_axis',(0.,5.52120857666882E-16,1.));
#11198=DIRECTION('',(0.754709580222772,2.81879814775846E-16,0.656059028990507));
#11199=DIRECTION('center_axis',(1.,0.,0.));
#11200=DIRECTION('ref_axis',(0.,5.52120857666882E-16,1.));
#11201=DIRECTION('center_axis',(1.,0.,0.));
#11202=DIRECTION('ref_axis',(0.,5.52120857666882E-16,1.));
#11203=DIRECTION('',(1.,0.,0.));
#11204=DIRECTION('center_axis',(-1.,0.,0.));
#11205=DIRECTION('ref_axis',(0.,5.52120857666882E-16,1.));
#11206=DIRECTION('',(0.754709580222772,2.81879814775846E-16,0.656059028990507));
#11207=DIRECTION('center_axis',(1.,0.,0.));
#11208=DIRECTION('ref_axis',(0.,5.52120857666882E-16,1.));
#11209=DIRECTION('center_axis',(1.,0.,0.));
#11210=DIRECTION('ref_axis',(0.,5.52120857666882E-16,1.));
#11211=DIRECTION('',(1.,0.,0.));
#11212=DIRECTION('center_axis',(-1.,0.,0.));
#11213=DIRECTION('ref_axis',(0.,5.52120857666882E-16,1.));
#11214=DIRECTION('',(0.754709580222772,2.81879814775846E-16,0.656059028990507));
#11215=DIRECTION('center_axis',(1.,0.,0.));
#11216=DIRECTION('ref_axis',(0.,5.52120857666882E-16,1.));
#11217=DIRECTION('center_axis',(1.,0.,0.));
#11218=DIRECTION('ref_axis',(0.,5.52120857666882E-16,1.));
#11219=DIRECTION('',(1.,0.,0.));
#11220=DIRECTION('center_axis',(-1.,0.,0.));
#11221=DIRECTION('ref_axis',(0.,0.,1.));
#11222=DIRECTION('',(0.754709580222772,8.03440589904945E-17,0.656059028990507));
#11223=DIRECTION('center_axis',(-1.,0.,0.));
#11224=DIRECTION('ref_axis',(0.,0.,1.));
#11225=DIRECTION('center_axis',(-1.,0.,0.));
#11226=DIRECTION('ref_axis',(0.,0.,1.));
#11227=DIRECTION('',(1.,0.,0.));
#11228=DIRECTION('center_axis',(-1.,0.,0.));
#11229=DIRECTION('ref_axis',(0.,0.,1.));
#11230=DIRECTION('',(0.754709580222772,8.03440589904945E-17,0.656059028990507));
#11231=DIRECTION('center_axis',(-1.,0.,0.));
#11232=DIRECTION('ref_axis',(0.,0.,1.));
#11233=DIRECTION('center_axis',(-1.,0.,0.));
#11234=DIRECTION('ref_axis',(0.,0.,1.));
#11235=DIRECTION('',(1.,0.,0.));
#11236=DIRECTION('center_axis',(0.,2.01536273712089E-16,1.));
#11237=DIRECTION('ref_axis',(0.,1.,-2.01536273712089E-16));
#11238=DIRECTION('',(-1.,0.,0.));
#11239=DIRECTION('center_axis',(-1.,0.,0.));
#11240=DIRECTION('ref_axis',(0.,0.,1.));
#11241=DIRECTION('',(0.754709580222772,8.03440589904945E-17,0.656059028990507));
#11242=DIRECTION('center_axis',(-1.,0.,0.));
#11243=DIRECTION('ref_axis',(0.,0.,1.));
#11244=DIRECTION('center_axis',(-1.,0.,0.));
#11245=DIRECTION('ref_axis',(0.,0.,1.));
#11246=DIRECTION('',(1.,0.,0.));
#11247=DIRECTION('center_axis',(-1.,0.,0.));
#11248=DIRECTION('ref_axis',(0.,0.,1.));
#11249=DIRECTION('',(0.754709580222772,8.03440589904945E-17,0.656059028990507));
#11250=DIRECTION('center_axis',(-1.,0.,0.));
#11251=DIRECTION('ref_axis',(0.,0.,1.));
#11252=DIRECTION('center_axis',(-1.,0.,0.));
#11253=DIRECTION('ref_axis',(0.,0.,1.));
#11254=DIRECTION('',(1.,0.,0.));
#11255=DIRECTION('center_axis',(-1.,0.,0.));
#11256=DIRECTION('ref_axis',(0.,0.,1.));
#11257=DIRECTION('',(0.754709580222772,8.03440589904945E-17,0.656059028990507));
#11258=DIRECTION('center_axis',(-1.,0.,0.));
#11259=DIRECTION('ref_axis',(0.,0.,1.));
#11260=DIRECTION('center_axis',(-1.,0.,0.));
#11261=DIRECTION('ref_axis',(0.,0.,1.));
#11262=DIRECTION('',(1.,0.,0.));
#11263=DIRECTION('center_axis',(0.,-1.,2.76060428833441E-16));
#11264=DIRECTION('ref_axis',(0.,2.76060428833441E-16,1.));
#11265=DIRECTION('',(-1.,0.,0.));
#11266=DIRECTION('center_axis',(-1.,0.,0.));
#11267=DIRECTION('ref_axis',(0.,0.,1.));
#11268=DIRECTION('',(0.754709580222772,8.03440589904945E-17,0.656059028990507));
#11269=DIRECTION('center_axis',(-1.,0.,0.));
#11270=DIRECTION('ref_axis',(0.,0.,1.));
#11271=DIRECTION('center_axis',(-1.,0.,0.));
#11272=DIRECTION('ref_axis',(0.,0.,1.));
#11273=DIRECTION('',(1.,0.,0.));
#11274=DIRECTION('center_axis',(1.,0.,0.));
#11275=DIRECTION('ref_axis',(0.,-0.707106781186554,0.707106781186541));
#11276=DIRECTION('center_axis',(-1.,0.,0.));
#11277=DIRECTION('ref_axis',(0.,-0.707106781186554,0.707106781186541));
#11278=DIRECTION('',(-1.,0.,0.));
#11279=DIRECTION('',(1.,0.,0.));
#11280=DIRECTION('center_axis',(0.,0.,1.));
#11281=DIRECTION('ref_axis',(0.,-1.,0.));
#11282=DIRECTION('',(0.,-1.,0.));
#11283=DIRECTION('',(0.707106781186545,-0.70710678118655,0.));
#11284=DIRECTION('center_axis',(1.,0.,0.));
#11285=DIRECTION('ref_axis',(0.,0.,-1.));
#11286=DIRECTION('',(0.,-5.24514814783538E-16,-1.));
#11287=DIRECTION('center_axis',(-1.,0.,0.));
#11288=DIRECTION('ref_axis',(0.,-0.996194698091746,-0.0871557427476555));
#11289=DIRECTION('',(0.,0.17364817766693,-0.984807753012208));
#11290=DIRECTION('center_axis',(-1.,0.,0.));
#11291=DIRECTION('ref_axis',(0.,-0.642787609686545,-0.766044443118973));
#11292=DIRECTION('',(0.,1.,0.));
#11293=DIRECTION('',(0.,7.10280478352708E-16,1.));
#11294=DIRECTION('center_axis',(1.,0.,0.));
#11295=DIRECTION('ref_axis',(0.,0.707106781186554,0.707106781186541));
#11296=DIRECTION('center_axis',(-1.,0.,0.));
#11297=DIRECTION('ref_axis',(0.,0.707106781186554,0.707106781186541));
#11298=DIRECTION('',(-1.,0.,0.));
#11299=DIRECTION('',(1.,0.,0.));
#11300=DIRECTION('center_axis',(0.,1.,-5.82794238648376E-16));
#11301=DIRECTION('ref_axis',(0.,5.82794238648376E-16,1.));
#11302=DIRECTION('',(0.,5.82794238648376E-16,1.));
#11303=DIRECTION('',(1.,0.,0.));
#11304=DIRECTION('center_axis',(1.,0.,0.));
#11305=DIRECTION('ref_axis',(0.,0.,-1.));
#11306=DIRECTION('',(0.,-1.,1.74838271594512E-15));
#11307=DIRECTION('',(0.,-4.09777199049639E-16,-1.));
#11308=DIRECTION('',(0.,1.,0.));
#11309=DIRECTION('center_axis',(-1.,0.,0.));
#11310=DIRECTION('ref_axis',(0.,0.642787609686545,-0.766044443118973));
#11311=DIRECTION('',(0.,0.173648177666931,0.984807753012208));
#11312=DIRECTION('center_axis',(-1.,0.,0.));
#11313=DIRECTION('ref_axis',(0.,0.996194698091746,-0.0871557427476555));
#11314=DIRECTION('center_axis',(1.,0.,0.));
#11315=DIRECTION('ref_axis',(0.,-0.642787609686545,-0.766044443118973));
#11316=DIRECTION('',(-1.,0.,0.));
#11317=DIRECTION('',(1.,0.,0.));
#11318=DIRECTION('center_axis',(0.,-0.984807753012208,-0.17364817766693));
#11319=DIRECTION('ref_axis',(0.,0.17364817766693,-0.984807753012208));
#11320=DIRECTION('',(1.,0.,0.));
#11321=DIRECTION('center_axis',(1.,0.,0.));
#11322=DIRECTION('ref_axis',(0.,-0.996194698091746,-0.0871557427476555));
#11323=DIRECTION('',(-1.,0.,0.));
#11324=DIRECTION('center_axis',(1.,0.,0.));
#11325=DIRECTION('ref_axis',(0.,0.996194698091746,-0.0871557427476555));
#11326=DIRECTION('',(-1.,0.,0.));
#11327=DIRECTION('center_axis',(0.,0.984807753012208,-0.173648177666931));
#11328=DIRECTION('ref_axis',(0.,0.173648177666931,0.984807753012208));
#11329=DIRECTION('',(1.,0.,0.));
#11330=DIRECTION('center_axis',(1.,0.,0.));
#11331=DIRECTION('ref_axis',(0.,0.642787609686545,-0.766044443118973));
#11332=DIRECTION('',(-1.,0.,0.));
#11333=DIRECTION('center_axis',(1.,0.,0.));
#11334=DIRECTION('ref_axis',(0.,-0.707106781186554,0.707106781186541));
#11335=DIRECTION('center_axis',(-1.,0.,0.));
#11336=DIRECTION('ref_axis',(0.,-0.707106781186554,0.707106781186541));
#11337=DIRECTION('',(-1.,0.,0.));
#11338=DIRECTION('',(1.,0.,0.));
#11339=DIRECTION('center_axis',(0.,0.,1.));
#11340=DIRECTION('ref_axis',(0.,-1.,0.));
#11341=DIRECTION('',(0.,-1.,0.));
#11342=DIRECTION('',(0.707106781186548,-0.707106781186548,0.));
#11343=DIRECTION('center_axis',(1.,0.,0.));
#11344=DIRECTION('ref_axis',(0.,0.,-1.));
#11345=DIRECTION('',(0.,-5.24514814783538E-16,-1.));
#11346=DIRECTION('center_axis',(-1.,0.,0.));
#11347=DIRECTION('ref_axis',(0.,-0.996194698091746,-0.0871557427476555));
#11348=DIRECTION('',(0.,0.17364817766693,-0.984807753012208));
#11349=DIRECTION('center_axis',(-1.,0.,0.));
#11350=DIRECTION('ref_axis',(0.,-0.642787609686559,-0.766044443118962));
#11351=DIRECTION('',(0.,1.,0.));
#11352=DIRECTION('',(0.,7.10280478352708E-16,1.));
#11353=DIRECTION('center_axis',(1.,0.,0.));
#11354=DIRECTION('ref_axis',(0.,0.707106781186554,0.707106781186541));
#11355=DIRECTION('center_axis',(-1.,0.,0.));
#11356=DIRECTION('ref_axis',(0.,0.707106781186554,0.707106781186541));
#11357=DIRECTION('',(-1.,0.,0.));
#11358=DIRECTION('',(1.,0.,0.));
#11359=DIRECTION('center_axis',(0.,1.,-5.82794238648376E-16));
#11360=DIRECTION('ref_axis',(0.,5.82794238648376E-16,1.));
#11361=DIRECTION('',(0.,5.82794238648376E-16,1.));
#11362=DIRECTION('',(1.,0.,0.));
#11363=DIRECTION('center_axis',(1.,0.,0.));
#11364=DIRECTION('ref_axis',(0.,0.,-1.));
#11365=DIRECTION('',(0.,-1.,1.74838271594512E-15));
#11366=DIRECTION('',(0.,-4.09777199049639E-16,-1.));
#11367=DIRECTION('',(0.,1.,0.));
#11368=DIRECTION('center_axis',(-1.,0.,0.));
#11369=DIRECTION('ref_axis',(0.,0.642787609686545,-0.766044443118973));
#11370=DIRECTION('',(0.,0.173648177666931,0.984807753012208));
#11371=DIRECTION('center_axis',(-1.,0.,0.));
#11372=DIRECTION('ref_axis',(0.,0.996194698091746,-0.0871557427476555));
#11373=DIRECTION('center_axis',(1.,0.,0.));
#11374=DIRECTION('ref_axis',(0.,-0.642787609686559,-0.766044443118962));
#11375=DIRECTION('',(-1.,0.,0.));
#11376=DIRECTION('',(1.,0.,0.));
#11377=DIRECTION('center_axis',(0.,-0.984807753012208,-0.17364817766693));
#11378=DIRECTION('ref_axis',(0.,0.17364817766693,-0.984807753012208));
#11379=DIRECTION('',(1.,0.,0.));
#11380=DIRECTION('center_axis',(1.,0.,0.));
#11381=DIRECTION('ref_axis',(0.,-0.996194698091746,-0.0871557427476555));
#11382=DIRECTION('',(-1.,0.,0.));
#11383=DIRECTION('center_axis',(1.,0.,0.));
#11384=DIRECTION('ref_axis',(0.,0.996194698091746,-0.0871557427476555));
#11385=DIRECTION('',(-1.,0.,0.));
#11386=DIRECTION('center_axis',(0.,0.984807753012208,-0.173648177666931));
#11387=DIRECTION('ref_axis',(0.,0.173648177666931,0.984807753012208));
#11388=DIRECTION('',(1.,0.,0.));
#11389=DIRECTION('center_axis',(1.,0.,0.));
#11390=DIRECTION('ref_axis',(0.,0.642787609686545,-0.766044443118973));
#11391=DIRECTION('',(-1.,0.,0.));
#11392=DIRECTION('center_axis',(1.,0.,0.));
#11393=DIRECTION('ref_axis',(0.,-0.707106781186566,0.707106781186529));
#11394=DIRECTION('center_axis',(-1.,0.,0.));
#11395=DIRECTION('ref_axis',(0.,-0.707106781186566,0.707106781186529));
#11396=DIRECTION('',(-1.,0.,0.));
#11397=DIRECTION('',(1.,0.,0.));
#11398=DIRECTION('center_axis',(0.,0.,1.));
#11399=DIRECTION('ref_axis',(0.,-1.,0.));
#11400=DIRECTION('',(0.,-1.,0.));
#11401=DIRECTION('',(0.707106781186548,-0.707106781186548,0.));
#11402=DIRECTION('center_axis',(1.,0.,0.));
#11403=DIRECTION('ref_axis',(0.,0.,-1.));
#11404=DIRECTION('',(0.,-5.24514814783538E-16,-1.));
#11405=DIRECTION('center_axis',(-1.,0.,0.));
#11406=DIRECTION('ref_axis',(0.,-0.996194698091746,-0.087155742747657));
#11407=DIRECTION('',(0.,0.17364817766693,-0.984807753012208));
#11408=DIRECTION('center_axis',(-1.,0.,0.));
#11409=DIRECTION('ref_axis',(0.,-0.642787609686545,-0.766044443118973));
#11410=DIRECTION('',(0.,1.,0.));
#11411=DIRECTION('',(0.,7.10280478352708E-16,1.));
#11412=DIRECTION('center_axis',(1.,0.,0.));
#11413=DIRECTION('ref_axis',(0.,0.707106781186541,0.707106781186554));
#11414=DIRECTION('center_axis',(-1.,0.,0.));
#11415=DIRECTION('ref_axis',(0.,0.707106781186541,0.707106781186554));
#11416=DIRECTION('',(-1.,0.,0.));
#11417=DIRECTION('',(1.,0.,0.));
#11418=DIRECTION('center_axis',(0.,1.,-5.82794238648376E-16));
#11419=DIRECTION('ref_axis',(0.,5.82794238648376E-16,1.));
#11420=DIRECTION('',(0.,5.82794238648376E-16,1.));
#11421=DIRECTION('',(1.,0.,0.));
#11422=DIRECTION('center_axis',(1.,0.,0.));
#11423=DIRECTION('ref_axis',(0.,0.,-1.));
#11424=DIRECTION('',(0.,-1.,1.74838271594512E-15));
#11425=DIRECTION('',(0.,-4.09777199049639E-16,-1.));
#11426=DIRECTION('',(0.,1.,0.));
#11427=DIRECTION('center_axis',(-1.,0.,0.));
#11428=DIRECTION('ref_axis',(0.,0.642787609686545,-0.766044443118973));
#11429=DIRECTION('',(0.,0.173648177666931,0.984807753012208));
#11430=DIRECTION('center_axis',(-1.,0.,0.));
#11431=DIRECTION('ref_axis',(0.,0.996194698091746,-0.087155742747657));
#11432=DIRECTION('center_axis',(1.,0.,0.));
#11433=DIRECTION('ref_axis',(0.,-0.642787609686545,-0.766044443118973));
#11434=DIRECTION('',(-1.,0.,0.));
#11435=DIRECTION('',(1.,0.,0.));
#11436=DIRECTION('center_axis',(0.,-0.984807753012208,-0.17364817766693));
#11437=DIRECTION('ref_axis',(0.,0.17364817766693,-0.984807753012208));
#11438=DIRECTION('',(1.,0.,0.));
#11439=DIRECTION('center_axis',(1.,0.,0.));
#11440=DIRECTION('ref_axis',(0.,-0.996194698091746,-0.087155742747657));
#11441=DIRECTION('',(-1.,0.,0.));
#11442=DIRECTION('center_axis',(1.,0.,0.));
#11443=DIRECTION('ref_axis',(0.,0.996194698091746,-0.087155742747657));
#11444=DIRECTION('',(-1.,0.,0.));
#11445=DIRECTION('center_axis',(0.,0.984807753012208,-0.173648177666931));
#11446=DIRECTION('ref_axis',(0.,0.173648177666931,0.984807753012208));
#11447=DIRECTION('',(1.,0.,0.));
#11448=DIRECTION('center_axis',(1.,0.,0.));
#11449=DIRECTION('ref_axis',(0.,0.642787609686545,-0.766044443118973));
#11450=DIRECTION('',(-1.,0.,0.));
#11451=DIRECTION('center_axis',(0.70710678118655,-0.707106781186545,2.89756236223629E-16));
#11452=DIRECTION('ref_axis',(4.09777199049636E-16,0.,-1.));
#11453=DIRECTION('',(-0.707106781186545,-0.70710678118655,1.23629327455415E-15));
#11454=DIRECTION('',(0.707106781186545,0.70710678118655,0.));
#11455=DIRECTION('center_axis',(0.70710678118655,0.707106781186545,-5.02244142787623E-16));
#11456=DIRECTION('ref_axis',(-7.10280478352703E-16,0.,-1.));
#11457=DIRECTION('',(-0.707106781186545,0.70710678118655,0.));
#11458=DIRECTION('center_axis',(0.70710678118655,-0.707106781186545,2.89756236223629E-16));
#11459=DIRECTION('ref_axis',(4.09777199049636E-16,0.,-1.));
#11460=DIRECTION('',(-0.707106781186545,-0.70710678118655,1.23629327455415E-15));
#11461=DIRECTION('',(0.707106781186545,0.70710678118655,0.));
#11462=DIRECTION('center_axis',(0.707106781186548,0.707106781186548,-5.02244142787625E-16));
#11463=DIRECTION('ref_axis',(-7.10280478352708E-16,0.,-1.));
#11464=DIRECTION('',(-0.707106781186548,0.707106781186548,0.));
#11465=DIRECTION('center_axis',(0.707106781186552,-0.707106781186543,2.89756236223628E-16));
#11466=DIRECTION('ref_axis',(4.09777199049634E-16,0.,-1.));
#11467=DIRECTION('',(-0.707106781186543,-0.707106781186552,1.23629327455416E-15));
#11468=DIRECTION('',(0.707106781186543,0.707106781186552,0.));
#11469=DIRECTION('center_axis',(0.707106781186548,0.707106781186548,-5.02244142787625E-16));
#11470=DIRECTION('ref_axis',(-7.10280478352708E-16,0.,-1.));
#11471=DIRECTION('',(-0.707106781186548,0.707106781186548,0.));
#11472=DIRECTION('center_axis',(0.,-1.,5.24514814783538E-16));
#11473=DIRECTION('ref_axis',(0.,-5.24514814783538E-16,-1.));
#11474=DIRECTION('center_axis',(0.,1.74838271594512E-15,1.));
#11475=DIRECTION('ref_axis',(0.,-1.,1.74838271594512E-15));
#11476=DIRECTION('center_axis',(0.,-1.,5.24514814783538E-16));
#11477=DIRECTION('ref_axis',(0.,-5.24514814783538E-16,-1.));
#11478=DIRECTION('center_axis',(0.,1.74838271594512E-15,1.));
#11479=DIRECTION('ref_axis',(0.,-1.,1.74838271594512E-15));
#11480=DIRECTION('center_axis',(0.,-1.,5.24514814783538E-16));
#11481=DIRECTION('ref_axis',(0.,-5.24514814783538E-16,-1.));
#11482=DIRECTION('center_axis',(0.,1.74838271594512E-15,1.));
#11483=DIRECTION('ref_axis',(0.,-1.,1.74838271594512E-15));
#11484=DIRECTION('center_axis',(1.,0.,0.));
#11485=DIRECTION('ref_axis',(0.,-0.707106781186541,0.707106781186554));
#11486=DIRECTION('center_axis',(-1.,0.,0.));
#11487=DIRECTION('ref_axis',(0.,-0.707106781186541,0.707106781186554));
#11488=DIRECTION('',(-1.,0.,0.));
#11489=DIRECTION('',(1.,0.,0.));
#11490=DIRECTION('center_axis',(0.,0.,1.));
#11491=DIRECTION('ref_axis',(0.,-1.,0.));
#11492=DIRECTION('',(0.,-1.,0.));
#11493=DIRECTION('',(0.707106781186543,-0.707106781186552,0.));
#11494=DIRECTION('center_axis',(1.,0.,0.));
#11495=DIRECTION('ref_axis',(0.,0.,-1.));
#11496=DIRECTION('',(0.,-5.24514814783538E-16,-1.));
#11497=DIRECTION('center_axis',(-1.,0.,0.));
#11498=DIRECTION('ref_axis',(0.,-0.996194698091746,-0.087155742747657));
#11499=DIRECTION('',(0.,0.17364817766693,-0.984807753012208));
#11500=DIRECTION('center_axis',(-1.,0.,0.));
#11501=DIRECTION('ref_axis',(0.,-0.642787609686519,-0.766044443118995));
#11502=DIRECTION('',(0.,1.,0.));
#11503=DIRECTION('',(0.,7.10280478352708E-16,1.));
#11504=DIRECTION('center_axis',(1.,0.,0.));
#11505=DIRECTION('ref_axis',(0.,0.707106781186541,0.707106781186554));
#11506=DIRECTION('center_axis',(-1.,0.,0.));
#11507=DIRECTION('ref_axis',(0.,0.707106781186541,0.707106781186554));
#11508=DIRECTION('',(-1.,0.,0.));
#11509=DIRECTION('',(1.,0.,0.));
#11510=DIRECTION('center_axis',(0.,1.,-5.82794238648376E-16));
#11511=DIRECTION('ref_axis',(0.,5.82794238648376E-16,1.));
#11512=DIRECTION('',(0.,5.82794238648376E-16,1.));
#11513=DIRECTION('',(1.,0.,0.));
#11514=DIRECTION('center_axis',(1.,0.,0.));
#11515=DIRECTION('ref_axis',(0.,0.,-1.));
#11516=DIRECTION('',(0.,-1.,1.74838271594512E-15));
#11517=DIRECTION('',(0.,-4.09777199049639E-16,-1.));
#11518=DIRECTION('',(0.,1.,0.));
#11519=DIRECTION('center_axis',(-1.,0.,0.));
#11520=DIRECTION('ref_axis',(0.,0.642787609686545,-0.766044443118973));
#11521=DIRECTION('',(0.,0.173648177666931,0.984807753012208));
#11522=DIRECTION('center_axis',(-1.,0.,0.));
#11523=DIRECTION('ref_axis',(0.,0.996194698091746,-0.087155742747654));
#11524=DIRECTION('center_axis',(1.,0.,0.));
#11525=DIRECTION('ref_axis',(0.,-0.642787609686519,-0.766044443118995));
#11526=DIRECTION('',(-1.,0.,0.));
#11527=DIRECTION('',(1.,0.,0.));
#11528=DIRECTION('center_axis',(0.,-0.984807753012208,-0.17364817766693));
#11529=DIRECTION('ref_axis',(0.,0.17364817766693,-0.984807753012208));
#11530=DIRECTION('',(1.,0.,0.));
#11531=DIRECTION('center_axis',(1.,0.,0.));
#11532=DIRECTION('ref_axis',(0.,-0.996194698091746,-0.087155742747657));
#11533=DIRECTION('',(-1.,0.,0.));
#11534=DIRECTION('center_axis',(1.,0.,0.));
#11535=DIRECTION('ref_axis',(0.,0.996194698091746,-0.087155742747654));
#11536=DIRECTION('',(-1.,0.,0.));
#11537=DIRECTION('center_axis',(0.,0.984807753012208,-0.173648177666931));
#11538=DIRECTION('ref_axis',(0.,0.173648177666931,0.984807753012208));
#11539=DIRECTION('',(1.,0.,0.));
#11540=DIRECTION('center_axis',(1.,0.,0.));
#11541=DIRECTION('ref_axis',(0.,0.642787609686545,-0.766044443118973));
#11542=DIRECTION('',(-1.,0.,0.));
#11543=DIRECTION('center_axis',(0.707106781186557,-0.707106781186538,2.89756236223626E-16));
#11544=DIRECTION('ref_axis',(4.09777199049628E-16,0.,-1.));
#11545=DIRECTION('',(-0.707106781186538,-0.707106781186558,1.23629327455417E-15));
#11546=DIRECTION('',(0.707106781186538,0.707106781186558,0.));
#11547=DIRECTION('center_axis',(0.707106781186552,0.707106781186543,-5.02244142787621E-16));
#11548=DIRECTION('ref_axis',(-7.10280478352698E-16,0.,-1.));
#11549=DIRECTION('',(-0.707106781186543,0.707106781186552,0.));
#11550=DIRECTION('center_axis',(0.,-1.,5.24514814783538E-16));
#11551=DIRECTION('ref_axis',(0.,-5.24514814783538E-16,-1.));
#11552=DIRECTION('center_axis',(0.,1.74838271594512E-15,1.));
#11553=DIRECTION('ref_axis',(0.,-1.,1.74838271594512E-15));
#11554=DIRECTION('center_axis',(0.,0.,-1.));
#11555=DIRECTION('ref_axis',(0.,-1.,0.));
#11556=DIRECTION('center_axis',(0.,1.,0.));
#11557=DIRECTION('ref_axis',(0.707106781186548,0.,-0.707106781186547));
#11558=DIRECTION('',(0.,-1.,0.));
#11559=DIRECTION('center_axis',(0.,-0.707106781186547,-0.707106781186548));
#11560=DIRECTION('ref_axis',(-5.15122197730897E-17,0.707106781186548,-0.707106781186547));
#11561=DIRECTION('',(0.,1.,0.));
#11562=DIRECTION('center_axis',(0.,0.707106781186547,-0.707106781186548));
#11563=DIRECTION('ref_axis',(-5.15122197730897E-17,-0.707106781186548,-0.707106781186547));
#11564=DIRECTION('',(0.,-1.,0.));
#11565=DIRECTION('center_axis',(-1.,0.,0.));
#11566=DIRECTION('ref_axis',(0.,0.,1.));
#11567=DIRECTION('',(0.,0.,-1.));
#11568=DIRECTION('',(0.,-1.,0.));
#11569=DIRECTION('',(0.,7.10280478352708E-16,1.));
#11570=DIRECTION('',(0.,1.,0.));
#11571=DIRECTION('center_axis',(-1.,0.,0.));
#11572=DIRECTION('ref_axis',(0.,-0.707106781186554,0.707106781186541));
#11573=DIRECTION('',(0.,5.24514814783538E-16,1.));
#11574=DIRECTION('center_axis',(-1.,0.,0.));
#11575=DIRECTION('ref_axis',(0.,-0.996194698091746,-0.0871557427476555));
#11576=DIRECTION('',(0.,-0.17364817766693,0.984807753012208));
#11577=DIRECTION('center_axis',(-1.,0.,0.));
#11578=DIRECTION('ref_axis',(0.,-0.642787609686545,-0.766044443118973));
#11579=DIRECTION('',(0.,-1.,0.));
#11580=DIRECTION('center_axis',(-1.,0.,0.));
#11581=DIRECTION('ref_axis',(0.,0.642787609686545,-0.766044443118973));
#11582=DIRECTION('',(0.,-0.173648177666931,-0.984807753012208));
#11583=DIRECTION('center_axis',(-1.,0.,0.));
#11584=DIRECTION('ref_axis',(0.,0.996194698091746,-0.0871557427476555));
#11585=DIRECTION('',(0.,-5.82794238648376E-16,-1.));
#11586=DIRECTION('center_axis',(-1.,0.,0.));
#11587=DIRECTION('ref_axis',(0.,0.707106781186554,0.707106781186541));
#11588=DIRECTION('',(0.,1.,-1.74838271594512E-15));
#11589=DIRECTION('',(0.,-4.09777199049639E-16,-1.));
#11590=DIRECTION('',(0.,-1.,0.));
#11591=DIRECTION('',(0.,7.10280478352708E-16,1.));
#11592=DIRECTION('',(0.,1.,0.));
#11593=DIRECTION('center_axis',(-1.,0.,0.));
#11594=DIRECTION('ref_axis',(0.,-0.707106781186554,0.707106781186541));
#11595=DIRECTION('',(0.,5.24514814783538E-16,1.));
#11596=DIRECTION('center_axis',(-1.,0.,0.));
#11597=DIRECTION('ref_axis',(0.,-0.996194698091746,-0.0871557427476555));
#11598=DIRECTION('',(0.,-0.17364817766693,0.984807753012208));
#11599=DIRECTION('center_axis',(-1.,0.,0.));
#11600=DIRECTION('ref_axis',(0.,-0.642787609686559,-0.766044443118962));
#11601=DIRECTION('',(0.,-1.,0.));
#11602=DIRECTION('center_axis',(-1.,0.,0.));
#11603=DIRECTION('ref_axis',(0.,0.642787609686545,-0.766044443118973));
#11604=DIRECTION('',(0.,-0.173648177666931,-0.984807753012208));
#11605=DIRECTION('center_axis',(-1.,0.,0.));
#11606=DIRECTION('ref_axis',(0.,0.996194698091746,-0.0871557427476555));
#11607=DIRECTION('',(0.,-5.82794238648376E-16,-1.));
#11608=DIRECTION('center_axis',(-1.,0.,0.));
#11609=DIRECTION('ref_axis',(0.,0.707106781186554,0.707106781186541));
#11610=DIRECTION('',(0.,1.,-1.74838271594512E-15));
#11611=DIRECTION('',(0.,-4.09777199049639E-16,-1.));
#11612=DIRECTION('',(0.,-1.,0.));
#11613=DIRECTION('',(0.,7.10280478352708E-16,1.));
#11614=DIRECTION('',(0.,1.,0.));
#11615=DIRECTION('center_axis',(-1.,0.,0.));
#11616=DIRECTION('ref_axis',(0.,-0.707106781186566,0.707106781186529));
#11617=DIRECTION('',(0.,5.24514814783538E-16,1.));
#11618=DIRECTION('center_axis',(-1.,0.,0.));
#11619=DIRECTION('ref_axis',(0.,-0.996194698091746,-0.087155742747657));
#11620=DIRECTION('',(0.,-0.17364817766693,0.984807753012208));
#11621=DIRECTION('center_axis',(-1.,0.,0.));
#11622=DIRECTION('ref_axis',(0.,-0.642787609686545,-0.766044443118973));
#11623=DIRECTION('',(0.,-1.,0.));
#11624=DIRECTION('center_axis',(-1.,0.,0.));
#11625=DIRECTION('ref_axis',(0.,0.642787609686545,-0.766044443118973));
#11626=DIRECTION('',(0.,-0.173648177666931,-0.984807753012208));
#11627=DIRECTION('center_axis',(-1.,0.,0.));
#11628=DIRECTION('ref_axis',(0.,0.996194698091746,-0.087155742747657));
#11629=DIRECTION('',(0.,-5.82794238648376E-16,-1.));
#11630=DIRECTION('center_axis',(-1.,0.,0.));
#11631=DIRECTION('ref_axis',(0.,0.707106781186541,0.707106781186554));
#11632=DIRECTION('',(0.,1.,-1.74838271594512E-15));
#11633=DIRECTION('',(0.,-4.09777199049639E-16,-1.));
#11634=DIRECTION('',(0.,-1.,0.));
#11635=DIRECTION('',(0.,7.10280478352708E-16,1.));
#11636=DIRECTION('',(0.,1.,0.));
#11637=DIRECTION('center_axis',(-1.,0.,0.));
#11638=DIRECTION('ref_axis',(0.,-0.707106781186541,0.707106781186554));
#11639=DIRECTION('',(0.,5.24514814783538E-16,1.));
#11640=DIRECTION('center_axis',(-1.,0.,0.));
#11641=DIRECTION('ref_axis',(0.,-0.996194698091746,-0.087155742747657));
#11642=DIRECTION('',(0.,-0.17364817766693,0.984807753012208));
#11643=DIRECTION('center_axis',(-1.,0.,0.));
#11644=DIRECTION('ref_axis',(0.,-0.642787609686519,-0.766044443118995));
#11645=DIRECTION('',(0.,-1.,0.));
#11646=DIRECTION('center_axis',(-1.,0.,0.));
#11647=DIRECTION('ref_axis',(0.,0.642787609686545,-0.766044443118973));
#11648=DIRECTION('',(0.,-0.173648177666931,-0.984807753012208));
#11649=DIRECTION('center_axis',(-1.,0.,0.));
#11650=DIRECTION('ref_axis',(0.,0.996194698091746,-0.087155742747654));
#11651=DIRECTION('',(0.,-5.82794238648376E-16,-1.));
#11652=DIRECTION('center_axis',(-1.,0.,0.));
#11653=DIRECTION('ref_axis',(0.,0.707106781186541,0.707106781186554));
#11654=DIRECTION('',(0.,1.,-1.74838271594512E-15));
#11655=DIRECTION('',(0.,-4.09777199049639E-16,-1.));
#11656=DIRECTION('',(0.,-1.,0.));
#11657=DIRECTION('',(0.,2.76060428833441E-16,1.));
#11658=DIRECTION('',(0.,1.,-2.01536273712089E-16));
#11659=DIRECTION('center_axis',(-1.,0.,0.));
#11660=DIRECTION('ref_axis',(0.,5.52120857666882E-16,1.));
#11661=DIRECTION('center_axis',(-1.,0.,0.));
#11662=DIRECTION('ref_axis',(0.,0.,1.));
#11663=DIRECTION('center_axis',(-1.,0.,0.));
#11664=DIRECTION('ref_axis',(0.,0.,1.));
#11665=DIRECTION('center_axis',(-1.,0.,0.));
#11666=DIRECTION('ref_axis',(0.,0.,1.));
#11667=DIRECTION('center_axis',(-1.,0.,0.));
#11668=DIRECTION('ref_axis',(0.,0.,1.));
#11669=DIRECTION('center_axis',(-1.,0.,0.));
#11670=DIRECTION('ref_axis',(0.,5.52120857666882E-16,1.));
#11671=DIRECTION('center_axis',(-1.,0.,0.));
#11672=DIRECTION('ref_axis',(0.,5.52120857666882E-16,1.));
#11673=DIRECTION('center_axis',(-1.,0.,0.));
#11674=DIRECTION('ref_axis',(0.,0.,1.));
#11675=DIRECTION('center_axis',(-1.,0.,0.));
#11676=DIRECTION('ref_axis',(0.,0.,1.));
#11677=DIRECTION('',(0.,0.,-1.));
#11678=DIRECTION('',(0.,0.,1.));
#11679=DIRECTION('',(0.,1.,0.));
#11680=DIRECTION('',(0.,0.,-1.));
#11681=DIRECTION('',(0.,1.,0.));
#11682=DIRECTION('',(0.,0.,1.));
#11683=DIRECTION('',(0.,1.,0.));
#11684=DIRECTION('',(0.,0.,-1.));
#11685=DIRECTION('',(0.,1.,0.));
#11686=DIRECTION('',(0.,0.,1.));
#11687=DIRECTION('',(0.,1.,0.));
#11688=DIRECTION('',(0.,0.,-1.));
#11689=DIRECTION('',(0.,1.,0.));
#11690=DIRECTION('',(0.,0.,1.));
#11691=DIRECTION('',(0.,1.,0.));
#11692=DIRECTION('',(0.,0.,-1.));
#11693=DIRECTION('',(0.,1.,0.));
#11694=DIRECTION('',(0.,0.,1.));
#11695=DIRECTION('',(0.,1.,0.));
#11696=DIRECTION('center_axis',(0.,0.,-1.));
#11697=DIRECTION('ref_axis',(-1.,0.,0.));
#11698=DIRECTION('',(-1.,0.,0.));
#11699=DIRECTION('center_axis',(0.,0.,-1.));
#11700=DIRECTION('ref_axis',(-0.707106781186547,0.707106781186547,0.));
#11701=DIRECTION('',(0.,-1.,0.));
#11702=DIRECTION('center_axis',(0.,0.,-1.));
#11703=DIRECTION('ref_axis',(-0.707106781186547,-0.707106781186547,0.));
#11704=DIRECTION('',(1.,0.,0.));
#11705=DIRECTION('center_axis',(0.,0.,-1.));
#11706=DIRECTION('ref_axis',(-1.,0.,0.));
#11707=DIRECTION('center_axis',(0.,1.,0.));
#11708=DIRECTION('ref_axis',(0.707106781186548,0.,-0.707106781186547));
#11709=DIRECTION('',(0.,-1.,0.));
#11710=DIRECTION('center_axis',(0.,-0.707106781186547,-0.707106781186548));
#11711=DIRECTION('ref_axis',(-5.15122197730897E-17,0.707106781186548,-0.707106781186547));
#11712=DIRECTION('center_axis',(0.,0.707106781186547,-0.707106781186548));
#11713=DIRECTION('ref_axis',(-5.15122197730897E-17,-0.707106781186548,-0.707106781186547));
#11714=DIRECTION('',(0.,-1.,0.));
#11715=DIRECTION('center_axis',(0.,0.,-1.));
#11716=DIRECTION('ref_axis',(-1.,0.,0.));
#11717=DIRECTION('',(-1.,2.27738056333366E-15,0.));
#11718=DIRECTION('center_axis',(0.,0.,-1.));
#11719=DIRECTION('ref_axis',(-0.707106781186547,0.707106781186547,0.));
#11720=DIRECTION('',(0.,-1.,0.));
#11721=DIRECTION('center_axis',(0.,0.,-1.));
#11722=DIRECTION('ref_axis',(-0.707106781186544,-0.707106781186551,0.));
#11723=DIRECTION('',(1.,-2.27738056333366E-15,0.));
#11724=DIRECTION('center_axis',(0.,0.,-1.));
#11725=DIRECTION('ref_axis',(-1.,0.,0.));
#11726=DIRECTION('center_axis',(0.,1.,0.));
#11727=DIRECTION('ref_axis',(0.707106781186548,0.,-0.707106781186547));
#11728=DIRECTION('',(0.,-1.,0.));
#11729=DIRECTION('center_axis',(0.,-0.707106781186547,-0.707106781186548));
#11730=DIRECTION('ref_axis',(-5.15122197730897E-17,0.707106781186548,-0.707106781186547));
#11731=DIRECTION('center_axis',(0.,0.707106781186547,-0.707106781186548));
#11732=DIRECTION('ref_axis',(-5.15122197730897E-17,-0.707106781186548,-0.707106781186547));
#11733=DIRECTION('',(0.,-1.,0.));
#11734=DIRECTION('center_axis',(0.,0.,-1.));
#11735=DIRECTION('ref_axis',(-1.,0.,0.));
#11736=DIRECTION('',(-1.,0.,0.));
#11737=DIRECTION('center_axis',(0.,0.,-1.));
#11738=DIRECTION('ref_axis',(-0.707106781186547,0.707106781186547,0.));
#11739=DIRECTION('',(-1.42336285208354E-16,-1.,0.));
#11740=DIRECTION('center_axis',(0.,0.,-1.));
#11741=DIRECTION('ref_axis',(-0.707106781186547,-0.707106781186547,0.));
#11742=DIRECTION('',(1.,-2.27738056333365E-15,0.));
#11743=DIRECTION('center_axis',(0.,0.,-1.));
#11744=DIRECTION('ref_axis',(-1.,0.,0.));
#11745=DIRECTION('center_axis',(0.,1.,0.));
#11746=DIRECTION('ref_axis',(0.707106781186548,0.,-0.707106781186547));
#11747=DIRECTION('',(0.,-1.,0.));
#11748=DIRECTION('center_axis',(0.,-0.707106781186547,-0.707106781186548));
#11749=DIRECTION('ref_axis',(-5.15122197730897E-17,0.707106781186548,-0.707106781186547));
#11750=DIRECTION('center_axis',(0.,0.707106781186547,-0.707106781186548));
#11751=DIRECTION('ref_axis',(-5.15122197730897E-17,-0.707106781186548,-0.707106781186547));
#11752=DIRECTION('',(0.,-1.,0.));
#11753=DIRECTION('center_axis',(0.,0.,-1.));
#11754=DIRECTION('ref_axis',(-1.,0.,0.));
#11755=DIRECTION('',(-1.,0.,0.));
#11756=DIRECTION('center_axis',(0.,0.,-1.));
#11757=DIRECTION('ref_axis',(-0.707106781186547,0.707106781186547,0.));
#11758=DIRECTION('',(1.42336285208353E-16,-1.,0.));
#11759=DIRECTION('center_axis',(0.,0.,-1.));
#11760=DIRECTION('ref_axis',(-0.707106781186547,-0.707106781186547,0.));
#11761=DIRECTION('',(1.,-1.13869028166683E-15,0.));
#11762=DIRECTION('center_axis',(0.,0.,-1.));
#11763=DIRECTION('ref_axis',(-1.,0.,0.));
#11764=DIRECTION('center_axis',(0.,1.,0.));
#11765=DIRECTION('ref_axis',(0.707106781186548,0.,-0.707106781186547));
#11766=DIRECTION('',(0.,-1.,0.));
#11767=DIRECTION('center_axis',(0.,-0.707106781186547,-0.707106781186548));
#11768=DIRECTION('ref_axis',(-5.15122197730897E-17,0.707106781186548,-0.707106781186547));
#11769=DIRECTION('center_axis',(0.,0.707106781186547,-0.707106781186548));
#11770=DIRECTION('ref_axis',(-5.15122197730897E-17,-0.707106781186548,-0.707106781186547));
#11771=DIRECTION('',(0.,-1.,0.));
#11772=DIRECTION('center_axis',(0.,0.,1.));
#11773=DIRECTION('ref_axis',(0.707106781186547,-0.707106781186547,0.));
#11774=DIRECTION('center_axis',(0.,0.,-1.));
#11775=DIRECTION('ref_axis',(0.707106781186547,-0.707106781186547,0.));
#11776=DIRECTION('',(0.,0.,1.));
#11777=DIRECTION('center_axis',(0.,1.,0.));
#11778=DIRECTION('ref_axis',(-1.,0.,0.));
#11779=DIRECTION('',(-1.,0.,0.));
#11780=DIRECTION('',(0.,0.,-1.));
#11781=DIRECTION('center_axis',(0.,0.,-1.));
#11782=DIRECTION('ref_axis',(0.707106781186547,0.707106781186547,0.));
#11783=DIRECTION('',(0.,0.,-1.));
#11784=DIRECTION('center_axis',(0.,0.,-1.));
#11785=DIRECTION('ref_axis',(0.707106781186547,0.707106781186547,0.));
#11786=DIRECTION('center_axis',(-1.13869028166683E-15,-1.,0.));
#11787=DIRECTION('ref_axis',(1.,-1.13869028166683E-15,0.));
#11788=DIRECTION('',(0.,0.,1.));
#11789=DIRECTION('',(1.,-1.13869028166683E-15,0.));
#11790=DIRECTION('center_axis',(0.,0.,1.));
#11791=DIRECTION('ref_axis',(-0.707106781186547,0.707106781186547,0.));
#11792=DIRECTION('center_axis',(0.,0.,1.));
#11793=DIRECTION('ref_axis',(-0.707106781186547,0.707106781186547,0.));
#11794=DIRECTION('',(0.,0.,1.));
#11795=DIRECTION('center_axis',(0.,0.,-1.));
#11796=DIRECTION('ref_axis',(-0.707106781186547,-0.707106781186547,0.));
#11797=DIRECTION('center_axis',(0.,0.,1.));
#11798=DIRECTION('ref_axis',(-0.707106781186547,-0.707106781186547,0.));
#11799=DIRECTION('',(0.,0.,-1.));
#11800=DIRECTION('center_axis',(0.,0.,1.));
#11801=DIRECTION('ref_axis',(0.707106781186547,-0.707106781186547,0.));
#11802=DIRECTION('center_axis',(0.,0.,-1.));
#11803=DIRECTION('ref_axis',(0.707106781186547,-0.707106781186547,0.));
#11804=DIRECTION('',(0.,0.,1.));
#11805=DIRECTION('center_axis',(0.,1.,0.));
#11806=DIRECTION('ref_axis',(-1.,0.,0.));
#11807=DIRECTION('',(-1.,0.,0.));
#11808=DIRECTION('',(0.,0.,-1.));
#11809=DIRECTION('',(-1.,0.,0.));
#11810=DIRECTION('center_axis',(0.,0.,-1.));
#11811=DIRECTION('ref_axis',(0.707106781186547,0.707106781186547,0.));
#11812=DIRECTION('',(0.,0.,-1.));
#11813=DIRECTION('center_axis',(0.,0.,-1.));
#11814=DIRECTION('ref_axis',(0.707106781186547,0.707106781186547,0.));
#11815=DIRECTION('center_axis',(0.,-1.,0.));
#11816=DIRECTION('ref_axis',(1.,0.,0.));
#11817=DIRECTION('',(1.,0.,0.));
#11818=DIRECTION('',(0.,0.,1.));
#11819=DIRECTION('',(1.,0.,0.));
#11820=DIRECTION('center_axis',(0.,0.,1.));
#11821=DIRECTION('ref_axis',(-0.707106781186547,0.707106781186547,0.));
#11822=DIRECTION('center_axis',(0.,0.,-1.));
#11823=DIRECTION('ref_axis',(-0.707106781186547,0.707106781186547,0.));
#11824=DIRECTION('center_axis',(0.,0.,1.));
#11825=DIRECTION('ref_axis',(-0.707106781186547,0.707106781186547,0.));
#11826=DIRECTION('',(0.,0.,1.));
#11827=DIRECTION('center_axis',(0.,0.,-1.));
#11828=DIRECTION('ref_axis',(-1.,0.,0.));
#11829=DIRECTION('',(0.,-1.,0.));
#11830=DIRECTION('center_axis',(0.,0.,-1.));
#11831=DIRECTION('ref_axis',(-0.707106781186547,-0.707106781186547,0.));
#11832=DIRECTION('center_axis',(0.,0.,-1.));
#11833=DIRECTION('ref_axis',(-1.,0.,0.));
#11834=DIRECTION('center_axis',(0.,0.,-1.));
#11835=DIRECTION('ref_axis',(-0.707106781186547,-0.707106781186547,0.));
#11836=DIRECTION('center_axis',(0.,0.,1.));
#11837=DIRECTION('ref_axis',(-0.707106781186547,-0.707106781186547,0.));
#11838=DIRECTION('',(0.,0.,-1.));
#11839=DIRECTION('center_axis',(0.,0.,1.));
#11840=DIRECTION('ref_axis',(-0.707106781186547,0.707106781186547,0.));
#11841=DIRECTION('',(0.,0.,-1.));
#11842=DIRECTION('center_axis',(0.,0.,1.));
#11843=DIRECTION('ref_axis',(-0.707106781186547,0.707106781186547,0.));
#11844=DIRECTION('',(0.,0.,1.));
#11845=DIRECTION('center_axis',(-1.,1.42336285208354E-16,0.));
#11846=DIRECTION('ref_axis',(-1.42336285208354E-16,-1.,0.));
#11847=DIRECTION('',(-1.42336285208354E-16,-1.,0.));
#11848=DIRECTION('',(0.,0.,-1.));
#11849=DIRECTION('center_axis',(0.,0.,-1.));
#11850=DIRECTION('ref_axis',(-1.,0.,0.));
#11851=DIRECTION('',(-1.,0.,0.));
#11852=DIRECTION('center_axis',(0.,0.,-1.));
#11853=DIRECTION('ref_axis',(0.707106781186547,-0.707106781186547,0.));
#11854=DIRECTION('center_axis',(0.,0.,-1.));
#11855=DIRECTION('ref_axis',(0.707106781186547,0.707106781186547,0.));
#11856=DIRECTION('',(1.,-2.27738056333365E-15,0.));
#11857=DIRECTION('center_axis',(0.,0.,1.));
#11858=DIRECTION('ref_axis',(-0.707106781186547,-0.707106781186547,0.));
#11859=DIRECTION('center_axis',(0.,0.,1.));
#11860=DIRECTION('ref_axis',(-1.,0.,0.));
#11861=DIRECTION('center_axis',(0.,0.,-1.));
#11862=DIRECTION('ref_axis',(-0.707106781186547,-0.707106781186547,0.));
#11863=DIRECTION('',(0.,0.,1.));
#11864=DIRECTION('center_axis',(0.,0.,1.));
#11865=DIRECTION('ref_axis',(0.707106781186547,-0.707106781186547,0.));
#11866=DIRECTION('',(0.,0.,1.));
#11867=DIRECTION('center_axis',(0.,1.,0.));
#11868=DIRECTION('ref_axis',(-1.,0.,0.));
#11869=DIRECTION('center_axis',(0.,0.,-1.));
#11870=DIRECTION('ref_axis',(0.707106781186547,0.707106781186547,0.));
#11871=DIRECTION('',(0.,0.,-1.));
#11872=DIRECTION('center_axis',(-2.27738056333365E-15,-1.,0.));
#11873=DIRECTION('ref_axis',(1.,-2.27738056333365E-15,0.));
#11874=DIRECTION('center_axis',(0.,0.,-1.));
#11875=DIRECTION('ref_axis',(-0.707106781186544,-0.707106781186551,0.));
#11876=DIRECTION('center_axis',(0.,0.,1.));
#11877=DIRECTION('ref_axis',(-0.707106781186544,-0.707106781186551,0.));
#11878=DIRECTION('',(0.,0.,1.));
#11879=DIRECTION('',(0.,0.,-1.));
#11880=DIRECTION('center_axis',(-1.,0.,0.));
#11881=DIRECTION('ref_axis',(0.,-1.,0.));
#11882=DIRECTION('',(0.,0.,1.));
#11883=DIRECTION('',(0.,-1.,0.));
#11884=DIRECTION('center_axis',(0.,0.,1.));
#11885=DIRECTION('ref_axis',(-0.707106781186547,0.707106781186547,0.));
#11886=DIRECTION('',(0.,0.,-1.));
#11887=DIRECTION('center_axis',(0.,0.,1.));
#11888=DIRECTION('ref_axis',(-0.707106781186547,0.707106781186547,0.));
#11889=DIRECTION('center_axis',(0.,0.,-1.));
#11890=DIRECTION('ref_axis',(0.707106781186547,0.707106781186547,0.));
#11891=DIRECTION('',(0.,0.,-1.));
#11892=DIRECTION('center_axis',(0.,0.,-1.));
#11893=DIRECTION('ref_axis',(0.707106781186547,0.707106781186547,0.));
#11894=DIRECTION('center_axis',(-2.27738056333366E-15,-1.,0.));
#11895=DIRECTION('ref_axis',(1.,-2.27738056333366E-15,0.));
#11896=DIRECTION('',(1.,-2.27738056333366E-15,0.));
#11897=DIRECTION('center_axis',(0.,0.,1.));
#11898=DIRECTION('ref_axis',(0.707106781186547,-0.707106781186547,0.));
#11899=DIRECTION('center_axis',(0.,0.,-1.));
#11900=DIRECTION('ref_axis',(0.707106781186547,-0.707106781186547,0.));
#11901=DIRECTION('',(0.,0.,1.));
#11902=DIRECTION('center_axis',(2.27738056333366E-15,1.,0.));
#11903=DIRECTION('ref_axis',(-1.,2.27738056333366E-15,0.));
#11904=DIRECTION('',(-1.,2.27738056333366E-15,0.));
#11905=DIRECTION('center_axis',(0.,0.,-1.));
#11906=DIRECTION('ref_axis',(-0.707106781186547,-0.707106781186547,0.));
#11907=DIRECTION('center_axis',(0.,0.,1.));
#11908=DIRECTION('ref_axis',(-0.707106781186547,-0.707106781186547,0.));
#11909=DIRECTION('',(0.,0.,1.));
#11910=DIRECTION('',(0.,0.,-1.));
#11911=DIRECTION('center_axis',(-1.,0.,0.));
#11912=DIRECTION('ref_axis',(0.,-1.,0.));
#11913=DIRECTION('',(0.,0.,1.));
#11914=DIRECTION('',(0.,-1.,0.));
#11915=DIRECTION('center_axis',(0.,0.,1.));
#11916=DIRECTION('ref_axis',(-0.707106781186547,0.707106781186547,0.));
#11917=DIRECTION('',(0.,0.,-1.));
#11918=DIRECTION('center_axis',(0.,0.,1.));
#11919=DIRECTION('ref_axis',(-0.707106781186547,0.707106781186547,0.));
#11920=DIRECTION('center_axis',(0.,0.,-1.));
#11921=DIRECTION('ref_axis',(0.707106781186547,0.707106781186547,0.));
#11922=DIRECTION('',(0.,0.,-1.));
#11923=DIRECTION('center_axis',(0.,0.,-1.));
#11924=DIRECTION('ref_axis',(0.707106781186547,0.707106781186547,0.));
#11925=DIRECTION('center_axis',(0.,-1.,0.));
#11926=DIRECTION('ref_axis',(1.,0.,0.));
#11927=DIRECTION('',(1.,0.,0.));
#11928=DIRECTION('center_axis',(0.,0.,1.));
#11929=DIRECTION('ref_axis',(0.707106781186547,-0.707106781186547,0.));
#11930=DIRECTION('center_axis',(0.,0.,-1.));
#11931=DIRECTION('ref_axis',(0.707106781186547,-0.707106781186547,0.));
#11932=DIRECTION('',(0.,0.,1.));
#11933=DIRECTION('center_axis',(0.,1.,0.));
#11934=DIRECTION('ref_axis',(-1.,0.,0.));
#11935=DIRECTION('',(-1.,0.,0.));
#11936=DIRECTION('center_axis',(0.,0.,-1.));
#11937=DIRECTION('ref_axis',(-1.,0.,0.));
#11938=DIRECTION('center_axis',(0.,0.,1.));
#11939=DIRECTION('ref_axis',(-1.,0.,0.));
#11940=DIRECTION('',(0.,0.,1.));
#11941=DIRECTION('center_axis',(0.,0.,-1.));
#11942=DIRECTION('ref_axis',(-1.,0.,0.));
#11943=DIRECTION('center_axis',(0.,0.,1.));
#11944=DIRECTION('ref_axis',(-1.,0.,0.));
#11945=DIRECTION('',(0.,0.,1.));
#11946=DIRECTION('center_axis',(0.,0.,-1.));
#11947=DIRECTION('ref_axis',(-1.,0.,0.));
#11948=DIRECTION('',(0.,0.,1.));
#11949=DIRECTION('center_axis',(0.,0.,-1.));
#11950=DIRECTION('ref_axis',(-1.,0.,0.));
#11951=DIRECTION('center_axis',(0.,0.,1.));
#11952=DIRECTION('ref_axis',(-1.,0.,0.));
#11953=DIRECTION('',(0.,0.,1.));
#11954=DIRECTION('center_axis',(0.,0.,-1.));
#11955=DIRECTION('ref_axis',(-1.,0.,0.));
#11956=DIRECTION('center_axis',(0.,0.,1.));
#11957=DIRECTION('ref_axis',(-1.,0.,0.));
#11958=DIRECTION('',(0.,0.,1.));
#11959=DIRECTION('center_axis',(-1.,-1.42336285208353E-16,0.));
#11960=DIRECTION('ref_axis',(1.42336285208353E-16,-1.,0.));
#11961=DIRECTION('',(1.42336285208353E-16,-1.,0.));
#11962=DIRECTION('center_axis',(-1.,0.,0.));
#11963=DIRECTION('ref_axis',(0.,-1.,0.));
#11964=DIRECTION('',(0.,-1.,0.));
#11965=DIRECTION('center_axis',(0.,0.,-1.));
#11966=DIRECTION('ref_axis',(-1.,0.,0.));
#11967=DIRECTION('center_axis',(0.,0.,-1.));
#11968=DIRECTION('ref_axis',(-1.,0.,0.));
#11969=DIRECTION('center_axis',(0.,0.,-1.));
#11970=DIRECTION('ref_axis',(-1.,0.,0.));
#11971=DIRECTION('center_axis',(0.,0.,-1.));
#11972=DIRECTION('ref_axis',(-1.,0.,0.));
#11973=DIRECTION('center_axis',(0.,1.,-2.76060428833441E-16));
#11974=DIRECTION('ref_axis',(0.,2.76060428833441E-16,1.));
#11975=DIRECTION('',(0.,2.76060428833441E-16,1.));
#11976=DIRECTION('',(0.,2.76060428833441E-16,1.));
#11977=DIRECTION('',(1.,0.,0.));
#11978=DIRECTION('',(1.,0.,0.));
#11979=DIRECTION('',(0.,2.76060428833441E-16,1.));
#11980=DIRECTION('',(0.,2.76060428833441E-16,1.));
#11981=DIRECTION('center_axis',(-1.,0.,0.));
#11982=DIRECTION('ref_axis',(0.,0.,1.));
#11983=DIRECTION('',(0.,0.,-1.));
#11984=DIRECTION('center_axis',(1.,0.,0.));
#11985=DIRECTION('ref_axis',(0.,5.52120857666882E-16,1.));
#11986=DIRECTION('center_axis',(1.,0.,0.));
#11987=DIRECTION('ref_axis',(0.,5.52120857666882E-16,1.));
#11988=DIRECTION('',(0.,0.,-1.));
#11989=DIRECTION('',(0.,1.,-2.01536273712089E-16));
#11990=DIRECTION('center_axis',(1.,0.,0.));
#11991=DIRECTION('ref_axis',(0.,0.,1.));
#11992=DIRECTION('center_axis',(1.,0.,0.));
#11993=DIRECTION('ref_axis',(0.,0.,1.));
#11994=DIRECTION('',(0.,1.,-2.01536273712089E-16));
#11995=DIRECTION('center_axis',(1.,0.,0.));
#11996=DIRECTION('ref_axis',(0.,0.,1.));
#11997=DIRECTION('center_axis',(1.,0.,0.));
#11998=DIRECTION('ref_axis',(0.,0.,1.));
#11999=DIRECTION('',(0.,1.,-2.01536273712089E-16));
#12000=DIRECTION('center_axis',(1.,0.,0.));
#12001=DIRECTION('ref_axis',(0.,0.,1.));
#12002=DIRECTION('center_axis',(1.,0.,0.));
#12003=DIRECTION('ref_axis',(0.,0.,1.));
#12004=DIRECTION('',(0.,1.,-2.01536273712089E-16));
#12005=DIRECTION('center_axis',(1.,0.,0.));
#12006=DIRECTION('ref_axis',(0.,0.,1.));
#12007=DIRECTION('center_axis',(1.,0.,0.));
#12008=DIRECTION('ref_axis',(0.,0.,1.));
#12009=DIRECTION('center_axis',(1.,0.,0.));
#12010=DIRECTION('ref_axis',(0.,0.,1.));
#12011=DIRECTION('center_axis',(1.,0.,0.));
#12012=DIRECTION('ref_axis',(0.,0.,1.));
#12013=DIRECTION('center_axis',(1.,0.,0.));
#12014=DIRECTION('ref_axis',(0.,0.,1.));
#12015=DIRECTION('center_axis',(1.,0.,0.));
#12016=DIRECTION('ref_axis',(0.,0.,1.));
#12017=DIRECTION('',(0.,-1.,0.));
#12018=DIRECTION('',(0.,0.,-1.));
#12019=DIRECTION('center_axis',(1.,0.,0.));
#12020=DIRECTION('ref_axis',(0.,5.52120857666882E-16,1.));
#12021=DIRECTION('center_axis',(1.,0.,0.));
#12022=DIRECTION('ref_axis',(0.,5.52120857666882E-16,1.));
#12023=DIRECTION('',(0.,0.,-1.));
#12024=DIRECTION('center_axis',(1.,0.,0.));
#12025=DIRECTION('ref_axis',(0.,5.52120857666882E-16,1.));
#12026=DIRECTION('center_axis',(1.,0.,0.));
#12027=DIRECTION('ref_axis',(0.,5.52120857666882E-16,1.));
#12028=DIRECTION('center_axis',(0.,0.,-1.));
#12029=DIRECTION('ref_axis',(1.,0.,0.));
#12030=DIRECTION('center_axis',(0.,0.,1.));
#12031=DIRECTION('ref_axis',(1.,0.,0.));
#12032=DIRECTION('',(0.857167300702112,1.04972719113862E-16,0.515038074910054));
#12033=DIRECTION('center_axis',(0.,0.,1.));
#12034=DIRECTION('ref_axis',(1.,0.,0.));
#12035=DIRECTION('center_axis',(0.,0.,-1.));
#12036=DIRECTION('ref_axis',(1.,0.,0.));
#12037=DIRECTION('',(0.,0.,1.));
#12038=DIRECTION('center_axis',(0.,0.,-1.));
#12039=DIRECTION('ref_axis',(1.,0.,0.));
#12040=DIRECTION('center_axis',(0.,0.,1.));
#12041=DIRECTION('ref_axis',(1.,0.,0.));
#12042=DIRECTION('',(0.857167300702112,1.04972719113862E-16,0.515038074910054));
#12043=DIRECTION('center_axis',(0.,0.,1.));
#12044=DIRECTION('ref_axis',(1.,0.,0.));
#12045=DIRECTION('center_axis',(0.,0.,-1.));
#12046=DIRECTION('ref_axis',(1.,0.,0.));
#12047=DIRECTION('',(0.,0.,1.));
#12048=DIRECTION('center_axis',(0.,0.,-1.));
#12049=DIRECTION('ref_axis',(1.,0.,0.));
#12050=DIRECTION('center_axis',(0.,0.,1.));
#12051=DIRECTION('ref_axis',(1.,0.,0.));
#12052=DIRECTION('',(0.857167300702112,1.04972719113862E-16,0.515038074910054));
#12053=DIRECTION('center_axis',(0.,0.,1.));
#12054=DIRECTION('ref_axis',(1.,0.,0.));
#12055=DIRECTION('center_axis',(0.,0.,-1.));
#12056=DIRECTION('ref_axis',(1.,0.,0.));
#12057=DIRECTION('',(0.,0.,1.));
#12058=DIRECTION('center_axis',(0.,0.,-1.));
#12059=DIRECTION('ref_axis',(1.,0.,0.));
#12060=DIRECTION('center_axis',(0.,0.,1.));
#12061=DIRECTION('ref_axis',(1.,0.,0.));
#12062=DIRECTION('',(0.857167300702112,1.04972719113862E-16,0.515038074910054));
#12063=DIRECTION('center_axis',(0.,0.,1.));
#12064=DIRECTION('ref_axis',(1.,0.,0.));
#12065=DIRECTION('center_axis',(0.,0.,-1.));
#12066=DIRECTION('ref_axis',(1.,0.,0.));
#12067=DIRECTION('',(0.,0.,1.));
#12068=DIRECTION('center_axis',(0.,0.,-1.));
#12069=DIRECTION('ref_axis',(1.,0.,0.));
#12070=DIRECTION('center_axis',(0.,0.,1.));
#12071=DIRECTION('ref_axis',(1.,0.,0.));
#12072=DIRECTION('',(0.857167300702112,1.04972719113862E-16,0.515038074910054));
#12073=DIRECTION('center_axis',(0.,0.,1.));
#12074=DIRECTION('ref_axis',(1.,0.,0.));
#12075=DIRECTION('center_axis',(0.,0.,-1.));
#12076=DIRECTION('ref_axis',(1.,0.,0.));
#12077=DIRECTION('',(0.,0.,1.));
#12078=DIRECTION('center_axis',(1.,0.,0.));
#12079=DIRECTION('ref_axis',(0.,5.52120857666882E-16,1.));
#12080=DIRECTION('',(-0.754709580222772,2.81879814775846E-16,0.656059028990507));
#12081=DIRECTION('center_axis',(1.,0.,0.));
#12082=DIRECTION('ref_axis',(0.,5.52120857666882E-16,1.));
#12083=DIRECTION('center_axis',(1.,0.,0.));
#12084=DIRECTION('ref_axis',(0.,5.52120857666882E-16,1.));
#12085=DIRECTION('',(-1.,0.,0.));
#12086=DIRECTION('center_axis',(1.,0.,0.));
#12087=DIRECTION('ref_axis',(0.,5.52120857666882E-16,1.));
#12088=DIRECTION('',(-0.754709580222772,2.81879814775846E-16,0.656059028990507));
#12089=DIRECTION('center_axis',(1.,0.,0.));
#12090=DIRECTION('ref_axis',(0.,5.52120857666882E-16,1.));
#12091=DIRECTION('center_axis',(1.,0.,0.));
#12092=DIRECTION('ref_axis',(0.,5.52120857666882E-16,1.));
#12093=DIRECTION('',(-1.,0.,0.));
#12094=DIRECTION('center_axis',(1.,0.,0.));
#12095=DIRECTION('ref_axis',(0.,5.52120857666882E-16,1.));
#12096=DIRECTION('',(-0.754709580222772,2.81879814775846E-16,0.656059028990507));
#12097=DIRECTION('center_axis',(1.,0.,0.));
#12098=DIRECTION('ref_axis',(0.,5.52120857666882E-16,1.));
#12099=DIRECTION('center_axis',(1.,0.,0.));
#12100=DIRECTION('ref_axis',(0.,5.52120857666882E-16,1.));
#12101=DIRECTION('',(-1.,0.,0.));
#12102=DIRECTION('center_axis',(0.,-1.,0.));
#12103=DIRECTION('ref_axis',(0.,0.,-1.));
#12104=DIRECTION('',(1.,0.,0.));
#12105=DIRECTION('',(1.,0.,0.));
#12106=DIRECTION('center_axis',(1.,0.,0.));
#12107=DIRECTION('ref_axis',(0.,0.,1.));
#12108=DIRECTION('',(-0.754709580222772,8.03440589904945E-17,0.656059028990507));
#12109=DIRECTION('center_axis',(-1.,0.,0.));
#12110=DIRECTION('ref_axis',(0.,0.,1.));
#12111=DIRECTION('center_axis',(-1.,0.,0.));
#12112=DIRECTION('ref_axis',(0.,0.,1.));
#12113=DIRECTION('',(-1.,0.,0.));
#12114=DIRECTION('center_axis',(1.,0.,0.));
#12115=DIRECTION('ref_axis',(0.,0.,1.));
#12116=DIRECTION('',(-0.754709580222772,8.03440589904945E-17,0.656059028990507));
#12117=DIRECTION('center_axis',(-1.,0.,0.));
#12118=DIRECTION('ref_axis',(0.,0.,1.));
#12119=DIRECTION('center_axis',(-1.,0.,0.));
#12120=DIRECTION('ref_axis',(0.,0.,1.));
#12121=DIRECTION('',(-1.,0.,0.));
#12122=DIRECTION('center_axis',(0.,-2.01536273712089E-16,-1.));
#12123=DIRECTION('ref_axis',(0.,1.,-2.01536273712089E-16));
#12124=DIRECTION('center_axis',(1.,0.,0.));
#12125=DIRECTION('ref_axis',(0.,0.,1.));
#12126=DIRECTION('',(-0.754709580222772,8.03440589904945E-17,0.656059028990507));
#12127=DIRECTION('center_axis',(-1.,0.,0.));
#12128=DIRECTION('ref_axis',(0.,0.,1.));
#12129=DIRECTION('center_axis',(-1.,0.,0.));
#12130=DIRECTION('ref_axis',(0.,0.,1.));
#12131=DIRECTION('',(-1.,0.,0.));
#12132=DIRECTION('center_axis',(1.,0.,0.));
#12133=DIRECTION('ref_axis',(0.,0.,1.));
#12134=DIRECTION('',(-0.754709580222772,8.03440589904945E-17,0.656059028990507));
#12135=DIRECTION('center_axis',(-1.,0.,0.));
#12136=DIRECTION('ref_axis',(0.,0.,1.));
#12137=DIRECTION('center_axis',(-1.,0.,0.));
#12138=DIRECTION('ref_axis',(0.,0.,1.));
#12139=DIRECTION('',(-1.,0.,0.));
#12140=DIRECTION('center_axis',(1.,0.,0.));
#12141=DIRECTION('ref_axis',(0.,0.,1.));
#12142=DIRECTION('',(-0.754709580222772,8.03440589904945E-17,0.656059028990507));
#12143=DIRECTION('center_axis',(-1.,0.,0.));
#12144=DIRECTION('ref_axis',(0.,0.,1.));
#12145=DIRECTION('center_axis',(-1.,0.,0.));
#12146=DIRECTION('ref_axis',(0.,0.,1.));
#12147=DIRECTION('',(-1.,0.,0.));
#12148=DIRECTION('center_axis',(1.,0.,0.));
#12149=DIRECTION('ref_axis',(0.,0.,1.));
#12150=DIRECTION('',(-0.754709580222772,8.03440589904945E-17,0.656059028990507));
#12151=DIRECTION('center_axis',(-1.,0.,0.));
#12152=DIRECTION('ref_axis',(0.,0.,1.));
#12153=DIRECTION('center_axis',(-1.,0.,0.));
#12154=DIRECTION('ref_axis',(0.,0.,1.));
#12155=DIRECTION('',(-1.,0.,0.));
#12156=DIRECTION('center_axis',(1.,0.,0.));
#12157=DIRECTION('ref_axis',(0.,-0.707106781186554,0.707106781186541));
#12158=DIRECTION('center_axis',(-1.,0.,0.));
#12159=DIRECTION('ref_axis',(0.,-0.707106781186554,0.707106781186541));
#12160=DIRECTION('',(-1.,0.,0.));
#12161=DIRECTION('',(1.,0.,0.));
#12162=DIRECTION('center_axis',(0.,0.,-1.));
#12163=DIRECTION('ref_axis',(0.,-1.,0.));
#12164=DIRECTION('',(-0.707106781186545,-0.70710678118655,0.));
#12165=DIRECTION('',(0.,-1.,0.));
#12166=DIRECTION('center_axis',(1.,0.,0.));
#12167=DIRECTION('ref_axis',(0.,0.,-1.));
#12168=DIRECTION('',(0.,7.10280478352708E-16,1.));
#12169=DIRECTION('',(0.,1.,0.));
#12170=DIRECTION('center_axis',(-1.,0.,0.));
#12171=DIRECTION('ref_axis',(0.,-0.642787609686545,-0.766044443118973));
#12172=DIRECTION('',(0.,0.17364817766693,-0.984807753012208));
#12173=DIRECTION('center_axis',(-1.,0.,0.));
#12174=DIRECTION('ref_axis',(0.,-0.996194698091746,-0.0871557427476555));
#12175=DIRECTION('',(0.,-5.24514814783538E-16,-1.));
#12176=DIRECTION('center_axis',(1.,0.,0.));
#12177=DIRECTION('ref_axis',(0.,0.707106781186554,0.707106781186541));
#12178=DIRECTION('center_axis',(-1.,0.,0.));
#12179=DIRECTION('ref_axis',(0.,0.707106781186554,0.707106781186541));
#12180=DIRECTION('',(-1.,0.,0.));
#12181=DIRECTION('',(1.,0.,0.));
#12182=DIRECTION('center_axis',(0.,-1.,5.82794238648376E-16));
#12183=DIRECTION('ref_axis',(0.,5.82794238648376E-16,1.));
#12184=DIRECTION('',(-1.,0.,0.));
#12185=DIRECTION('',(0.,5.82794238648376E-16,1.));
#12186=DIRECTION('center_axis',(1.,0.,0.));
#12187=DIRECTION('ref_axis',(0.,0.,-1.));
#12188=DIRECTION('center_axis',(-1.,0.,0.));
#12189=DIRECTION('ref_axis',(0.,0.996194698091746,-0.0871557427476555));
#12190=DIRECTION('',(0.,0.173648177666931,0.984807753012208));
#12191=DIRECTION('center_axis',(-1.,0.,0.));
#12192=DIRECTION('ref_axis',(0.,0.642787609686545,-0.766044443118973));
#12193=DIRECTION('',(0.,1.,0.));
#12194=DIRECTION('',(0.,-4.09777199049639E-16,-1.));
#12195=DIRECTION('',(0.,-1.,1.74838271594512E-15));
#12196=DIRECTION('center_axis',(1.,0.,0.));
#12197=DIRECTION('ref_axis',(0.,-0.642787609686545,-0.766044443118973));
#12198=DIRECTION('',(-1.,0.,0.));
#12199=DIRECTION('',(1.,0.,0.));
#12200=DIRECTION('center_axis',(0.,0.984807753012208,0.17364817766693));
#12201=DIRECTION('ref_axis',(0.,0.17364817766693,-0.984807753012208));
#12202=DIRECTION('',(-1.,0.,0.));
#12203=DIRECTION('center_axis',(1.,0.,0.));
#12204=DIRECTION('ref_axis',(0.,-0.996194698091746,-0.0871557427476555));
#12205=DIRECTION('',(1.,0.,0.));
#12206=DIRECTION('center_axis',(1.,0.,0.));
#12207=DIRECTION('ref_axis',(0.,0.996194698091746,-0.0871557427476555));
#12208=DIRECTION('',(1.,0.,0.));
#12209=DIRECTION('center_axis',(0.,-0.984807753012208,0.173648177666931));
#12210=DIRECTION('ref_axis',(0.,0.173648177666931,0.984807753012208));
#12211=DIRECTION('',(-1.,0.,0.));
#12212=DIRECTION('center_axis',(1.,0.,0.));
#12213=DIRECTION('ref_axis',(0.,0.642787609686545,-0.766044443118973));
#12214=DIRECTION('',(1.,0.,0.));
#12215=DIRECTION('center_axis',(1.,0.,0.));
#12216=DIRECTION('ref_axis',(0.,-0.707106781186554,0.707106781186541));
#12217=DIRECTION('center_axis',(-1.,0.,0.));
#12218=DIRECTION('ref_axis',(0.,-0.707106781186554,0.707106781186541));
#12219=DIRECTION('',(-1.,0.,0.));
#12220=DIRECTION('',(1.,0.,0.));
#12221=DIRECTION('center_axis',(0.,0.,-1.));
#12222=DIRECTION('ref_axis',(0.,-1.,0.));
#12223=DIRECTION('',(-0.707106781186548,-0.707106781186548,0.));
#12224=DIRECTION('',(0.,-1.,0.));
#12225=DIRECTION('center_axis',(1.,0.,0.));
#12226=DIRECTION('ref_axis',(0.,0.,-1.));
#12227=DIRECTION('',(0.,7.10280478352708E-16,1.));
#12228=DIRECTION('',(0.,1.,0.));
#12229=DIRECTION('center_axis',(-1.,0.,0.));
#12230=DIRECTION('ref_axis',(0.,-0.642787609686559,-0.766044443118962));
#12231=DIRECTION('',(0.,0.17364817766693,-0.984807753012208));
#12232=DIRECTION('center_axis',(-1.,0.,0.));
#12233=DIRECTION('ref_axis',(0.,-0.996194698091746,-0.0871557427476555));
#12234=DIRECTION('',(0.,-5.24514814783538E-16,-1.));
#12235=DIRECTION('center_axis',(1.,0.,0.));
#12236=DIRECTION('ref_axis',(0.,0.707106781186554,0.707106781186541));
#12237=DIRECTION('center_axis',(-1.,0.,0.));
#12238=DIRECTION('ref_axis',(0.,0.707106781186554,0.707106781186541));
#12239=DIRECTION('',(-1.,0.,0.));
#12240=DIRECTION('',(1.,0.,0.));
#12241=DIRECTION('center_axis',(0.,-1.,5.82794238648376E-16));
#12242=DIRECTION('ref_axis',(0.,5.82794238648376E-16,1.));
#12243=DIRECTION('',(-1.,0.,0.));
#12244=DIRECTION('',(0.,5.82794238648376E-16,1.));
#12245=DIRECTION('center_axis',(1.,0.,0.));
#12246=DIRECTION('ref_axis',(0.,0.,-1.));
#12247=DIRECTION('center_axis',(-1.,0.,0.));
#12248=DIRECTION('ref_axis',(0.,0.996194698091746,-0.0871557427476555));
#12249=DIRECTION('',(0.,0.173648177666931,0.984807753012208));
#12250=DIRECTION('center_axis',(-1.,0.,0.));
#12251=DIRECTION('ref_axis',(0.,0.642787609686545,-0.766044443118973));
#12252=DIRECTION('',(0.,1.,0.));
#12253=DIRECTION('',(0.,-4.09777199049639E-16,-1.));
#12254=DIRECTION('',(0.,-1.,1.74838271594512E-15));
#12255=DIRECTION('center_axis',(1.,0.,0.));
#12256=DIRECTION('ref_axis',(0.,-0.642787609686559,-0.766044443118962));
#12257=DIRECTION('',(-1.,0.,0.));
#12258=DIRECTION('',(1.,0.,0.));
#12259=DIRECTION('center_axis',(0.,0.984807753012208,0.17364817766693));
#12260=DIRECTION('ref_axis',(0.,0.17364817766693,-0.984807753012208));
#12261=DIRECTION('',(-1.,0.,0.));
#12262=DIRECTION('center_axis',(1.,0.,0.));
#12263=DIRECTION('ref_axis',(0.,-0.996194698091746,-0.0871557427476555));
#12264=DIRECTION('',(1.,0.,0.));
#12265=DIRECTION('center_axis',(1.,0.,0.));
#12266=DIRECTION('ref_axis',(0.,0.996194698091746,-0.0871557427476555));
#12267=DIRECTION('',(1.,0.,0.));
#12268=DIRECTION('center_axis',(0.,-0.984807753012208,0.173648177666931));
#12269=DIRECTION('ref_axis',(0.,0.173648177666931,0.984807753012208));
#12270=DIRECTION('',(-1.,0.,0.));
#12271=DIRECTION('center_axis',(1.,0.,0.));
#12272=DIRECTION('ref_axis',(0.,0.642787609686545,-0.766044443118973));
#12273=DIRECTION('',(1.,0.,0.));
#12274=DIRECTION('center_axis',(1.,0.,0.));
#12275=DIRECTION('ref_axis',(0.,-0.707106781186566,0.707106781186529));
#12276=DIRECTION('center_axis',(-1.,0.,0.));
#12277=DIRECTION('ref_axis',(0.,-0.707106781186566,0.707106781186529));
#12278=DIRECTION('',(-1.,0.,0.));
#12279=DIRECTION('',(1.,0.,0.));
#12280=DIRECTION('center_axis',(0.,0.,-1.));
#12281=DIRECTION('ref_axis',(0.,-1.,0.));
#12282=DIRECTION('',(-0.707106781186548,-0.707106781186548,0.));
#12283=DIRECTION('',(0.,-1.,0.));
#12284=DIRECTION('center_axis',(1.,0.,0.));
#12285=DIRECTION('ref_axis',(0.,0.,-1.));
#12286=DIRECTION('',(0.,7.10280478352708E-16,1.));
#12287=DIRECTION('',(0.,1.,0.));
#12288=DIRECTION('center_axis',(-1.,0.,0.));
#12289=DIRECTION('ref_axis',(0.,-0.642787609686545,-0.766044443118973));
#12290=DIRECTION('',(0.,0.17364817766693,-0.984807753012208));
#12291=DIRECTION('center_axis',(-1.,0.,0.));
#12292=DIRECTION('ref_axis',(0.,-0.996194698091746,-0.087155742747657));
#12293=DIRECTION('',(0.,-5.24514814783538E-16,-1.));
#12294=DIRECTION('center_axis',(1.,0.,0.));
#12295=DIRECTION('ref_axis',(0.,0.707106781186541,0.707106781186554));
#12296=DIRECTION('center_axis',(-1.,0.,0.));
#12297=DIRECTION('ref_axis',(0.,0.707106781186541,0.707106781186554));
#12298=DIRECTION('',(-1.,0.,0.));
#12299=DIRECTION('',(1.,0.,0.));
#12300=DIRECTION('center_axis',(0.,-1.,5.82794238648376E-16));
#12301=DIRECTION('ref_axis',(0.,5.82794238648376E-16,1.));
#12302=DIRECTION('',(-1.,0.,0.));
#12303=DIRECTION('',(0.,5.82794238648376E-16,1.));
#12304=DIRECTION('center_axis',(1.,0.,0.));
#12305=DIRECTION('ref_axis',(0.,0.,-1.));
#12306=DIRECTION('center_axis',(-1.,0.,0.));
#12307=DIRECTION('ref_axis',(0.,0.996194698091746,-0.087155742747657));
#12308=DIRECTION('',(0.,0.173648177666931,0.984807753012208));
#12309=DIRECTION('center_axis',(-1.,0.,0.));
#12310=DIRECTION('ref_axis',(0.,0.642787609686545,-0.766044443118973));
#12311=DIRECTION('',(0.,1.,0.));
#12312=DIRECTION('',(0.,-4.09777199049639E-16,-1.));
#12313=DIRECTION('',(0.,-1.,1.74838271594512E-15));
#12314=DIRECTION('center_axis',(1.,0.,0.));
#12315=DIRECTION('ref_axis',(0.,-0.642787609686545,-0.766044443118973));
#12316=DIRECTION('',(-1.,0.,0.));
#12317=DIRECTION('',(1.,0.,0.));
#12318=DIRECTION('center_axis',(0.,0.984807753012208,0.17364817766693));
#12319=DIRECTION('ref_axis',(0.,0.17364817766693,-0.984807753012208));
#12320=DIRECTION('',(-1.,0.,0.));
#12321=DIRECTION('center_axis',(1.,0.,0.));
#12322=DIRECTION('ref_axis',(0.,-0.996194698091746,-0.087155742747657));
#12323=DIRECTION('',(1.,0.,0.));
#12324=DIRECTION('center_axis',(1.,0.,0.));
#12325=DIRECTION('ref_axis',(0.,0.996194698091746,-0.087155742747657));
#12326=DIRECTION('',(1.,0.,0.));
#12327=DIRECTION('center_axis',(0.,-0.984807753012208,0.173648177666931));
#12328=DIRECTION('ref_axis',(0.,0.173648177666931,0.984807753012208));
#12329=DIRECTION('',(-1.,0.,0.));
#12330=DIRECTION('center_axis',(1.,0.,0.));
#12331=DIRECTION('ref_axis',(0.,0.642787609686545,-0.766044443118973));
#12332=DIRECTION('',(1.,0.,0.));
#12333=DIRECTION('center_axis',(0.70710678118655,0.707106781186545,-2.89756236223629E-16));
#12334=DIRECTION('ref_axis',(-4.09777199049636E-16,0.,-1.));
#12335=DIRECTION('',(0.707106781186545,-0.70710678118655,1.23629327455415E-15));
#12336=DIRECTION('',(-0.707106781186545,0.70710678118655,0.));
#12337=DIRECTION('center_axis',(0.70710678118655,-0.707106781186545,5.02244142787623E-16));
#12338=DIRECTION('ref_axis',(7.10280478352703E-16,0.,-1.));
#12339=DIRECTION('',(0.707106781186545,0.70710678118655,0.));
#12340=DIRECTION('center_axis',(0.70710678118655,0.707106781186545,-2.89756236223629E-16));
#12341=DIRECTION('ref_axis',(-4.09777199049636E-16,0.,-1.));
#12342=DIRECTION('',(0.707106781186545,-0.70710678118655,1.23629327455415E-15));
#12343=DIRECTION('',(-0.707106781186545,0.70710678118655,0.));
#12344=DIRECTION('center_axis',(0.707106781186548,-0.707106781186548,5.02244142787625E-16));
#12345=DIRECTION('ref_axis',(7.10280478352708E-16,0.,-1.));
#12346=DIRECTION('',(0.707106781186548,0.707106781186548,0.));
#12347=DIRECTION('center_axis',(0.707106781186552,0.707106781186543,-2.89756236223628E-16));
#12348=DIRECTION('ref_axis',(-4.09777199049634E-16,0.,-1.));
#12349=DIRECTION('',(0.707106781186543,-0.707106781186552,1.23629327455416E-15));
#12350=DIRECTION('',(-0.707106781186543,0.707106781186552,0.));
#12351=DIRECTION('center_axis',(0.707106781186548,-0.707106781186548,5.02244142787625E-16));
#12352=DIRECTION('ref_axis',(7.10280478352708E-16,0.,-1.));
#12353=DIRECTION('',(0.707106781186548,0.707106781186548,0.));
#12354=DIRECTION('center_axis',(0.,1.,-5.24514814783538E-16));
#12355=DIRECTION('ref_axis',(0.,-5.24514814783538E-16,-1.));
#12356=DIRECTION('center_axis',(0.,-1.74838271594512E-15,-1.));
#12357=DIRECTION('ref_axis',(0.,-1.,1.74838271594512E-15));
#12358=DIRECTION('center_axis',(0.,1.,-5.24514814783538E-16));
#12359=DIRECTION('ref_axis',(0.,-5.24514814783538E-16,-1.));
#12360=DIRECTION('center_axis',(0.,-1.74838271594512E-15,-1.));
#12361=DIRECTION('ref_axis',(0.,-1.,1.74838271594512E-15));
#12362=DIRECTION('center_axis',(0.,1.,-5.24514814783538E-16));
#12363=DIRECTION('ref_axis',(0.,-5.24514814783538E-16,-1.));
#12364=DIRECTION('center_axis',(0.,-1.74838271594512E-15,-1.));
#12365=DIRECTION('ref_axis',(0.,-1.,1.74838271594512E-15));
#12366=DIRECTION('center_axis',(1.,0.,0.));
#12367=DIRECTION('ref_axis',(0.,-0.707106781186541,0.707106781186554));
#12368=DIRECTION('center_axis',(-1.,0.,0.));
#12369=DIRECTION('ref_axis',(0.,-0.707106781186541,0.707106781186554));
#12370=DIRECTION('',(-1.,0.,0.));
#12371=DIRECTION('',(1.,0.,0.));
#12372=DIRECTION('center_axis',(0.,0.,-1.));
#12373=DIRECTION('ref_axis',(0.,-1.,0.));
#12374=DIRECTION('',(-0.707106781186543,-0.707106781186552,0.));
#12375=DIRECTION('',(0.,-1.,0.));
#12376=DIRECTION('center_axis',(1.,0.,0.));
#12377=DIRECTION('ref_axis',(0.,0.,-1.));
#12378=DIRECTION('',(0.,7.10280478352708E-16,1.));
#12379=DIRECTION('',(0.,1.,0.));
#12380=DIRECTION('center_axis',(-1.,0.,0.));
#12381=DIRECTION('ref_axis',(0.,-0.642787609686519,-0.766044443118995));
#12382=DIRECTION('',(0.,0.17364817766693,-0.984807753012208));
#12383=DIRECTION('center_axis',(-1.,0.,0.));
#12384=DIRECTION('ref_axis',(0.,-0.996194698091746,-0.087155742747657));
#12385=DIRECTION('',(0.,-5.24514814783538E-16,-1.));
#12386=DIRECTION('center_axis',(1.,0.,0.));
#12387=DIRECTION('ref_axis',(0.,0.707106781186541,0.707106781186554));
#12388=DIRECTION('center_axis',(-1.,0.,0.));
#12389=DIRECTION('ref_axis',(0.,0.707106781186541,0.707106781186554));
#12390=DIRECTION('',(-1.,0.,0.));
#12391=DIRECTION('',(1.,0.,0.));
#12392=DIRECTION('center_axis',(0.,-1.,5.82794238648376E-16));
#12393=DIRECTION('ref_axis',(0.,5.82794238648376E-16,1.));
#12394=DIRECTION('',(-1.,0.,0.));
#12395=DIRECTION('',(0.,5.82794238648376E-16,1.));
#12396=DIRECTION('center_axis',(1.,0.,0.));
#12397=DIRECTION('ref_axis',(0.,0.,-1.));
#12398=DIRECTION('center_axis',(-1.,0.,0.));
#12399=DIRECTION('ref_axis',(0.,0.996194698091746,-0.087155742747654));
#12400=DIRECTION('',(0.,0.173648177666931,0.984807753012208));
#12401=DIRECTION('center_axis',(-1.,0.,0.));
#12402=DIRECTION('ref_axis',(0.,0.642787609686545,-0.766044443118973));
#12403=DIRECTION('',(0.,1.,0.));
#12404=DIRECTION('',(0.,-4.09777199049639E-16,-1.));
#12405=DIRECTION('',(0.,-1.,1.74838271594512E-15));
#12406=DIRECTION('center_axis',(1.,0.,0.));
#12407=DIRECTION('ref_axis',(0.,-0.642787609686519,-0.766044443118995));
#12408=DIRECTION('',(-1.,0.,0.));
#12409=DIRECTION('',(1.,0.,0.));
#12410=DIRECTION('center_axis',(0.,0.984807753012208,0.17364817766693));
#12411=DIRECTION('ref_axis',(0.,0.17364817766693,-0.984807753012208));
#12412=DIRECTION('',(-1.,0.,0.));
#12413=DIRECTION('center_axis',(1.,0.,0.));
#12414=DIRECTION('ref_axis',(0.,-0.996194698091746,-0.087155742747657));
#12415=DIRECTION('',(1.,0.,0.));
#12416=DIRECTION('center_axis',(1.,0.,0.));
#12417=DIRECTION('ref_axis',(0.,0.996194698091746,-0.087155742747654));
#12418=DIRECTION('',(1.,0.,0.));
#12419=DIRECTION('center_axis',(0.,-0.984807753012208,0.173648177666931));
#12420=DIRECTION('ref_axis',(0.,0.173648177666931,0.984807753012208));
#12421=DIRECTION('',(-1.,0.,0.));
#12422=DIRECTION('center_axis',(1.,0.,0.));
#12423=DIRECTION('ref_axis',(0.,0.642787609686545,-0.766044443118973));
#12424=DIRECTION('',(1.,0.,0.));
#12425=DIRECTION('center_axis',(0.707106781186557,0.707106781186538,-2.89756236223626E-16));
#12426=DIRECTION('ref_axis',(-4.09777199049628E-16,0.,-1.));
#12427=DIRECTION('',(0.707106781186538,-0.707106781186558,1.23629327455417E-15));
#12428=DIRECTION('',(-0.707106781186538,0.707106781186558,0.));
#12429=DIRECTION('center_axis',(0.707106781186552,-0.707106781186543,5.02244142787621E-16));
#12430=DIRECTION('ref_axis',(7.10280478352698E-16,0.,-1.));
#12431=DIRECTION('',(0.707106781186543,0.707106781186552,0.));
#12432=DIRECTION('center_axis',(0.,1.,-5.24514814783538E-16));
#12433=DIRECTION('ref_axis',(0.,-5.24514814783538E-16,-1.));
#12434=DIRECTION('center_axis',(0.,-1.74838271594512E-15,-1.));
#12435=DIRECTION('ref_axis',(0.,-1.,1.74838271594512E-15));
#12436=DIRECTION('center_axis',(0.,0.,1.));
#12437=DIRECTION('ref_axis',(0.,-1.,0.));
#12438=DIRECTION('center_axis',(1.,0.,0.));
#12439=DIRECTION('ref_axis',(0.,0.,1.));
#12440=DIRECTION('center_axis',(-1.,0.,0.));
#12441=DIRECTION('ref_axis',(0.,0.,1.));
#12442=DIRECTION('',(-0.515038074910054,1.04972719113862E-16,0.857167300702112));
#12443=DIRECTION('center_axis',(-1.,0.,0.));
#12444=DIRECTION('ref_axis',(0.,0.,1.));
#12445=DIRECTION('center_axis',(-1.,-1.86546838620648E-16,0.));
#12446=DIRECTION('ref_axis',(0.,0.,1.));
#12447=DIRECTION('',(-1.,0.,0.));
#12448=DIRECTION('center_axis',(1.,0.,0.));
#12449=DIRECTION('ref_axis',(0.,0.,1.));
#12450=DIRECTION('center_axis',(-1.,0.,0.));
#12451=DIRECTION('ref_axis',(0.,0.,1.));
#12452=DIRECTION('',(-0.515038074910054,1.04972719113862E-16,0.857167300702112));
#12453=DIRECTION('center_axis',(-1.,0.,0.));
#12454=DIRECTION('ref_axis',(0.,0.,1.));
#12455=DIRECTION('center_axis',(-1.,-1.86546838620648E-16,0.));
#12456=DIRECTION('ref_axis',(0.,0.,1.));
#12457=DIRECTION('',(-1.,0.,0.));
#12458=DIRECTION('center_axis',(1.,0.,0.));
#12459=DIRECTION('ref_axis',(0.,0.,1.));
#12460=DIRECTION('center_axis',(-1.,0.,0.));
#12461=DIRECTION('ref_axis',(0.,0.,1.));
#12462=DIRECTION('',(-0.515038074910054,1.04972719113862E-16,0.857167300702112));
#12463=DIRECTION('center_axis',(-1.,0.,0.));
#12464=DIRECTION('ref_axis',(0.,0.,1.));
#12465=DIRECTION('center_axis',(-1.,-1.86546838620648E-16,0.));
#12466=DIRECTION('ref_axis',(0.,0.,1.));
#12467=DIRECTION('',(-1.,0.,0.));
#12468=DIRECTION('center_axis',(-1.,0.,0.));
#12469=DIRECTION('ref_axis',(0.,0.,1.));
#12470=DIRECTION('center_axis',(-1.,0.,0.));
#12471=DIRECTION('ref_axis',(0.,0.,1.));
#12472=DIRECTION('',(0.515038074910054,1.04972719113862E-16,0.857167300702112));
#12473=DIRECTION('center_axis',(-1.,0.,0.));
#12474=DIRECTION('ref_axis',(0.,0.,1.));
#12475=DIRECTION('center_axis',(1.,2.86172222931105E-16,0.));
#12476=DIRECTION('ref_axis',(0.,0.,1.));
#12477=DIRECTION('',(1.,0.,0.));
#12478=DIRECTION('center_axis',(-1.,0.,0.));
#12479=DIRECTION('ref_axis',(0.,0.,1.));
#12480=DIRECTION('center_axis',(-1.,0.,0.));
#12481=DIRECTION('ref_axis',(0.,0.,1.));
#12482=DIRECTION('',(0.515038074910054,1.04972719113862E-16,0.857167300702112));
#12483=DIRECTION('center_axis',(-1.,0.,0.));
#12484=DIRECTION('ref_axis',(0.,0.,1.));
#12485=DIRECTION('center_axis',(1.,2.86172222931105E-16,0.));
#12486=DIRECTION('ref_axis',(0.,0.,1.));
#12487=DIRECTION('',(1.,0.,0.));
#12488=DIRECTION('center_axis',(-1.,0.,0.));
#12489=DIRECTION('ref_axis',(0.,0.,1.));
#12490=DIRECTION('center_axis',(-1.,0.,0.));
#12491=DIRECTION('ref_axis',(0.,0.,1.));
#12492=DIRECTION('',(0.515038074910054,1.04972719113862E-16,0.857167300702112));
#12493=DIRECTION('center_axis',(-1.,0.,0.));
#12494=DIRECTION('ref_axis',(0.,0.,1.));
#12495=DIRECTION('center_axis',(1.,2.86172222931105E-16,0.));
#12496=DIRECTION('ref_axis',(0.,0.,1.));
#12497=DIRECTION('',(1.,0.,0.));
#12498=DIRECTION('center_axis',(0.,0.,-1.));
#12499=DIRECTION('ref_axis',(0.707106781186547,0.707106781186549,0.));
#12500=DIRECTION('center_axis',(0.,0.,1.));
#12501=DIRECTION('ref_axis',(0.707106781186547,0.707106781186549,0.));
#12502=DIRECTION('',(0.,0.,1.));
#12503=DIRECTION('center_axis',(0.,-2.01536273712089E-16,-1.));
#12504=DIRECTION('ref_axis',(0.707106781186547,0.707106781186549,0.));
#12505=DIRECTION('',(0.,0.,-1.));
#12506=DIRECTION('center_axis',(0.,2.01536273712089E-16,1.));
#12507=DIRECTION('ref_axis',(1.,0.,0.));
#12508=DIRECTION('',(-1.,0.,0.));
#12509=DIRECTION('center_axis',(0.,-2.01536273712089E-16,-1.));
#12510=DIRECTION('ref_axis',(-0.707106781186549,0.707106781186546,0.));
#12511=DIRECTION('',(2.86172222931105E-16,-1.,2.01536273712089E-16));
#12512=DIRECTION('center_axis',(0.,-2.01536273712089E-16,-1.));
#12513=DIRECTION('ref_axis',(-0.70710678118655,-0.707106781186546,0.));
#12514=DIRECTION('',(1.,5.16382802151236E-17,-1.04069865754567E-32));
#12515=DIRECTION('center_axis',(0.,-2.01536273712089E-16,-1.));
#12516=DIRECTION('ref_axis',(0.707106781186544,-0.707106781186551,0.));
#12517=DIRECTION('',(-1.86546838620648E-16,1.,-2.01536273712089E-16));
#12518=DIRECTION('center_axis',(0.,-2.01536273712089E-16,-1.));
#12519=DIRECTION('ref_axis',(1.,0.,0.));
#12520=DIRECTION('center_axis',(0.,-2.01536273712089E-16,-1.));
#12521=DIRECTION('ref_axis',(1.,0.,0.));
#12522=DIRECTION('center_axis',(0.,-2.01536273712089E-16,-1.));
#12523=DIRECTION('ref_axis',(1.,0.,0.));
#12524=DIRECTION('center_axis',(0.,-2.01536273712089E-16,-1.));
#12525=DIRECTION('ref_axis',(1.,0.,0.));
#12526=DIRECTION('center_axis',(0.,1.,0.));
#12527=DIRECTION('ref_axis',(1.,0.,0.));
#12528=DIRECTION('',(1.,0.,0.));
#12529=DIRECTION('',(0.,0.,-1.));
#12530=DIRECTION('center_axis',(0.,0.,-1.));
#12531=DIRECTION('ref_axis',(-0.707106781186549,0.707106781186546,0.));
#12532=DIRECTION('center_axis',(0.,0.,1.));
#12533=DIRECTION('ref_axis',(-0.707106781186549,0.707106781186546,0.));
#12534=DIRECTION('',(0.,0.,1.));
#12535=DIRECTION('center_axis',(0.,0.,-1.));
#12536=DIRECTION('ref_axis',(0.707106781186544,-0.707106781186551,0.));
#12537=DIRECTION('center_axis',(0.,0.,1.));
#12538=DIRECTION('ref_axis',(0.707106781186544,-0.707106781186551,0.));
#12539=DIRECTION('',(0.,0.,1.));
#12540=DIRECTION('',(0.,0.,-1.));
#12541=DIRECTION('center_axis',(5.16382802151236E-17,-1.,0.));
#12542=DIRECTION('ref_axis',(-1.,-5.16382802151236E-17,1.04069865754567E-32));
#12543=DIRECTION('',(0.,0.,1.));
#12544=DIRECTION('',(-1.,-5.16382802151236E-17,1.04069865754567E-32));
#12545=DIRECTION('center_axis',(0.,0.,-1.));
#12546=DIRECTION('ref_axis',(-0.70710678118655,-0.707106781186546,0.));
#12547=DIRECTION('center_axis',(0.,0.,1.));
#12548=DIRECTION('ref_axis',(-0.70710678118655,-0.707106781186546,0.));
#12549=DIRECTION('',(0.,0.,-1.));
#12550=DIRECTION('center_axis',(0.,2.01536273712089E-16,1.));
#12551=DIRECTION('ref_axis',(1.,0.,0.));
#12552=DIRECTION('',(0.,-2.01536273712089E-16,-1.));
#12553=DIRECTION('center_axis',(0.,0.,1.));
#12554=DIRECTION('ref_axis',(1.,0.,0.));
#12555=DIRECTION('center_axis',(0.,2.01536273712089E-16,1.));
#12556=DIRECTION('ref_axis',(1.,0.,0.));
#12557=DIRECTION('',(0.,-2.01536273712089E-16,-1.));
#12558=DIRECTION('center_axis',(0.,0.,1.));
#12559=DIRECTION('ref_axis',(1.,0.,0.));
#12560=DIRECTION('center_axis',(0.,2.01536273712089E-16,1.));
#12561=DIRECTION('ref_axis',(1.,0.,0.));
#12562=DIRECTION('',(0.,-2.01536273712089E-16,-1.));
#12563=DIRECTION('center_axis',(0.,0.,1.));
#12564=DIRECTION('ref_axis',(1.,0.,0.));
#12565=DIRECTION('center_axis',(0.,2.01536273712089E-16,1.));
#12566=DIRECTION('ref_axis',(1.,0.,0.));
#12567=DIRECTION('',(0.,-2.01536273712089E-16,-1.));
#12568=DIRECTION('center_axis',(0.,0.,1.));
#12569=DIRECTION('ref_axis',(1.,0.,0.));
#12570=DIRECTION('center_axis',(-1.,-2.86172222931105E-16,0.));
#12571=DIRECTION('ref_axis',(-2.86172222931105E-16,1.,-2.01536273712089E-16));
#12572=DIRECTION('',(-2.86172222931105E-16,1.,-2.01536273712089E-16));
#12573=DIRECTION('center_axis',(1.,1.86546838620648E-16,0.));
#12574=DIRECTION('ref_axis',(1.86546838620648E-16,-1.,2.01536273712089E-16));
#12575=DIRECTION('',(1.86546838620648E-16,-1.,2.01536273712089E-16));
#12576=DIRECTION('center_axis',(0.,0.,-1.));
#12577=DIRECTION('ref_axis',(-1.,0.,0.));
#12578=DIRECTION('center_axis',(1.,0.,0.));
#12579=DIRECTION('ref_axis',(0.,0.,1.));
#12580=DIRECTION('center_axis',(-1.,0.,0.));
#12581=DIRECTION('ref_axis',(0.,0.,1.));
#12582=DIRECTION('',(-0.515038074910054,1.04972719113862E-16,0.857167300702112));
#12583=DIRECTION('center_axis',(-1.,0.,0.));
#12584=DIRECTION('ref_axis',(0.,0.,1.));
#12585=DIRECTION('center_axis',(-1.,0.,0.));
#12586=DIRECTION('ref_axis',(0.,0.,1.));
#12587=DIRECTION('',(-1.,0.,0.));
#12588=DIRECTION('center_axis',(1.,0.,0.));
#12589=DIRECTION('ref_axis',(0.,0.,1.));
#12590=DIRECTION('center_axis',(-1.,0.,0.));
#12591=DIRECTION('ref_axis',(0.,0.,1.));
#12592=DIRECTION('',(-0.515038074910054,1.04972719113862E-16,0.857167300702112));
#12593=DIRECTION('center_axis',(-1.,0.,0.));
#12594=DIRECTION('ref_axis',(0.,0.,1.));
#12595=DIRECTION('center_axis',(-1.,0.,0.));
#12596=DIRECTION('ref_axis',(0.,0.,1.));
#12597=DIRECTION('',(-1.,0.,0.));
#12598=DIRECTION('center_axis',(1.,0.,0.));
#12599=DIRECTION('ref_axis',(0.,0.,1.));
#12600=DIRECTION('center_axis',(-1.,0.,0.));
#12601=DIRECTION('ref_axis',(0.,0.,1.));
#12602=DIRECTION('',(-0.515038074910054,1.04972719113862E-16,0.857167300702112));
#12603=DIRECTION('center_axis',(-1.,0.,0.));
#12604=DIRECTION('ref_axis',(0.,0.,1.));
#12605=DIRECTION('center_axis',(-1.,0.,0.));
#12606=DIRECTION('ref_axis',(0.,0.,1.));
#12607=DIRECTION('',(-1.,0.,0.));
#12608=DIRECTION('center_axis',(-1.,0.,0.));
#12609=DIRECTION('ref_axis',(0.,0.,1.));
#12610=DIRECTION('center_axis',(-1.,0.,0.));
#12611=DIRECTION('ref_axis',(0.,0.,1.));
#12612=DIRECTION('',(0.515038074910054,1.04972719113862E-16,0.857167300702112));
#12613=DIRECTION('center_axis',(-1.,0.,0.));
#12614=DIRECTION('ref_axis',(0.,0.,1.));
#12615=DIRECTION('center_axis',(1.,0.,0.));
#12616=DIRECTION('ref_axis',(0.,0.,1.));
#12617=DIRECTION('',(1.,0.,0.));
#12618=DIRECTION('center_axis',(-1.,0.,0.));
#12619=DIRECTION('ref_axis',(0.,0.,1.));
#12620=DIRECTION('center_axis',(-1.,0.,0.));
#12621=DIRECTION('ref_axis',(0.,0.,1.));
#12622=DIRECTION('',(0.515038074910054,1.04972719113862E-16,0.857167300702112));
#12623=DIRECTION('center_axis',(-1.,0.,0.));
#12624=DIRECTION('ref_axis',(0.,0.,1.));
#12625=DIRECTION('center_axis',(1.,0.,0.));
#12626=DIRECTION('ref_axis',(0.,0.,1.));
#12627=DIRECTION('',(1.,0.,0.));
#12628=DIRECTION('center_axis',(-1.,0.,0.));
#12629=DIRECTION('ref_axis',(0.,0.,1.));
#12630=DIRECTION('center_axis',(-1.,0.,0.));
#12631=DIRECTION('ref_axis',(0.,0.,1.));
#12632=DIRECTION('',(0.515038074910054,1.04972719113862E-16,0.857167300702112));
#12633=DIRECTION('center_axis',(-1.,0.,0.));
#12634=DIRECTION('ref_axis',(0.,0.,1.));
#12635=DIRECTION('center_axis',(1.,0.,0.));
#12636=DIRECTION('ref_axis',(0.,0.,1.));
#12637=DIRECTION('',(1.,0.,0.));
#12638=DIRECTION('center_axis',(0.,-1.,2.76060428833441E-16));
#12639=DIRECTION('ref_axis',(1.,0.,0.));
#12640=DIRECTION('center_axis',(0.,1.,-2.76060428833441E-16));
#12641=DIRECTION('ref_axis',(1.,0.,0.));
#12642=DIRECTION('',(0.,1.,-2.76060428833441E-16));
#12643=DIRECTION('center_axis',(0.,-1.,2.76060428833441E-16));
#12644=DIRECTION('ref_axis',(1.,0.,0.));
#12645=DIRECTION('center_axis',(0.,-1.,2.76060428833441E-16));
#12646=DIRECTION('ref_axis',(1.,0.,0.));
#12647=DIRECTION('center_axis',(0.,1.,-2.76060428833441E-16));
#12648=DIRECTION('ref_axis',(1.,0.,0.));
#12649=DIRECTION('',(0.,1.,-2.76060428833441E-16));
#12650=DIRECTION('center_axis',(0.,-1.,2.76060428833441E-16));
#12651=DIRECTION('ref_axis',(1.,0.,0.));
#12652=DIRECTION('center_axis',(0.,-1.,2.76060428833441E-16));
#12653=DIRECTION('ref_axis',(1.,0.,0.));
#12654=DIRECTION('center_axis',(0.,1.,-2.76060428833441E-16));
#12655=DIRECTION('ref_axis',(1.,0.,0.));
#12656=DIRECTION('',(0.,1.,-2.76060428833441E-16));
#12657=DIRECTION('center_axis',(0.,-1.,2.76060428833441E-16));
#12658=DIRECTION('ref_axis',(1.,0.,0.));
#12659=DIRECTION('center_axis',(0.,-1.,2.76060428833441E-16));
#12660=DIRECTION('ref_axis',(1.,0.,0.));
#12661=DIRECTION('center_axis',(0.,1.,-2.76060428833441E-16));
#12662=DIRECTION('ref_axis',(1.,0.,0.));
#12663=DIRECTION('',(0.,1.,-2.76060428833441E-16));
#12664=DIRECTION('center_axis',(0.,-1.,2.76060428833441E-16));
#12665=DIRECTION('ref_axis',(1.,0.,0.));
#12666=DIRECTION('center_axis',(0.,1.,0.));
#12667=DIRECTION('ref_axis',(-1.,0.,0.));
#12668=DIRECTION('center_axis',(0.,-1.,2.76060428833441E-16));
#12669=DIRECTION('ref_axis',(-1.,0.,0.));
#12670=DIRECTION('',(0.,-1.,0.));
#12671=DIRECTION('center_axis',(0.,1.,-2.76060428833441E-16));
#12672=DIRECTION('ref_axis',(-1.,0.,0.));
#12673=DIRECTION('center_axis',(-4.13106241720989E-16,0.,1.));
#12674=DIRECTION('ref_axis',(1.,1.14042286243267E-31,4.13106241720989E-16));
#12675=DIRECTION('',(-1.,-1.14042286243267E-31,-4.13106241720989E-16));
#12676=DIRECTION('',(0.,1.,0.));
#12677=DIRECTION('',(1.,1.14042286243267E-31,4.13106241720989E-16));
#12678=DIRECTION('',(0.,1.,0.));
#12679=DIRECTION('center_axis',(-1.,0.,0.));
#12680=DIRECTION('ref_axis',(0.,2.76060428833441E-16,1.));
#12681=DIRECTION('',(0.,-2.76060428833441E-16,-1.));
#12682=DIRECTION('',(0.,2.76060428833441E-16,1.));
#12683=DIRECTION('',(0.,1.,0.));
#12684=DIRECTION('center_axis',(0.,0.,-1.));
#12685=DIRECTION('ref_axis',(-1.,0.,0.));
#12686=DIRECTION('',(1.,0.,0.));
#12687=DIRECTION('',(-1.,0.,0.));
#12688=DIRECTION('',(0.,1.,0.));
#12689=DIRECTION('center_axis',(1.,0.,0.));
#12690=DIRECTION('ref_axis',(0.,-2.76060428833441E-16,-1.));
#12691=DIRECTION('',(0.,2.76060428833441E-16,1.));
#12692=DIRECTION('',(0.,-2.76060428833441E-16,-1.));
#12693=DIRECTION('center_axis',(0.,-1.,2.76060428833441E-16));
#12694=DIRECTION('ref_axis',(0.,-2.76060428833441E-16,-1.));
#12695=DIRECTION('center_axis',(0.,-1.,2.76060428833441E-16));
#12696=DIRECTION('ref_axis',(0.,-2.76060428833441E-16,-1.));
#12697=DIRECTION('center_axis',(-1.,0.,0.));
#12698=DIRECTION('ref_axis',(0.,0.,1.));
#12699=DIRECTION('center_axis',(-1.,0.,0.));
#12700=DIRECTION('ref_axis',(0.,0.,1.));
#12701=DIRECTION('',(-1.,0.,0.));
#12702=DIRECTION('center_axis',(1.,0.,4.42628535682311E-17));
#12703=DIRECTION('ref_axis',(0.,0.,1.));
#12704=DIRECTION('',(1.,0.,0.));
#12705=DIRECTION('center_axis',(-1.,0.,0.));
#12706=DIRECTION('ref_axis',(0.,0.,1.));
#12707=DIRECTION('',(-1.,0.,0.));
#12708=DIRECTION('center_axis',(1.,0.,4.42628535682311E-17));
#12709=DIRECTION('ref_axis',(0.,0.,1.));
#12710=DIRECTION('center_axis',(1.,0.,0.));
#12711=DIRECTION('ref_axis',(0.,0.,1.));
#12712=DIRECTION('center_axis',(-1.,0.,0.));
#12713=DIRECTION('ref_axis',(0.,0.,1.));
#12714=DIRECTION('center_axis',(-1.,0.,0.));
#12715=DIRECTION('ref_axis',(0.,0.,1.));
#12716=DIRECTION('',(-1.,0.,0.));
#12717=DIRECTION('center_axis',(1.,0.,4.42628535682311E-17));
#12718=DIRECTION('ref_axis',(0.,0.,1.));
#12719=DIRECTION('',(1.,0.,0.));
#12720=DIRECTION('center_axis',(-1.,0.,0.));
#12721=DIRECTION('ref_axis',(0.,0.,1.));
#12722=DIRECTION('',(-1.,0.,0.));
#12723=DIRECTION('center_axis',(1.,0.,4.42628535682311E-17));
#12724=DIRECTION('ref_axis',(0.,0.,1.));
#12725=DIRECTION('center_axis',(1.,0.,0.));
#12726=DIRECTION('ref_axis',(0.,0.,1.));
#12727=DIRECTION('center_axis',(-1.,0.,0.));
#12728=DIRECTION('ref_axis',(0.,0.,1.));
#12729=DIRECTION('center_axis',(-1.,0.,0.));
#12730=DIRECTION('ref_axis',(0.,0.,1.));
#12731=DIRECTION('',(-1.,0.,0.));
#12732=DIRECTION('center_axis',(1.,0.,-2.39504481636319E-16));
#12733=DIRECTION('ref_axis',(0.,0.,1.));
#12734=DIRECTION('',(1.,0.,0.));
#12735=DIRECTION('center_axis',(-1.,0.,0.));
#12736=DIRECTION('ref_axis',(0.,0.,1.));
#12737=DIRECTION('',(-1.,0.,0.));
#12738=DIRECTION('center_axis',(1.,0.,-2.39504481636319E-16));
#12739=DIRECTION('ref_axis',(0.,0.,1.));
#12740=DIRECTION('center_axis',(1.,0.,0.));
#12741=DIRECTION('ref_axis',(0.,0.,1.));
#12742=DIRECTION('center_axis',(1.,0.,4.42628535682311E-17));
#12743=DIRECTION('ref_axis',(-4.42628535682311E-17,0.,1.));
#12744=DIRECTION('',(-4.42628535682311E-17,0.,1.));
#12745=DIRECTION('',(0.,1.,0.));
#12746=DIRECTION('',(-4.42628535682311E-17,0.,1.));
#12747=DIRECTION('',(0.,-1.,0.));
#12748=DIRECTION('',(-4.42628535682311E-17,0.,1.));
#12749=DIRECTION('',(-4.42628535682311E-17,0.,1.));
#12750=DIRECTION('center_axis',(1.,0.,-2.39504481636319E-16));
#12751=DIRECTION('ref_axis',(2.39504481636319E-16,0.,1.));
#12752=DIRECTION('',(2.39504481636319E-16,0.,1.));
#12753=DIRECTION('',(0.,1.,0.));
#12754=DIRECTION('',(2.39504481636319E-16,0.,1.));
#12755=DIRECTION('',(0.,-1.,0.));
#12756=DIRECTION('',(2.39504481636319E-16,0.,1.));
#12757=DIRECTION('center_axis',(-1.,0.,0.));
#12758=DIRECTION('ref_axis',(0.,0.,1.));
#12759=DIRECTION('center_axis',(-1.,0.,0.));
#12760=DIRECTION('ref_axis',(0.,0.,1.));
#12761=DIRECTION('center_axis',(-1.,0.,0.));
#12762=DIRECTION('ref_axis',(0.,0.,1.));
#12763=DIRECTION('center_axis',(1.,0.,0.));
#12764=DIRECTION('ref_axis',(0.,0.,1.));
#12765=DIRECTION('',(1.,0.,0.));
#12766=DIRECTION('center_axis',(-1.,0.,4.42628535682311E-17));
#12767=DIRECTION('ref_axis',(0.,0.,1.));
#12768=DIRECTION('',(-1.,0.,0.));
#12769=DIRECTION('',(1.,0.,0.));
#12770=DIRECTION('center_axis',(-1.,0.,4.42628535682311E-17));
#12771=DIRECTION('ref_axis',(0.,0.,1.));
#12772=DIRECTION('center_axis',(-1.,0.,0.));
#12773=DIRECTION('ref_axis',(0.,0.,1.));
#12774=DIRECTION('center_axis',(-1.,0.,0.));
#12775=DIRECTION('ref_axis',(0.,0.,1.));
#12776=DIRECTION('center_axis',(-1.,0.,0.));
#12777=DIRECTION('ref_axis',(0.,0.,1.));
#12778=DIRECTION('center_axis',(1.,0.,0.));
#12779=DIRECTION('ref_axis',(0.,0.,1.));
#12780=DIRECTION('',(1.,0.,0.));
#12781=DIRECTION('center_axis',(-1.,0.,4.42628535682311E-17));
#12782=DIRECTION('ref_axis',(0.,0.,1.));
#12783=DIRECTION('',(-1.,0.,0.));
#12784=DIRECTION('',(1.,0.,0.));
#12785=DIRECTION('center_axis',(-1.,0.,4.42628535682311E-17));
#12786=DIRECTION('ref_axis',(0.,0.,1.));
#12787=DIRECTION('center_axis',(-1.,0.,0.));
#12788=DIRECTION('ref_axis',(0.,0.,1.));
#12789=DIRECTION('center_axis',(-1.,0.,0.));
#12790=DIRECTION('ref_axis',(0.,0.,1.));
#12791=DIRECTION('center_axis',(-1.,0.,0.));
#12792=DIRECTION('ref_axis',(0.,0.,1.));
#12793=DIRECTION('center_axis',(1.,0.,0.));
#12794=DIRECTION('ref_axis',(0.,0.,1.));
#12795=DIRECTION('',(1.,0.,0.));
#12796=DIRECTION('center_axis',(-1.,0.,-2.39504481636319E-16));
#12797=DIRECTION('ref_axis',(0.,0.,1.));
#12798=DIRECTION('',(-1.,0.,0.));
#12799=DIRECTION('',(1.,0.,0.));
#12800=DIRECTION('center_axis',(-1.,0.,-2.39504481636319E-16));
#12801=DIRECTION('ref_axis',(0.,0.,1.));
#12802=DIRECTION('center_axis',(0.,1.,0.));
#12803=DIRECTION('ref_axis',(0.,0.,1.));
#12804=DIRECTION('center_axis',(0.,1.,0.));
#12805=DIRECTION('ref_axis',(-0.707106781186548,0.,0.707106781186548));
#12806=DIRECTION('',(1.,0.,0.));
#12807=DIRECTION('center_axis',(0.,1.,0.));
#12808=DIRECTION('ref_axis',(0.707106781186548,0.,0.707106781186547));
#12809=DIRECTION('',(0.,0.,-1.));
#12810=DIRECTION('center_axis',(0.,1.,0.));
#12811=DIRECTION('ref_axis',(0.707106781186548,0.,-0.707106781186548));
#12812=DIRECTION('',(-1.,0.,0.));
#12813=DIRECTION('center_axis',(0.,1.,0.));
#12814=DIRECTION('ref_axis',(-0.707106781186548,0.,-0.707106781186548));
#12815=DIRECTION('center_axis',(0.,-1.,0.));
#12816=DIRECTION('ref_axis',(0.707106781186548,0.,0.707106781186548));
#12817=DIRECTION('',(-1.,0.,0.));
#12818=DIRECTION('center_axis',(0.,-1.,0.));
#12819=DIRECTION('ref_axis',(-0.707106781186539,0.,0.707106781186556));
#12820=DIRECTION('',(-2.39504481636319E-16,0.,1.));
#12821=DIRECTION('',(-2.39504481636319E-16,0.,1.));
#12822=DIRECTION('center_axis',(0.,1.,0.));
#12823=DIRECTION('ref_axis',(0.707106781186548,0.,-0.707106781186548));
#12824=DIRECTION('',(1.,0.,0.));
#12825=DIRECTION('center_axis',(0.,1.,0.));
#12826=DIRECTION('ref_axis',(-0.707106781186548,0.,-0.707106781186548));
#12827=DIRECTION('',(0.,0.,-1.));
#12828=DIRECTION('center_axis',(0.,1.,0.));
#12829=DIRECTION('ref_axis',(-0.707106781186548,0.,0.707106781186547));
#12830=DIRECTION('',(-1.,0.,0.));
#12831=DIRECTION('center_axis',(0.,1.,0.));
#12832=DIRECTION('ref_axis',(0.707106781186548,0.,0.707106781186548));
#12833=DIRECTION('',(4.42628535682311E-17,0.,1.));
#12834=DIRECTION('',(4.42628535682311E-17,0.,1.));
#12835=DIRECTION('',(4.42628535682311E-17,0.,1.));
#12836=DIRECTION('center_axis',(0.,-1.,0.));
#12837=DIRECTION('ref_axis',(-0.707106781186548,0.,-0.707106781186548));
#12838=DIRECTION('',(-1.,0.,0.));
#12839=DIRECTION('center_axis',(0.,-1.,0.));
#12840=DIRECTION('ref_axis',(0.707106781186548,0.,-0.707106781186548));
#12841=DIRECTION('center_axis',(0.,1.,0.));
#12842=DIRECTION('ref_axis',(0.707106781186545,0.,-0.70710678118655));
#12843=DIRECTION('',(4.66235390918701E-15,0.,1.));
#12844=DIRECTION('center_axis',(0.,-1.,0.));
#12845=DIRECTION('ref_axis',(-0.707106781186512,0.,0.707106781186583));
#12846=DIRECTION('',(1.,0.,-8.74191357972566E-16));
#12847=DIRECTION('center_axis',(0.,-1.,0.));
#12848=DIRECTION('ref_axis',(0.707106781186548,0.,0.707106781186548));
#12849=DIRECTION('',(0.,0.,-1.));
#12850=DIRECTION('center_axis',(0.,1.,0.));
#12851=DIRECTION('ref_axis',(-0.707106781186548,0.,-0.707106781186548));
#12852=DIRECTION('',(1.,0.,0.));
#12853=DIRECTION('',(1.99815167536586E-15,0.,-1.));
#12854=DIRECTION('',(-1.,0.,0.));
#12855=DIRECTION('',(0.,0.,1.));
#12856=DIRECTION('',(1.,0.,0.));
#12857=DIRECTION('',(-1.22829265620412E-15,0.,1.));
#12858=DIRECTION('',(1.,0.,-5.22457893941786E-16));
#12859=DIRECTION('',(1.22829265620412E-15,0.,-1.));
#12860=DIRECTION('',(-1.,0.,5.22457893941786E-16));
#12861=DIRECTION('',(-1.,0.,-1.4943442016625E-16));
#12862=DIRECTION('center_axis',(0.,1.,0.));
#12863=DIRECTION('ref_axis',(1.,0.,0.));
#12864=DIRECTION('',(0.,0.,1.));
#12865=DIRECTION('center_axis',(0.,1.,0.));
#12866=DIRECTION('ref_axis',(-1.,0.,0.));
#12867=DIRECTION('',(1.,0.,0.));
#12868=DIRECTION('center_axis',(0.,1.,0.));
#12869=DIRECTION('ref_axis',(-1.,0.,0.));
#12870=DIRECTION('',(0.,0.,-1.));
#12871=DIRECTION('center_axis',(1.4943442016625E-16,0.,-1.));
#12872=DIRECTION('ref_axis',(-1.,0.,-1.4943442016625E-16));
#12873=DIRECTION('',(0.,1.,0.));
#12874=DIRECTION('',(-1.,0.,-1.4943442016625E-16));
#12875=DIRECTION('',(-1.,0.,-1.4943442016625E-16));
#12876=DIRECTION('',(-1.,0.,-1.4943442016625E-16));
#12877=DIRECTION('',(-1.,0.,-1.4943442016625E-16));
#12878=DIRECTION('',(-1.,0.,-1.4943442016625E-16));
#12879=DIRECTION('',(-1.,0.,-1.4943442016625E-16));
#12880=DIRECTION('',(-1.,0.,-1.4943442016625E-16));
#12881=DIRECTION('',(-1.,0.,-1.4943442016625E-16));
#12882=DIRECTION('',(-1.,0.,-1.4943442016625E-16));
#12883=DIRECTION('',(-1.,0.,-1.4943442016625E-16));
#12884=DIRECTION('',(-1.,0.,-1.4943442016625E-16));
#12885=DIRECTION('',(-1.,0.,-1.4943442016625E-16));
#12886=DIRECTION('',(-1.,0.,-1.4943442016625E-16));
#12887=DIRECTION('',(-1.,0.,-1.4943442016625E-16));
#12888=DIRECTION('',(-1.,0.,-1.4943442016625E-16));
#12889=DIRECTION('',(-1.,0.,-1.4943442016625E-16));
#12890=DIRECTION('',(-1.,0.,-1.4943442016625E-16));
#12891=DIRECTION('',(0.,1.,0.));
#12892=DIRECTION('center_axis',(0.,-1.,0.));
#12893=DIRECTION('ref_axis',(0.,0.,-1.));
#12894=DIRECTION('center_axis',(0.,-1.,0.));
#12895=DIRECTION('ref_axis',(1.,0.,0.));
#12896=DIRECTION('',(0.,0.,-1.));
#12897=DIRECTION('center_axis',(0.,-1.,0.));
#12898=DIRECTION('ref_axis',(0.,0.,-1.));
#12899=DIRECTION('center_axis',(0.,-1.,0.));
#12900=DIRECTION('ref_axis',(-1.,0.,0.));
#12901=DIRECTION('',(0.,0.,1.));
#12902=DIRECTION('center_axis',(0.,-1.,0.));
#12903=DIRECTION('ref_axis',(1.,0.,0.));
#12904=DIRECTION('center_axis',(0.,-1.,0.));
#12905=DIRECTION('ref_axis',(1.,0.,0.));
#12906=DIRECTION('',(0.,0.,-1.));
#12907=DIRECTION('center_axis',(0.,-1.,0.));
#12908=DIRECTION('ref_axis',(-1.,0.,0.));
#12909=DIRECTION('',(1.,0.,0.));
#12910=DIRECTION('center_axis',(0.,-1.,0.));
#12911=DIRECTION('ref_axis',(0.,0.,-1.));
#12912=DIRECTION('center_axis',(0.,-1.,0.));
#12913=DIRECTION('ref_axis',(-1.,0.,0.));
#12914=DIRECTION('',(1.,0.,0.));
#12915=DIRECTION('center_axis',(0.,-1.,0.));
#12916=DIRECTION('ref_axis',(-1.,0.,0.));
#12917=DIRECTION('',(0.,0.,1.));
#12918=DIRECTION('center_axis',(0.,-1.,0.));
#12919=DIRECTION('ref_axis',(1.,0.,0.));
#12920=DIRECTION('center_axis',(0.,-1.,0.));
#12921=DIRECTION('ref_axis',(1.,0.,0.));
#12922=DIRECTION('',(0.,0.,-1.));
#12923=DIRECTION('center_axis',(0.,-1.,0.));
#12924=DIRECTION('ref_axis',(0.,0.,-1.));
#12925=DIRECTION('center_axis',(0.,-1.,0.));
#12926=DIRECTION('ref_axis',(-1.,0.,0.));
#12927=DIRECTION('',(0.,0.,1.));
#12928=DIRECTION('center_axis',(0.,-1.,0.));
#12929=DIRECTION('ref_axis',(1.,0.,0.));
#12930=DIRECTION('center_axis',(0.,-1.,0.));
#12931=DIRECTION('ref_axis',(1.,0.,0.));
#12932=DIRECTION('',(0.,0.,-1.));
#12933=DIRECTION('center_axis',(0.,-1.,0.));
#12934=DIRECTION('ref_axis',(-1.,0.,0.));
#12935=DIRECTION('',(1.,0.,0.));
#12936=DIRECTION('center_axis',(0.,-1.,0.));
#12937=DIRECTION('ref_axis',(0.,0.,-1.));
#12938=DIRECTION('center_axis',(0.,-1.,0.));
#12939=DIRECTION('ref_axis',(-1.,0.,0.));
#12940=DIRECTION('',(1.,0.,0.));
#12941=DIRECTION('center_axis',(0.,-1.,0.));
#12942=DIRECTION('ref_axis',(-1.,0.,0.));
#12943=DIRECTION('',(0.,0.,1.));
#12944=DIRECTION('center_axis',(0.,-1.,0.));
#12945=DIRECTION('ref_axis',(1.,0.,0.));
#12946=DIRECTION('center_axis',(0.,-1.,0.));
#12947=DIRECTION('ref_axis',(1.,0.,0.));
#12948=DIRECTION('',(0.,0.,-1.));
#12949=DIRECTION('center_axis',(0.,-1.,0.));
#12950=DIRECTION('ref_axis',(0.,0.,-1.));
#12951=DIRECTION('center_axis',(0.,-1.,0.));
#12952=DIRECTION('ref_axis',(-1.,0.,0.));
#12953=DIRECTION('',(0.,0.,1.));
#12954=DIRECTION('center_axis',(0.,-1.,0.));
#12955=DIRECTION('ref_axis',(1.,0.,0.));
#12956=DIRECTION('center_axis',(0.,-1.,0.));
#12957=DIRECTION('ref_axis',(1.,0.,0.));
#12958=DIRECTION('',(0.,0.,-1.));
#12959=DIRECTION('center_axis',(0.,-1.,0.));
#12960=DIRECTION('ref_axis',(-1.,0.,0.));
#12961=DIRECTION('',(1.,0.,0.));
#12962=DIRECTION('center_axis',(0.,-1.,0.));
#12963=DIRECTION('ref_axis',(0.,0.,-1.));
#12964=DIRECTION('center_axis',(0.,-1.,0.));
#12965=DIRECTION('ref_axis',(-1.,0.,0.));
#12966=DIRECTION('',(1.,0.,0.));
#12967=DIRECTION('center_axis',(0.,-1.,0.));
#12968=DIRECTION('ref_axis',(-1.,0.,0.));
#12969=DIRECTION('',(0.,0.,1.));
#12970=DIRECTION('center_axis',(0.,-1.,0.));
#12971=DIRECTION('ref_axis',(1.,0.,0.));
#12972=DIRECTION('center_axis',(0.,-1.,0.));
#12973=DIRECTION('ref_axis',(1.,0.,0.));
#12974=DIRECTION('',(0.,0.,-1.));
#12975=DIRECTION('center_axis',(0.,-1.,0.));
#12976=DIRECTION('ref_axis',(0.,0.,-1.));
#12977=DIRECTION('center_axis',(0.,-1.,0.));
#12978=DIRECTION('ref_axis',(-1.,0.,0.));
#12979=DIRECTION('',(0.,0.,1.));
#12980=DIRECTION('center_axis',(0.,-1.,0.));
#12981=DIRECTION('ref_axis',(1.,0.,0.));
#12982=DIRECTION('center_axis',(0.,-1.,0.));
#12983=DIRECTION('ref_axis',(1.,0.,0.));
#12984=DIRECTION('',(0.,0.,-1.));
#12985=DIRECTION('center_axis',(0.,-1.,0.));
#12986=DIRECTION('ref_axis',(-1.,0.,0.));
#12987=DIRECTION('',(1.,0.,0.));
#12988=DIRECTION('center_axis',(0.,-1.,0.));
#12989=DIRECTION('ref_axis',(0.,0.,-1.));
#12990=DIRECTION('center_axis',(0.,-1.,0.));
#12991=DIRECTION('ref_axis',(-1.,0.,0.));
#12992=DIRECTION('',(1.,0.,0.));
#12993=DIRECTION('center_axis',(0.,-1.,0.));
#12994=DIRECTION('ref_axis',(-1.,0.,0.));
#12995=DIRECTION('',(0.,0.,1.));
#12996=DIRECTION('center_axis',(0.,-1.,0.));
#12997=DIRECTION('ref_axis',(1.,0.,0.));
#12998=DIRECTION('center_axis',(0.,-1.,0.));
#12999=DIRECTION('ref_axis',(1.,0.,0.));
#13000=DIRECTION('',(0.,0.,-1.));
#13001=DIRECTION('center_axis',(0.,-1.,0.));
#13002=DIRECTION('ref_axis',(0.,0.,-1.));
#13003=DIRECTION('center_axis',(0.,-1.,0.));
#13004=DIRECTION('ref_axis',(-1.,0.,0.));
#13005=DIRECTION('',(0.,0.,1.));
#13006=DIRECTION('center_axis',(0.,-1.,0.));
#13007=DIRECTION('ref_axis',(1.,0.,0.));
#13008=DIRECTION('center_axis',(0.,-1.,0.));
#13009=DIRECTION('ref_axis',(1.,0.,0.));
#13010=DIRECTION('',(0.,0.,-1.));
#13011=DIRECTION('center_axis',(0.,-1.,0.));
#13012=DIRECTION('ref_axis',(-1.,0.,0.));
#13013=DIRECTION('',(1.,0.,0.));
#13014=DIRECTION('center_axis',(0.,-1.,0.));
#13015=DIRECTION('ref_axis',(0.,0.,-1.));
#13016=DIRECTION('center_axis',(0.,-1.,0.));
#13017=DIRECTION('ref_axis',(-1.,0.,0.));
#13018=DIRECTION('',(1.,0.,0.));
#13019=DIRECTION('center_axis',(0.,-1.,0.));
#13020=DIRECTION('ref_axis',(-1.,0.,0.));
#13021=DIRECTION('',(0.,0.,1.));
#13022=DIRECTION('center_axis',(0.,-1.,0.));
#13023=DIRECTION('ref_axis',(1.,0.,0.));
#13024=DIRECTION('center_axis',(0.,-1.,0.));
#13025=DIRECTION('ref_axis',(1.,0.,0.));
#13026=DIRECTION('',(0.,0.,-1.));
#13027=DIRECTION('center_axis',(0.,-1.,0.));
#13028=DIRECTION('ref_axis',(0.,0.,-1.));
#13029=DIRECTION('center_axis',(0.,-1.,0.));
#13030=DIRECTION('ref_axis',(-1.,0.,0.));
#13031=DIRECTION('',(1.,0.,0.));
#13032=DIRECTION('center_axis',(0.,-1.,0.));
#13033=DIRECTION('ref_axis',(-1.,0.,0.));
#13034=DIRECTION('',(0.,0.,1.));
#13035=DIRECTION('center_axis',(0.,-1.,0.));
#13036=DIRECTION('ref_axis',(1.,0.,0.));
#13037=DIRECTION('center_axis',(0.,-1.,0.));
#13038=DIRECTION('ref_axis',(1.,0.,0.));
#13039=DIRECTION('',(0.,0.,-1.));
#13040=DIRECTION('center_axis',(0.,-1.,0.));
#13041=DIRECTION('ref_axis',(0.,0.,-1.));
#13042=DIRECTION('center_axis',(0.,-1.,0.));
#13043=DIRECTION('ref_axis',(-1.,0.,0.));
#13044=DIRECTION('',(0.,0.,1.));
#13045=DIRECTION('center_axis',(0.,-1.,0.));
#13046=DIRECTION('ref_axis',(1.,0.,0.));
#13047=DIRECTION('center_axis',(0.,-1.,0.));
#13048=DIRECTION('ref_axis',(1.,0.,0.));
#13049=DIRECTION('',(0.,0.,-1.));
#13050=DIRECTION('center_axis',(0.,-1.,0.));
#13051=DIRECTION('ref_axis',(-1.,0.,0.));
#13052=DIRECTION('',(1.,0.,0.));
#13053=DIRECTION('center_axis',(0.,-1.,0.));
#13054=DIRECTION('ref_axis',(0.,0.,-1.));
#13055=DIRECTION('center_axis',(0.,-1.,0.));
#13056=DIRECTION('ref_axis',(-1.,0.,0.));
#13057=DIRECTION('',(0.,0.,1.));
#13058=DIRECTION('center_axis',(0.,-1.,0.));
#13059=DIRECTION('ref_axis',(1.,0.,0.));
#13060=DIRECTION('center_axis',(0.,-1.,0.));
#13061=DIRECTION('ref_axis',(1.,0.,0.));
#13062=DIRECTION('',(0.,0.,-1.));
#13063=DIRECTION('center_axis',(0.,-1.,0.));
#13064=DIRECTION('ref_axis',(-1.,0.,0.));
#13065=DIRECTION('',(1.,0.,0.));
#13066=DIRECTION('center_axis',(0.,-1.,0.));
#13067=DIRECTION('ref_axis',(0.,0.,-1.));
#13068=DIRECTION('center_axis',(0.,-1.,0.));
#13069=DIRECTION('ref_axis',(-1.,0.,0.));
#13070=DIRECTION('',(0.,0.,1.));
#13071=DIRECTION('center_axis',(0.,-1.,0.));
#13072=DIRECTION('ref_axis',(1.,0.,0.));
#13073=DIRECTION('center_axis',(0.,-1.,0.));
#13074=DIRECTION('ref_axis',(1.,0.,0.));
#13075=DIRECTION('',(0.,0.,-1.));
#13076=DIRECTION('center_axis',(0.,-1.,0.));
#13077=DIRECTION('ref_axis',(-1.,0.,0.));
#13078=DIRECTION('',(1.,0.,0.));
#13079=DIRECTION('center_axis',(0.,-1.,0.));
#13080=DIRECTION('ref_axis',(0.,0.,-1.));
#13081=DIRECTION('center_axis',(0.,-1.,0.));
#13082=DIRECTION('ref_axis',(-1.,0.,0.));
#13083=DIRECTION('',(0.,0.,1.));
#13084=DIRECTION('center_axis',(0.,-1.,0.));
#13085=DIRECTION('ref_axis',(1.,0.,0.));
#13086=DIRECTION('center_axis',(0.,-1.,0.));
#13087=DIRECTION('ref_axis',(1.,0.,0.));
#13088=DIRECTION('',(0.,0.,-1.));
#13089=DIRECTION('center_axis',(0.,-1.,0.));
#13090=DIRECTION('ref_axis',(-1.,0.,0.));
#13091=DIRECTION('',(1.,0.,0.));
#13092=DIRECTION('center_axis',(0.,-1.,0.));
#13093=DIRECTION('ref_axis',(0.,0.,-1.));
#13094=DIRECTION('center_axis',(0.,-1.,0.));
#13095=DIRECTION('ref_axis',(1.,0.,0.));
#13096=DIRECTION('center_axis',(0.,-1.,0.));
#13097=DIRECTION('ref_axis',(1.,0.,0.));
#13098=DIRECTION('',(0.,0.,-1.));
#13099=DIRECTION('center_axis',(0.,-1.,0.));
#13100=DIRECTION('ref_axis',(-1.,0.,0.));
#13101=DIRECTION('',(1.,0.,0.));
#13102=DIRECTION('center_axis',(0.,-1.,0.));
#13103=DIRECTION('ref_axis',(-1.,0.,0.));
#13104=DIRECTION('',(0.,0.,1.));
#13105=DIRECTION('center_axis',(0.,0.,1.));
#13106=DIRECTION('ref_axis',(1.,0.,0.));
#13107=DIRECTION('',(0.,1.,0.));
#13108=DIRECTION('',(0.,1.,0.));
#13109=DIRECTION('center_axis',(0.,-1.,0.));
#13110=DIRECTION('ref_axis',(1.,0.,0.));
#13111=DIRECTION('',(0.,-1.,0.));
#13112=DIRECTION('center_axis',(0.,-1.,0.));
#13113=DIRECTION('ref_axis',(1.,0.,0.));
#13114=DIRECTION('',(0.,-1.,0.));
#13115=DIRECTION('center_axis',(1.,0.,0.));
#13116=DIRECTION('ref_axis',(0.,0.,1.));
#13117=DIRECTION('',(0.,-1.,0.));
#13118=DIRECTION('',(0.,0.,1.));
#13119=DIRECTION('center_axis',(0.,-1.,0.));
#13120=DIRECTION('ref_axis',(-1.,0.,0.));
#13121=DIRECTION('',(0.,-1.,0.));
#13122=DIRECTION('center_axis',(0.,-1.,0.));
#13123=DIRECTION('ref_axis',(-1.,0.,0.));
#13124=DIRECTION('',(0.,-1.,0.));
#13125=DIRECTION('center_axis',(-1.,0.,0.));
#13126=DIRECTION('ref_axis',(0.,0.,-1.));
#13127=DIRECTION('',(0.,-1.,0.));
#13128=DIRECTION('',(0.,0.,-1.));
#13129=DIRECTION('center_axis',(0.,-1.,0.));
#13130=DIRECTION('ref_axis',(-1.,0.,0.));
#13131=DIRECTION('',(0.,-1.,0.));
#13132=DIRECTION('center_axis',(0.,-1.,0.));
#13133=DIRECTION('ref_axis',(-1.,0.,0.));
#13134=DIRECTION('center_axis',(0.,-1.,0.));
#13135=DIRECTION('ref_axis',(1.,0.,0.));
#13136=DIRECTION('',(0.,-1.,0.));
#13137=DIRECTION('center_axis',(0.,-1.,0.));
#13138=DIRECTION('ref_axis',(1.,0.,0.));
#13139=DIRECTION('center_axis',(0.,-1.,0.));
#13140=DIRECTION('ref_axis',(-1.,0.,0.));
#13141=DIRECTION('',(0.,-1.,0.));
#13142=DIRECTION('center_axis',(0.,-1.,0.));
#13143=DIRECTION('ref_axis',(-1.,0.,0.));
#13144=DIRECTION('',(0.,-1.,0.));
#13145=DIRECTION('center_axis',(-1.,0.,0.));
#13146=DIRECTION('ref_axis',(0.,0.,-1.));
#13147=DIRECTION('',(0.,-1.,0.));
#13148=DIRECTION('',(0.,0.,-1.));
#13149=DIRECTION('center_axis',(0.,-1.,0.));
#13150=DIRECTION('ref_axis',(1.,0.,0.));
#13151=DIRECTION('',(0.,-1.,0.));
#13152=DIRECTION('center_axis',(0.,-1.,0.));
#13153=DIRECTION('ref_axis',(1.,0.,0.));
#13154=DIRECTION('center_axis',(0.,-1.,0.));
#13155=DIRECTION('ref_axis',(-1.,0.,0.));
#13156=DIRECTION('',(0.,-1.,0.));
#13157=DIRECTION('center_axis',(0.,-1.,0.));
#13158=DIRECTION('ref_axis',(-1.,0.,0.));
#13159=DIRECTION('',(0.,-1.,0.));
#13160=DIRECTION('center_axis',(-1.,0.,0.));
#13161=DIRECTION('ref_axis',(0.,0.,-1.));
#13162=DIRECTION('',(0.,-1.,0.));
#13163=DIRECTION('',(0.,0.,-1.));
#13164=DIRECTION('center_axis',(0.,-1.,0.));
#13165=DIRECTION('ref_axis',(1.,0.,0.));
#13166=DIRECTION('',(0.,-1.,0.));
#13167=DIRECTION('center_axis',(0.,-1.,0.));
#13168=DIRECTION('ref_axis',(1.,0.,0.));
#13169=DIRECTION('center_axis',(0.,-1.,0.));
#13170=DIRECTION('ref_axis',(-1.,0.,0.));
#13171=DIRECTION('',(0.,-1.,0.));
#13172=DIRECTION('center_axis',(0.,-1.,0.));
#13173=DIRECTION('ref_axis',(-1.,0.,0.));
#13174=DIRECTION('',(0.,-1.,0.));
#13175=DIRECTION('center_axis',(-1.,0.,0.));
#13176=DIRECTION('ref_axis',(0.,0.,-1.));
#13177=DIRECTION('',(0.,-1.,0.));
#13178=DIRECTION('',(0.,0.,-1.));
#13179=DIRECTION('center_axis',(-1.,0.,0.));
#13180=DIRECTION('ref_axis',(0.,0.,-1.));
#13181=DIRECTION('',(0.,-1.,0.));
#13182=DIRECTION('',(0.,0.,-1.));
#13183=DIRECTION('',(0.,-1.,0.));
#13184=DIRECTION('center_axis',(0.,-1.,0.));
#13185=DIRECTION('ref_axis',(1.,0.,0.));
#13186=DIRECTION('',(0.,-1.,0.));
#13187=DIRECTION('center_axis',(0.,-1.,0.));
#13188=DIRECTION('ref_axis',(1.,0.,0.));
#13189=DIRECTION('center_axis',(0.,-1.,0.));
#13190=DIRECTION('ref_axis',(-1.,0.,0.));
#13191=DIRECTION('',(0.,-1.,0.));
#13192=DIRECTION('center_axis',(0.,-1.,0.));
#13193=DIRECTION('ref_axis',(-1.,0.,0.));
#13194=DIRECTION('',(0.,-1.,0.));
#13195=DIRECTION('center_axis',(-1.,0.,0.));
#13196=DIRECTION('ref_axis',(0.,0.,-1.));
#13197=DIRECTION('',(0.,-1.,0.));
#13198=DIRECTION('',(0.,0.,-1.));
#13199=DIRECTION('center_axis',(0.,-1.,0.));
#13200=DIRECTION('ref_axis',(-1.,0.,0.));
#13201=DIRECTION('',(0.,-1.,0.));
#13202=DIRECTION('center_axis',(0.,-1.,0.));
#13203=DIRECTION('ref_axis',(-1.,0.,0.));
#13204=DIRECTION('',(0.,-1.,0.));
#13205=DIRECTION('center_axis',(-1.,0.,0.));
#13206=DIRECTION('ref_axis',(0.,0.,-1.));
#13207=DIRECTION('',(0.,-1.,0.));
#13208=DIRECTION('',(0.,0.,-1.));
#13209=DIRECTION('center_axis',(0.,-1.,0.));
#13210=DIRECTION('ref_axis',(1.,0.,0.));
#13211=DIRECTION('',(0.,-1.,0.));
#13212=DIRECTION('center_axis',(0.,-1.,0.));
#13213=DIRECTION('ref_axis',(1.,0.,0.));
#13214=DIRECTION('center_axis',(0.,-1.,0.));
#13215=DIRECTION('ref_axis',(1.,0.,0.));
#13216=DIRECTION('',(0.,-1.,0.));
#13217=DIRECTION('center_axis',(0.,-1.,0.));
#13218=DIRECTION('ref_axis',(1.,0.,0.));
#13219=DIRECTION('center_axis',(0.,-1.,0.));
#13220=DIRECTION('ref_axis',(1.,0.,0.));
#13221=DIRECTION('',(0.,-1.,0.));
#13222=DIRECTION('center_axis',(0.,-1.,0.));
#13223=DIRECTION('ref_axis',(1.,0.,0.));
#13224=DIRECTION('center_axis',(0.,-1.,0.));
#13225=DIRECTION('ref_axis',(-1.,0.,0.));
#13226=DIRECTION('',(0.,-1.,0.));
#13227=DIRECTION('center_axis',(0.,-1.,0.));
#13228=DIRECTION('ref_axis',(-1.,0.,0.));
#13229=DIRECTION('',(0.,-1.,0.));
#13230=DIRECTION('center_axis',(-1.,0.,0.));
#13231=DIRECTION('ref_axis',(0.,0.,-1.));
#13232=DIRECTION('',(0.,-1.,0.));
#13233=DIRECTION('',(0.,0.,-1.));
#13234=DIRECTION('center_axis',(0.,-1.,0.));
#13235=DIRECTION('ref_axis',(-1.,0.,0.));
#13236=DIRECTION('',(0.,-1.,0.));
#13237=DIRECTION('center_axis',(0.,-1.,0.));
#13238=DIRECTION('ref_axis',(-1.,0.,0.));
#13239=DIRECTION('',(0.,-1.,0.));
#13240=DIRECTION('center_axis',(-1.,0.,0.));
#13241=DIRECTION('ref_axis',(0.,0.,-1.));
#13242=DIRECTION('',(0.,-1.,0.));
#13243=DIRECTION('',(0.,0.,-1.));
#13244=DIRECTION('center_axis',(0.,-1.,0.));
#13245=DIRECTION('ref_axis',(1.,0.,0.));
#13246=DIRECTION('',(0.,-1.,0.));
#13247=DIRECTION('center_axis',(0.,-1.,0.));
#13248=DIRECTION('ref_axis',(1.,0.,0.));
#13249=DIRECTION('center_axis',(0.,-1.,0.));
#13250=DIRECTION('ref_axis',(1.,0.,0.));
#13251=DIRECTION('',(0.,-1.,0.));
#13252=DIRECTION('center_axis',(0.,-1.,0.));
#13253=DIRECTION('ref_axis',(1.,0.,0.));
#13254=DIRECTION('center_axis',(0.,-1.,0.));
#13255=DIRECTION('ref_axis',(-1.,0.,0.));
#13256=DIRECTION('',(0.,-1.,0.));
#13257=DIRECTION('center_axis',(0.,-1.,0.));
#13258=DIRECTION('ref_axis',(-1.,0.,0.));
#13259=DIRECTION('',(0.,-1.,0.));
#13260=DIRECTION('center_axis',(-1.,0.,0.));
#13261=DIRECTION('ref_axis',(0.,0.,-1.));
#13262=DIRECTION('',(0.,-1.,0.));
#13263=DIRECTION('',(0.,0.,-1.));
#13264=DIRECTION('center_axis',(0.,-1.,0.));
#13265=DIRECTION('ref_axis',(-1.,0.,0.));
#13266=DIRECTION('',(0.,-1.,0.));
#13267=DIRECTION('center_axis',(0.,-1.,0.));
#13268=DIRECTION('ref_axis',(-1.,0.,0.));
#13269=DIRECTION('',(0.,-1.,0.));
#13270=DIRECTION('center_axis',(-1.,0.,0.));
#13271=DIRECTION('ref_axis',(0.,0.,-1.));
#13272=DIRECTION('',(0.,-1.,0.));
#13273=DIRECTION('',(0.,0.,-1.));
#13274=DIRECTION('center_axis',(0.,-1.,0.));
#13275=DIRECTION('ref_axis',(1.,0.,0.));
#13276=DIRECTION('',(0.,-1.,0.));
#13277=DIRECTION('center_axis',(0.,-1.,0.));
#13278=DIRECTION('ref_axis',(1.,0.,0.));
#13279=DIRECTION('center_axis',(0.,-1.,0.));
#13280=DIRECTION('ref_axis',(1.,0.,0.));
#13281=DIRECTION('',(0.,-1.,0.));
#13282=DIRECTION('center_axis',(0.,-1.,0.));
#13283=DIRECTION('ref_axis',(1.,0.,0.));
#13284=DIRECTION('center_axis',(0.,-1.,0.));
#13285=DIRECTION('ref_axis',(-1.,0.,0.));
#13286=DIRECTION('',(0.,-1.,0.));
#13287=DIRECTION('center_axis',(0.,-1.,0.));
#13288=DIRECTION('ref_axis',(-1.,0.,0.));
#13289=DIRECTION('',(0.,-1.,0.));
#13290=DIRECTION('center_axis',(-1.,0.,0.));
#13291=DIRECTION('ref_axis',(0.,0.,-1.));
#13292=DIRECTION('',(0.,-1.,0.));
#13293=DIRECTION('',(0.,0.,-1.));
#13294=DIRECTION('center_axis',(0.,-1.,0.));
#13295=DIRECTION('ref_axis',(-1.,0.,0.));
#13296=DIRECTION('',(0.,-1.,0.));
#13297=DIRECTION('center_axis',(0.,-1.,0.));
#13298=DIRECTION('ref_axis',(-1.,0.,0.));
#13299=DIRECTION('',(0.,-1.,0.));
#13300=DIRECTION('center_axis',(-1.,0.,0.));
#13301=DIRECTION('ref_axis',(0.,0.,-1.));
#13302=DIRECTION('',(0.,-1.,0.));
#13303=DIRECTION('',(0.,0.,-1.));
#13304=DIRECTION('center_axis',(0.,-1.,0.));
#13305=DIRECTION('ref_axis',(1.,0.,0.));
#13306=DIRECTION('',(0.,-1.,0.));
#13307=DIRECTION('center_axis',(0.,-1.,0.));
#13308=DIRECTION('ref_axis',(1.,0.,0.));
#13309=DIRECTION('center_axis',(0.,-1.,0.));
#13310=DIRECTION('ref_axis',(1.,0.,0.));
#13311=DIRECTION('',(0.,-1.,0.));
#13312=DIRECTION('center_axis',(0.,-1.,0.));
#13313=DIRECTION('ref_axis',(1.,0.,0.));
#13314=DIRECTION('center_axis',(0.,-1.,0.));
#13315=DIRECTION('ref_axis',(-1.,0.,0.));
#13316=DIRECTION('',(0.,-1.,0.));
#13317=DIRECTION('center_axis',(0.,-1.,0.));
#13318=DIRECTION('ref_axis',(-1.,0.,0.));
#13319=DIRECTION('',(0.,-1.,0.));
#13320=DIRECTION('center_axis',(-1.,0.,0.));
#13321=DIRECTION('ref_axis',(0.,0.,-1.));
#13322=DIRECTION('',(0.,-1.,0.));
#13323=DIRECTION('',(0.,0.,-1.));
#13324=DIRECTION('center_axis',(0.,-1.,0.));
#13325=DIRECTION('ref_axis',(-1.,0.,0.));
#13326=DIRECTION('',(0.,-1.,0.));
#13327=DIRECTION('center_axis',(0.,-1.,0.));
#13328=DIRECTION('ref_axis',(-1.,0.,0.));
#13329=DIRECTION('',(0.,-1.,0.));
#13330=DIRECTION('center_axis',(-1.,0.,0.));
#13331=DIRECTION('ref_axis',(0.,0.,-1.));
#13332=DIRECTION('',(0.,-1.,0.));
#13333=DIRECTION('',(0.,0.,-1.));
#13334=DIRECTION('center_axis',(0.,-1.,0.));
#13335=DIRECTION('ref_axis',(1.,0.,0.));
#13336=DIRECTION('',(0.,-1.,0.));
#13337=DIRECTION('center_axis',(0.,-1.,0.));
#13338=DIRECTION('ref_axis',(1.,0.,0.));
#13339=DIRECTION('center_axis',(0.,-1.,0.));
#13340=DIRECTION('ref_axis',(1.,0.,0.));
#13341=DIRECTION('',(0.,-1.,0.));
#13342=DIRECTION('center_axis',(0.,-1.,0.));
#13343=DIRECTION('ref_axis',(1.,0.,0.));
#13344=DIRECTION('center_axis',(-1.,0.,0.));
#13345=DIRECTION('ref_axis',(0.,0.,-1.));
#13346=DIRECTION('',(0.,-1.,0.));
#13347=DIRECTION('',(0.,0.,-1.));
#13348=DIRECTION('',(0.,-1.,0.));
#13349=DIRECTION('center_axis',(0.,-1.,0.));
#13350=DIRECTION('ref_axis',(1.,0.,0.));
#13351=DIRECTION('',(0.,-1.,0.));
#13352=DIRECTION('center_axis',(0.,-1.,0.));
#13353=DIRECTION('ref_axis',(1.,0.,0.));
#13354=DIRECTION('center_axis',(1.,0.,0.));
#13355=DIRECTION('ref_axis',(0.,0.,1.));
#13356=DIRECTION('',(0.,0.,1.));
#13357=DIRECTION('center_axis',(1.,0.,0.));
#13358=DIRECTION('ref_axis',(0.,0.,1.));
#13359=DIRECTION('',(0.,0.,1.));
#13360=DIRECTION('center_axis',(1.,0.,0.));
#13361=DIRECTION('ref_axis',(0.,0.,1.));
#13362=DIRECTION('',(0.,0.,1.));
#13363=DIRECTION('center_axis',(1.,0.,0.));
#13364=DIRECTION('ref_axis',(0.,0.,1.));
#13365=DIRECTION('',(0.,0.,1.));
#13366=DIRECTION('center_axis',(1.,0.,0.));
#13367=DIRECTION('ref_axis',(0.,0.,1.));
#13368=DIRECTION('',(0.,0.,1.));
#13369=DIRECTION('center_axis',(1.,0.,0.));
#13370=DIRECTION('ref_axis',(0.,0.,1.));
#13371=DIRECTION('',(0.,0.,1.));
#13372=DIRECTION('center_axis',(1.,0.,0.));
#13373=DIRECTION('ref_axis',(0.,0.,1.));
#13374=DIRECTION('',(0.,0.,1.));
#13375=DIRECTION('center_axis',(1.,0.,0.));
#13376=DIRECTION('ref_axis',(0.,0.,1.));
#13377=DIRECTION('',(0.,0.,1.));
#13378=DIRECTION('center_axis',(1.,0.,0.));
#13379=DIRECTION('ref_axis',(0.,0.,1.));
#13380=DIRECTION('',(0.,-1.,0.));
#13381=DIRECTION('',(0.,0.,1.));
#13382=DIRECTION('center_axis',(0.,-1.,0.));
#13383=DIRECTION('ref_axis',(-1.,0.,0.));
#13384=DIRECTION('center_axis',(0.,-1.,0.));
#13385=DIRECTION('ref_axis',(-1.,0.,0.));
#13386=DIRECTION('center_axis',(1.,0.,0.));
#13387=DIRECTION('ref_axis',(0.,0.,1.));
#13388=DIRECTION('',(0.,0.,1.));
#13389=DIRECTION('center_axis',(1.,0.,0.));
#13390=DIRECTION('ref_axis',(0.,0.,1.));
#13391=DIRECTION('',(0.,0.,1.));
#13392=DIRECTION('center_axis',(1.,0.,0.));
#13393=DIRECTION('ref_axis',(0.,0.,1.));
#13394=DIRECTION('',(0.,0.,1.));
#13395=DIRECTION('center_axis',(-1.,0.,0.));
#13396=DIRECTION('ref_axis',(0.,0.,-1.));
#13397=DIRECTION('',(0.,0.,-1.));
#13398=DIRECTION('center_axis',(1.,0.,0.));
#13399=DIRECTION('ref_axis',(0.,0.,1.));
#13400=DIRECTION('',(0.,0.,1.));
#13401=DIRECTION('center_axis',(1.,0.,0.));
#13402=DIRECTION('ref_axis',(0.,0.,1.));
#13403=DIRECTION('',(0.,0.,1.));
#13404=DIRECTION('center_axis',(1.,0.,0.));
#13405=DIRECTION('ref_axis',(0.,0.,1.));
#13406=DIRECTION('',(0.,0.,1.));
#13407=DIRECTION('center_axis',(1.,0.,0.));
#13408=DIRECTION('ref_axis',(0.,0.,1.));
#13409=DIRECTION('',(0.,-1.,0.));
#13410=DIRECTION('',(0.,0.,1.));
#13411=DIRECTION('center_axis',(0.,-1.,0.));
#13412=DIRECTION('ref_axis',(-1.,0.,0.));
#13413=DIRECTION('center_axis',(0.,-1.,0.));
#13414=DIRECTION('ref_axis',(-1.,0.,0.));
#13415=DIRECTION('center_axis',(0.,-1.,0.));
#13416=DIRECTION('ref_axis',(0.707106781186548,0.,-0.707106781186548));
#13417=DIRECTION('',(0.,-1.,0.));
#13418=DIRECTION('center_axis',(0.,-1.,0.));
#13419=DIRECTION('ref_axis',(0.707106781186548,0.,-0.707106781186548));
#13420=DIRECTION('center_axis',(0.,-1.,0.));
#13421=DIRECTION('ref_axis',(-0.707106781186548,0.,-0.707106781186548));
#13422=DIRECTION('',(0.,-1.,0.));
#13423=DIRECTION('center_axis',(0.,-1.,0.));
#13424=DIRECTION('ref_axis',(-0.707106781186548,0.,-0.707106781186548));
#13425=DIRECTION('',(0.,1.,0.));
#13426=DIRECTION('center_axis',(0.,0.,1.));
#13427=DIRECTION('ref_axis',(-1.,0.,0.));
#13428=DIRECTION('',(1.,0.,0.));
#13429=DIRECTION('center_axis',(0.,-1.,0.));
#13430=DIRECTION('ref_axis',(0.707106781186548,0.,0.707106781186548));
#13431=DIRECTION('center_axis',(0.,1.,0.));
#13432=DIRECTION('ref_axis',(0.707106781186548,0.,0.707106781186548));
#13433=DIRECTION('',(0.,1.,0.));
#13434=DIRECTION('',(0.,-1.,0.));
#13435=DIRECTION('center_axis',(1.,0.,-4.42628535682311E-17));
#13436=DIRECTION('ref_axis',(4.42628535682311E-17,0.,1.));
#13437=DIRECTION('',(4.42628535682311E-17,0.,1.));
#13438=DIRECTION('center_axis',(0.,-1.,0.));
#13439=DIRECTION('ref_axis',(0.,0.,-1.));
#13440=DIRECTION('',(-1.,0.,0.));
#13441=DIRECTION('center_axis',(0.,1.,0.));
#13442=DIRECTION('ref_axis',(-0.707106781186548,0.,0.707106781186547));
#13443=DIRECTION('',(0.,0.,-1.));
#13444=DIRECTION('',(1.,0.,0.));
#13445=DIRECTION('',(0.,0.,-1.));
#13446=DIRECTION('center_axis',(0.,1.,0.));
#13447=DIRECTION('ref_axis',(0.707106781186548,0.,0.707106781186547));
#13448=DIRECTION('',(1.,0.,0.));
#13449=DIRECTION('center_axis',(0.,1.,0.));
#13450=DIRECTION('ref_axis',(-0.707106781186548,0.,0.707106781186548));
#13451=DIRECTION('center_axis',(0.,-1.,0.));
#13452=DIRECTION('ref_axis',(-0.707106781186548,0.,0.707106781186547));
#13453=DIRECTION('',(0.,1.,0.));
#13454=DIRECTION('',(0.,-1.,0.));
#13455=DIRECTION('center_axis',(-1.,0.,0.));
#13456=DIRECTION('ref_axis',(0.,0.,-1.));
#13457=DIRECTION('',(0.,1.,0.));
#13458=DIRECTION('',(0.,0.,-1.));
#13459=DIRECTION('',(0.,-1.,0.));
#13460=DIRECTION('',(0.,0.,1.));
#13461=DIRECTION('',(0.,-1.,0.));
#13462=DIRECTION('center_axis',(0.,-1.,0.));
#13463=DIRECTION('ref_axis',(0.707106781186548,0.,0.707106781186547));
#13464=DIRECTION('',(0.,1.,0.));
#13465=DIRECTION('',(0.,-1.,0.));
#13466=DIRECTION('center_axis',(0.,0.,-1.));
#13467=DIRECTION('ref_axis',(1.,0.,0.));
#13468=DIRECTION('',(0.,1.,0.));
#13469=DIRECTION('center_axis',(0.,-1.,0.));
#13470=DIRECTION('ref_axis',(-0.707106781186548,0.,0.707106781186548));
#13471=DIRECTION('center_axis',(0.,-1.,0.));
#13472=DIRECTION('ref_axis',(0.707106781186548,0.,-0.707106781186548));
#13473=DIRECTION('center_axis',(0.,1.,0.));
#13474=DIRECTION('ref_axis',(0.707106781186548,0.,-0.707106781186548));
#13475=DIRECTION('',(0.,1.,0.));
#13476=DIRECTION('',(0.,-1.,0.));
#13477=DIRECTION('center_axis',(0.,0.,1.));
#13478=DIRECTION('ref_axis',(-1.,0.,0.));
#13479=DIRECTION('',(-1.,0.,0.));
#13480=DIRECTION('',(0.,-1.,0.));
#13481=DIRECTION('center_axis',(0.,-1.,0.));
#13482=DIRECTION('ref_axis',(0.,0.,-1.));
#13483=DIRECTION('',(0.,0.,-1.));
#13484=DIRECTION('',(1.,0.,0.));
#13485=DIRECTION('center_axis',(0.,1.,0.));
#13486=DIRECTION('ref_axis',(-0.707106781186548,0.,-0.707106781186548));
#13487=DIRECTION('',(1.,0.,0.));
#13488=DIRECTION('center_axis',(0.,1.,0.));
#13489=DIRECTION('ref_axis',(0.707106781186548,0.,-0.707106781186548));
#13490=DIRECTION('',(-2.39504481636319E-16,0.,1.));
#13491=DIRECTION('center_axis',(0.,-1.,0.));
#13492=DIRECTION('ref_axis',(-0.707106781186539,0.,0.707106781186556));
#13493=DIRECTION('',(1.,0.,0.));
#13494=DIRECTION('center_axis',(0.,-1.,0.));
#13495=DIRECTION('ref_axis',(0.707106781186548,0.,0.707106781186548));
#13496=DIRECTION('center_axis',(0.,1.,0.));
#13497=DIRECTION('ref_axis',(-0.707106781186548,0.,-0.707106781186548));
#13498=DIRECTION('center_axis',(0.,-1.,0.));
#13499=DIRECTION('ref_axis',(-0.707106781186548,0.,-0.707106781186548));
#13500=DIRECTION('center_axis',(0.,-1.,0.));
#13501=DIRECTION('ref_axis',(-0.707106781186548,0.,-0.707106781186548));
#13502=DIRECTION('',(0.,-1.,0.));
#13503=DIRECTION('center_axis',(0.,-1.,0.));
#13504=DIRECTION('ref_axis',(0.707106781186548,0.,-0.707106781186548));
#13505=DIRECTION('',(0.,1.,0.));
#13506=DIRECTION('',(0.,-1.,0.));
#13507=DIRECTION('center_axis',(1.,0.,2.39504481636319E-16));
#13508=DIRECTION('ref_axis',(-2.39504481636319E-16,0.,1.));
#13509=DIRECTION('',(0.,1.,0.));
#13510=DIRECTION('center_axis',(0.,-1.,0.));
#13511=DIRECTION('ref_axis',(-0.707106781186539,0.,0.707106781186556));
#13512=DIRECTION('',(0.,-1.,0.));
#13513=DIRECTION('center_axis',(0.,0.,-1.));
#13514=DIRECTION('ref_axis',(1.,0.,0.));
#13515=DIRECTION('',(0.,1.,0.));
#13516=DIRECTION('center_axis',(0.,-1.,0.));
#13517=DIRECTION('ref_axis',(0.707106781186548,0.,0.707106781186548));
#13518=DIRECTION('center_axis',(0.,-1.,0.));
#13519=DIRECTION('ref_axis',(0.707106781186548,0.,0.707106781186548));
#13520=DIRECTION('center_axis',(0.,1.,0.));
#13521=DIRECTION('ref_axis',(0.707106781186548,0.,0.707106781186548));
#13522=DIRECTION('',(0.,-1.,0.));
#13523=DIRECTION('',(0.,1.,0.));
#13524=DIRECTION('center_axis',(1.,0.,0.));
#13525=DIRECTION('ref_axis',(0.,0.,1.));
#13526=DIRECTION('',(0.,0.,1.));
#13527=DIRECTION('',(0.,1.,0.));
#13528=DIRECTION('center_axis',(0.,-1.,0.));
#13529=DIRECTION('ref_axis',(-0.707106781186512,0.,0.707106781186583));
#13530=DIRECTION('center_axis',(0.,1.,0.));
#13531=DIRECTION('ref_axis',(-0.707106781186512,0.,0.707106781186583));
#13532=DIRECTION('',(0.,-1.,0.));
#13533=DIRECTION('',(0.,1.,0.));
#13534=DIRECTION('center_axis',(8.74191357972566E-16,0.,1.));
#13535=DIRECTION('ref_axis',(-1.,0.,8.74191357972566E-16));
#13536=DIRECTION('',(-1.,0.,8.74191357972566E-16));
#13537=DIRECTION('center_axis',(0.,-1.,0.));
#13538=DIRECTION('ref_axis',(0.707106781186545,0.,-0.70710678118655));
#13539=DIRECTION('',(0.,1.,0.));
#13540=DIRECTION('center_axis',(0.,-1.,0.));
#13541=DIRECTION('ref_axis',(0.707106781186545,0.,-0.70710678118655));
#13542=DIRECTION('',(0.,-1.,0.));
#13543=DIRECTION('center_axis',(0.,0.,1.));
#13544=DIRECTION('ref_axis',(-1.,0.,0.));
#13545=DIRECTION('',(0.,-1.,0.));
#13546=DIRECTION('',(-1.,0.,0.));
#13547=DIRECTION('center_axis',(0.,-1.,0.));
#13548=DIRECTION('ref_axis',(-0.707106781186548,0.,-0.707106781186548));
#13549=DIRECTION('center_axis',(0.,-1.,0.));
#13550=DIRECTION('ref_axis',(-0.707106781186548,0.,-0.707106781186548));
#13551=DIRECTION('',(0.,-1.,0.));
#13552=DIRECTION('center_axis',(0.,0.,1.));
#13553=DIRECTION('ref_axis',(-1.,0.,0.));
#13554=DIRECTION('',(-1.,0.,0.));
#13555=DIRECTION('',(0.,-1.,0.));
#13556=DIRECTION('center_axis',(1.,0.,1.22829265620412E-15));
#13557=DIRECTION('ref_axis',(-1.22829265620412E-15,0.,1.));
#13558=DIRECTION('',(0.,-1.,0.));
#13559=DIRECTION('',(-1.22829265620412E-15,0.,1.));
#13560=DIRECTION('',(0.,-1.,0.));
#13561=DIRECTION('center_axis',(-5.22457893941786E-16,0.,-1.));
#13562=DIRECTION('ref_axis',(1.,0.,-5.22457893941786E-16));
#13563=DIRECTION('',(1.,0.,-5.22457893941786E-16));
#13564=DIRECTION('',(0.,-1.,0.));
#13565=DIRECTION('center_axis',(-1.,0.,-1.22829265620412E-15));
#13566=DIRECTION('ref_axis',(1.22829265620412E-15,0.,-1.));
#13567=DIRECTION('',(1.22829265620412E-15,0.,-1.));
#13568=DIRECTION('',(0.,-1.,0.));
#13569=DIRECTION('center_axis',(5.22457893941786E-16,0.,1.));
#13570=DIRECTION('ref_axis',(-1.,0.,5.22457893941786E-16));
#13571=DIRECTION('',(-1.,0.,5.22457893941786E-16));
#13572=DIRECTION('center_axis',(-1.,0.,4.66235390918701E-15));
#13573=DIRECTION('ref_axis',(-4.66235390918701E-15,0.,-1.));
#13574=DIRECTION('',(-4.66235390918701E-15,0.,-1.));
#13575=DIRECTION('center_axis',(1.,0.,1.99815167536586E-15));
#13576=DIRECTION('ref_axis',(-1.99815167536586E-15,0.,1.));
#13577=DIRECTION('',(-1.99815167536586E-15,0.,1.));
#13578=DIRECTION('',(0.,-1.,0.));
#13579=DIRECTION('center_axis',(0.,0.,-1.));
#13580=DIRECTION('ref_axis',(1.,0.,0.));
#13581=DIRECTION('',(1.,0.,0.));
#13582=DIRECTION('',(0.,-1.,0.));
#13583=DIRECTION('center_axis',(-1.,0.,0.));
#13584=DIRECTION('ref_axis',(0.,0.,-1.));
#13585=DIRECTION('',(0.,0.,-1.));
#13586=DIRECTION('center_axis',(-1.,0.,0.));
#13587=DIRECTION('ref_axis',(0.,0.,-1.));
#13588=DIRECTION('',(0.,-1.,0.));
#13589=DIRECTION('',(0.,0.,1.));
#13590=DIRECTION('',(0.,-1.,0.));
#13591=DIRECTION('center_axis',(0.,0.,1.));
#13592=DIRECTION('ref_axis',(-1.,0.,0.));
#13593=DIRECTION('',(1.,0.,0.));
#13594=DIRECTION('center_axis',(0.,0.,-1.));
#13595=DIRECTION('ref_axis',(1.,0.,0.));
#13596=DIRECTION('center_axis',(0.,0.,-1.));
#13597=DIRECTION('ref_axis',(1.,0.,0.));
#13598=DIRECTION('',(-1.,0.,0.));
#13599=DIRECTION('center_axis',(0.,0.,1.));
#13600=DIRECTION('ref_axis',(-1.,0.,0.));
#13601=DIRECTION('center_axis',(0.,1.,0.));
#13602=DIRECTION('ref_axis',(0.,0.,1.));
#13603=CARTESIAN_POINT('',(0.,0.,0.));
#13604=CARTESIAN_POINT('Origin',(5.2248031496063,-6.06051181102362,0.412992125984252));
#13605=CARTESIAN_POINT('',(5.2248031496063,-2.12112035210296,0.262992125984252));
#13606=CARTESIAN_POINT('',(5.2248031496063,-2.20958830931436,0.262992125984252));
#13607=CARTESIAN_POINT('Ctrl Pts',(5.2248031496063,-2.20958830931436,0.262992125984252));
#13608=CARTESIAN_POINT('Ctrl Pts',(5.2220250959755,-2.21010755177601,0.262992125984252));
#13609=CARTESIAN_POINT('Ctrl Pts',(5.21923622827046,-2.21035433070866,0.263071060389086));
#13610=CARTESIAN_POINT('Ctrl Pts',(5.21080903576259,-2.21035433070866,0.263536258489553));
#13611=CARTESIAN_POINT('Ctrl Pts',(5.2047468634489,-2.20919649803596,0.264232532127209));
#13612=CARTESIAN_POINT('Ctrl Pts',(5.19365654716707,-2.20456737108906,0.266153573366454));
#13613=CARTESIAN_POINT('Ctrl Pts',(5.18862452973946,-2.20109863954134,0.267362117528079));
#13614=CARTESIAN_POINT('Ctrl Pts',(5.18070913074585,-2.19315189934166,0.269561060759407));
#13615=CARTESIAN_POINT('Ctrl Pts',(5.17726984201731,-2.18813584619958,0.270701930694587));
#13616=CARTESIAN_POINT('Ctrl Pts',(5.17268183948856,-2.17708659718192,0.272317734850581));
#13617=CARTESIAN_POINT('Ctrl Pts',(5.17153543307087,-2.17104898205846,0.272768909735655));
#13618=CARTESIAN_POINT('Ctrl Pts',(5.17153543307087,-2.15965967935886,0.272768909735655));
#13619=CARTESIAN_POINT('Ctrl Pts',(5.17268183948856,-2.1536220642354,0.272317734850581));
#13620=CARTESIAN_POINT('Ctrl Pts',(5.17726984201731,-2.14257281521774,0.270701930694587));
#13621=CARTESIAN_POINT('Ctrl Pts',(5.18070913074585,-2.13755676207566,0.269561060759407));
#13622=CARTESIAN_POINT('Ctrl Pts',(5.18862452973946,-2.12961002187598,0.267362117528079));
#13623=CARTESIAN_POINT('Ctrl Pts',(5.19365654716707,-2.12614129032826,0.266153573366454));
#13624=CARTESIAN_POINT('Ctrl Pts',(5.2047468634489,-2.12151216338136,0.264232532127209));
#13625=CARTESIAN_POINT('Ctrl Pts',(5.21080903576259,-2.12035433070866,0.263536258489553));
#13626=CARTESIAN_POINT('Ctrl Pts',(5.21923622827046,-2.12035433070866,0.263071060389086));
#13627=CARTESIAN_POINT('Ctrl Pts',(5.2220250959755,-2.12060110964131,0.262992125984252));
#13628=CARTESIAN_POINT('Ctrl Pts',(5.2248031496063,-2.12112035210296,0.262992125984252));
#13629=CARTESIAN_POINT('',(5.2248031496063,-2.02453623486358,0.262992125984252));
#13630=CARTESIAN_POINT('',(5.2248031496063,-6.06051181102362,0.262992125984252));
#13631=CARTESIAN_POINT('',(5.20826771773624,-2.02362204724409,0.26390631347055));
#13632=CARTESIAN_POINT('Ctrl Pts',(5.22480314960629,-2.02453623486358,0.262992125984252));
#13633=CARTESIAN_POINT('Ctrl Pts',(5.21927158745661,-2.02392271722402,0.262992125984252));
#13634=CARTESIAN_POINT('Ctrl Pts',(5.21372436762897,-2.02362204728778,0.263301104557517));
#13635=CARTESIAN_POINT('Ctrl Pts',(5.20826771773624,-2.02362204724409,0.26390631347055));
#13636=CARTESIAN_POINT('',(5.0748031496063,-2.02362204724409,0.412992125984252));
#13637=CARTESIAN_POINT('Origin',(5.2248031496063,-2.02362204724409,0.412992125984252));
#13638=CARTESIAN_POINT('',(5.0748031496063,-2.45667963260081,0.412992125984252));
#13639=CARTESIAN_POINT('',(5.0748031496063,-6.06051181102362,0.412992125984252));
#13640=CARTESIAN_POINT('',(5.21699253018851,-2.30688312321454,0.263195616597983));
#13641=CARTESIAN_POINT('Origin',(5.2248031496063,-2.45667963260081,0.412992125984252));
#13642=CARTESIAN_POINT('',(5.2248031496063,-2.30627098564205,0.262992125984252));
#13643=CARTESIAN_POINT('Ctrl Pts',(5.2169925301884,-2.30688312321455,0.263195616597989));
#13644=CARTESIAN_POINT('Ctrl Pts',(5.21958954578872,-2.30674771072872,0.26306020422717));
#13645=CARTESIAN_POINT('Ctrl Pts',(5.22219820618035,-2.30654375188588,0.262992125984252));
#13646=CARTESIAN_POINT('Ctrl Pts',(5.22480314960629,-2.30627098564205,0.262992125984252));
#13647=CARTESIAN_POINT('',(5.2248031496063,-6.06051181102362,0.262992125984252));
#13648=CARTESIAN_POINT('Origin',(5.21653543307087,-5.90551181102362,0.262992125984252));
#13649=CARTESIAN_POINT('',(5.35826771653543,-2.17362204724409,0.262992125984252));
#13650=CARTESIAN_POINT('Origin',(5.20918190415491,-2.15708661417323,0.262992125984252));
#13651=CARTESIAN_POINT('Origin',(5.20826771653543,-2.17362204724409,0.262992125984252));
#13652=CARTESIAN_POINT('',(5.26153543307087,-2.16535433070866,0.262992125984252));
#13653=CARTESIAN_POINT('Origin',(5.21653543307087,-2.16535433070866,0.262992125984252));
#13654=CARTESIAN_POINT('Origin',(5.21653543307087,-2.16535433070866,0.262992125984252));
#13655=CARTESIAN_POINT('Origin',(5.0748031496063,-6.21551181102362,-1.36850393700787));
#13656=CARTESIAN_POINT('',(5.0748031496063,-10.5531496062992,-4.1));
#13657=CARTESIAN_POINT('',(5.0748031496063,-10.5531496062992,1.36299212598425));
#13658=CARTESIAN_POINT('',(5.0748031496063,-10.5531496062992,-4.1));
#13659=CARTESIAN_POINT('',(5.0748031496063,-9.39291338582677,-4.1));
#13660=CARTESIAN_POINT('',(5.0748031496063,-1.87787401574803,-4.1));
#13661=CARTESIAN_POINT('',(5.0748031496063,-9.39291338582677,-0.899999999999998));
#13662=CARTESIAN_POINT('',(5.0748031496063,-9.39291338582677,-1.13425196850393));
#13663=CARTESIAN_POINT('',(5.0748031496063,-9.23291338582677,-0.899999999999998));
#13664=CARTESIAN_POINT('',(5.0748031496063,-7.7042125984252,-0.900000000000001));
#13665=CARTESIAN_POINT('',(5.0748031496063,-9.19291338582677,-0.939999999999998));
#13666=CARTESIAN_POINT('Origin',(5.0748031496063,-9.23291338582677,-0.939999999999998));
#13667=CARTESIAN_POINT('',(5.0748031496063,-9.19291338582677,-3.89650045345896));
#13668=CARTESIAN_POINT('',(5.0748031496063,-9.19291338582677,-2.63425196850394));
#13669=CARTESIAN_POINT('',(5.0748031496063,-9.19352107570628,-3.90344638056564));
#13670=CARTESIAN_POINT('Origin',(5.0748031496063,-9.23291338582677,-3.89650045345896));
#13671=CARTESIAN_POINT('',(5.0748031496063,-9.22235045709507,-4.06694592710668));
#13672=CARTESIAN_POINT('',(5.0748031496063,-8.94920060086331,-2.51783611342834));
#13673=CARTESIAN_POINT('',(5.0748031496063,-9.26174276721556,-4.1));
#13674=CARTESIAN_POINT('Origin',(5.0748031496063,-9.26174276721556,-4.06));
#13675=CARTESIAN_POINT('',(5.0748031496063,-9.05715487057972,-4.1));
#13676=CARTESIAN_POINT('',(5.0748031496063,-1.87787401574803,-4.1));
#13677=CARTESIAN_POINT('',(5.0748031496063,-9.09654718070021,-4.06694592710668));
#13678=CARTESIAN_POINT('Origin',(5.0748031496063,-9.05715487057972,-4.06));
#13679=CARTESIAN_POINT('',(5.0748031496063,-9.12537656208899,-3.90344638056564));
#13680=CARTESIAN_POINT('',(5.0748031496063,-9.29855917224468,-2.92127899211574));
#13681=CARTESIAN_POINT('',(5.0748031496063,-9.1259842519685,-3.89650045345896));
#13682=CARTESIAN_POINT('Origin',(5.0748031496063,-9.0859842519685,-3.89650045345896));
#13683=CARTESIAN_POINT('',(5.0748031496063,-9.1259842519685,-0.939999999999998));
#13684=CARTESIAN_POINT('',(5.0748031496063,-9.1259842519685,-1.13425196850394));
#13685=CARTESIAN_POINT('',(5.0748031496063,-9.0859842519685,-0.899999999999998));
#13686=CARTESIAN_POINT('Origin',(5.0748031496063,-9.0859842519685,-0.939999999999998));
#13687=CARTESIAN_POINT('',(5.0748031496063,-8.9259842519685,-0.899999999999998));
#13688=CARTESIAN_POINT('',(5.0748031496063,-7.62074803149606,-0.899999999999998));
#13689=CARTESIAN_POINT('',(5.0748031496063,-8.9259842519685,-4.1));
#13690=CARTESIAN_POINT('',(5.0748031496063,-8.9259842519685,-2.73425196850394));
#13691=CARTESIAN_POINT('',(5.0748031496063,-7.54291338582677,-4.1));
#13692=CARTESIAN_POINT('',(5.0748031496063,-1.87787401574803,-4.1));
#13693=CARTESIAN_POINT('',(5.0748031496063,-7.54291338582677,-0.899999999999998));
#13694=CARTESIAN_POINT('',(5.0748031496063,-7.54291338582677,-1.13425196850394));
#13695=CARTESIAN_POINT('',(5.0748031496063,-7.38291338582677,-0.899999999999998));
#13696=CARTESIAN_POINT('',(5.0748031496063,-6.7792125984252,-0.899999999999999));
#13697=CARTESIAN_POINT('',(5.0748031496063,-7.34291338582677,-0.939999999999998));
#13698=CARTESIAN_POINT('Origin',(5.0748031496063,-7.38291338582677,-0.939999999999998));
#13699=CARTESIAN_POINT('',(5.0748031496063,-7.34291338582677,-3.89650045345896));
#13700=CARTESIAN_POINT('',(5.0748031496063,-7.34291338582677,-2.63425196850394));
#13701=CARTESIAN_POINT('',(5.0748031496063,-7.34352107570628,-3.90344638056564));
#13702=CARTESIAN_POINT('Origin',(5.0748031496063,-7.38291338582677,-3.89650045345896));
#13703=CARTESIAN_POINT('',(5.0748031496063,-7.37235045709507,-4.06694592710668));
#13704=CARTESIAN_POINT('',(5.0748031496063,-7.12709276374983,-2.67602042971646));
#13705=CARTESIAN_POINT('',(5.0748031496063,-7.41174276721556,-4.1));
#13706=CARTESIAN_POINT('Origin',(5.0748031496063,-7.41174276721556,-4.06));
#13707=CARTESIAN_POINT('',(5.0748031496063,-7.20715487057972,-4.1));
#13708=CARTESIAN_POINT('',(5.0748031496063,-1.87787401574803,-4.1));
#13709=CARTESIAN_POINT('',(5.0748031496063,-7.24654718070021,-4.06694592710668));
#13710=CARTESIAN_POINT('Origin',(5.0748031496063,-7.20715487057972,-4.06));
#13711=CARTESIAN_POINT('',(5.0748031496063,-7.27537656208899,-3.90344638056564));
#13712=CARTESIAN_POINT('',(5.0748031496063,-7.4764513351312,-2.76309467582762));
#13713=CARTESIAN_POINT('',(5.0748031496063,-7.2759842519685,-3.89650045345896));
#13714=CARTESIAN_POINT('Origin',(5.0748031496063,-7.2359842519685,-3.89650045345896));
#13715=CARTESIAN_POINT('',(5.0748031496063,-7.2759842519685,-0.939999999999998));
#13716=CARTESIAN_POINT('',(5.0748031496063,-7.2759842519685,-1.13425196850394));
#13717=CARTESIAN_POINT('',(5.0748031496063,-7.2359842519685,-0.899999999999998));
#13718=CARTESIAN_POINT('Origin',(5.0748031496063,-7.2359842519685,-0.939999999999998));
#13719=CARTESIAN_POINT('',(5.0748031496063,-7.0759842519685,-0.899999999999998));
#13720=CARTESIAN_POINT('',(5.0748031496063,-6.69574803149606,-0.899999999999998));
#13721=CARTESIAN_POINT('',(5.0748031496063,-7.07598425196851,-4.1));
#13722=CARTESIAN_POINT('',(5.0748031496063,-7.0759842519685,-2.73425196850394));
#13723=CARTESIAN_POINT('',(5.0748031496063,-5.69291338582677,-4.1));
#13724=CARTESIAN_POINT('',(5.0748031496063,-1.87787401574803,-4.1));
#13725=CARTESIAN_POINT('',(5.0748031496063,-5.69291338582677,-0.899999999999998));
#13726=CARTESIAN_POINT('',(5.0748031496063,-5.69291338582677,-1.13425196850394));
#13727=CARTESIAN_POINT('',(5.0748031496063,-5.53291338582677,-0.899999999999998));
#13728=CARTESIAN_POINT('',(5.0748031496063,-5.8542125984252,-0.899999999999998));
#13729=CARTESIAN_POINT('',(5.0748031496063,-5.49291338582677,-0.939999999999998));
#13730=CARTESIAN_POINT('Origin',(5.0748031496063,-5.53291338582677,-0.939999999999998));
#13731=CARTESIAN_POINT('',(5.0748031496063,-5.49291338582677,-3.89650045345896));
#13732=CARTESIAN_POINT('',(5.0748031496063,-5.49291338582677,-2.63425196850394));
#13733=CARTESIAN_POINT('',(5.0748031496063,-5.49352107570628,-3.90344638056564));
#13734=CARTESIAN_POINT('Origin',(5.0748031496063,-5.53291338582677,-3.89650045345896));
#13735=CARTESIAN_POINT('',(5.0748031496063,-5.52235045709507,-4.06694592710668));
#13736=CARTESIAN_POINT('',(5.0748031496063,-5.30498492663635,-2.83420474600458));
#13737=CARTESIAN_POINT('',(5.0748031496063,-5.56174276721556,-4.1));
#13738=CARTESIAN_POINT('Origin',(5.0748031496063,-5.56174276721556,-4.06));
#13739=CARTESIAN_POINT('',(5.0748031496063,-5.35715487057972,-4.1));
#13740=CARTESIAN_POINT('',(5.0748031496063,-1.87787401574803,-4.1));
#13741=CARTESIAN_POINT('',(5.0748031496063,-5.39654718070021,-4.06694592710668));
#13742=CARTESIAN_POINT('Origin',(5.0748031496063,-5.35715487057972,-4.06));
#13743=CARTESIAN_POINT('',(5.0748031496063,-5.42537656208899,-3.90344638056564));
#13744=CARTESIAN_POINT('',(5.0748031496063,-5.65434349801771,-2.6049103595395));
#13745=CARTESIAN_POINT('',(5.0748031496063,-5.4259842519685,-3.89650045345896));
#13746=CARTESIAN_POINT('Origin',(5.0748031496063,-5.3859842519685,-3.89650045345896));
#13747=CARTESIAN_POINT('',(5.0748031496063,-5.4259842519685,-0.939999999999998));
#13748=CARTESIAN_POINT('',(5.0748031496063,-5.4259842519685,-1.13425196850394));
#13749=CARTESIAN_POINT('',(5.0748031496063,-5.3859842519685,-0.899999999999998));
#13750=CARTESIAN_POINT('Origin',(5.0748031496063,-5.3859842519685,-0.939999999999998));
#13751=CARTESIAN_POINT('',(5.0748031496063,-5.2259842519685,-0.899999999999998));
#13752=CARTESIAN_POINT('',(5.0748031496063,-5.77074803149606,-0.899999999999998));
#13753=CARTESIAN_POINT('',(5.0748031496063,-5.22598425196851,-4.1));
#13754=CARTESIAN_POINT('',(5.0748031496063,-5.2259842519685,-2.73425196850394));
#13755=CARTESIAN_POINT('',(5.0748031496063,-3.84291338582677,-4.1));
#13756=CARTESIAN_POINT('',(5.0748031496063,-1.87787401574803,-4.1));
#13757=CARTESIAN_POINT('',(5.0748031496063,-3.84291338582677,-0.899999999999998));
#13758=CARTESIAN_POINT('',(5.0748031496063,-3.84291338582677,-1.13425196850394));
#13759=CARTESIAN_POINT('',(5.0748031496063,-3.68291338582677,-0.899999999999998));
#13760=CARTESIAN_POINT('',(5.0748031496063,-4.9292125984252,-0.899999999999996));
#13761=CARTESIAN_POINT('',(5.0748031496063,-3.64291338582677,-0.939999999999998));
#13762=CARTESIAN_POINT('Origin',(5.0748031496063,-3.68291338582677,-0.939999999999998));
#13763=CARTESIAN_POINT('',(5.0748031496063,-3.64291338582677,-3.89650045345896));
#13764=CARTESIAN_POINT('',(5.0748031496063,-3.64291338582677,-2.63425196850394));
#13765=CARTESIAN_POINT('',(5.0748031496063,-3.64352107570628,-3.90344638056564));
#13766=CARTESIAN_POINT('Origin',(5.0748031496063,-3.68291338582677,-3.89650045345896));
#13767=CARTESIAN_POINT('',(5.0748031496063,-3.67235045709507,-4.06694592710668));
#13768=CARTESIAN_POINT('',(5.0748031496063,-3.48287708952287,-2.9923890622927));
#13769=CARTESIAN_POINT('',(5.0748031496063,-3.71174276721556,-4.1));
#13770=CARTESIAN_POINT('Origin',(5.0748031496063,-3.71174276721556,-4.06));
#13771=CARTESIAN_POINT('',(5.0748031496063,-3.50715487057972,-4.1));
#13772=CARTESIAN_POINT('',(5.0748031496063,-1.87787401574803,-4.1));
#13773=CARTESIAN_POINT('',(5.0748031496063,-3.54654718070021,-4.06694592710668));
#13774=CARTESIAN_POINT('Origin',(5.0748031496063,-3.50715487057972,-4.06));
#13775=CARTESIAN_POINT('',(5.0748031496063,-3.57537656208899,-3.90344638056564));
#13776=CARTESIAN_POINT('',(5.0748031496063,-3.83223566090423,-2.44672604325138));
#13777=CARTESIAN_POINT('',(5.0748031496063,-3.5759842519685,-3.89650045345896));
#13778=CARTESIAN_POINT('Origin',(5.0748031496063,-3.5359842519685,-3.89650045345896));
#13779=CARTESIAN_POINT('',(5.0748031496063,-3.5759842519685,-0.939999999999998));
#13780=CARTESIAN_POINT('',(5.0748031496063,-3.5759842519685,-1.13425196850394));
#13781=CARTESIAN_POINT('',(5.0748031496063,-3.5359842519685,-0.899999999999998));
#13782=CARTESIAN_POINT('Origin',(5.0748031496063,-3.5359842519685,-0.939999999999998));
#13783=CARTESIAN_POINT('',(5.0748031496063,-3.3759842519685,-0.899999999999998));
#13784=CARTESIAN_POINT('',(5.0748031496063,-4.84574803149606,-0.899999999999998));
#13785=CARTESIAN_POINT('',(5.0748031496063,-3.37598425196851,-4.1));
#13786=CARTESIAN_POINT('',(5.0748031496063,-3.3759842519685,-2.73425196850394));
#13787=CARTESIAN_POINT('',(5.0748031496063,-1.87787401574803,-4.1));
#13788=CARTESIAN_POINT('',(5.0748031496063,-1.87787401574803,-4.1));
#13789=CARTESIAN_POINT('',(5.0748031496063,-1.87787401574803,1.36299212598425));
#13790=CARTESIAN_POINT('',(5.0748031496063,-1.87787401574803,1.36299212598425));
#13791=CARTESIAN_POINT('',(5.0748031496063,-10.5531496062992,1.36299212598425));
#13792=CARTESIAN_POINT('',(5.0748031496063,-6.47242505935467,0.0629921259842519));
#13793=CARTESIAN_POINT('',(5.0748031496063,-6.47242505935467,0.412992125984252));
#13794=CARTESIAN_POINT('',(5.0748031496063,-6.47242505935467,-0.684251968503937));
#13795=CARTESIAN_POINT('',(5.0748031496063,-5.88937007874016,0.412992125984252));
#13796=CARTESIAN_POINT('',(5.0748031496063,-6.06051181102362,0.412992125984252));
#13797=CARTESIAN_POINT('',(5.0748031496063,-5.88937007874016,0.0629921259842519));
#13798=CARTESIAN_POINT('',(5.0748031496063,-5.88937007874016,-0.684251968503937));
#13799=CARTESIAN_POINT('',(5.0748031496063,-6.06051181102362,0.062992125984252));
#13800=CARTESIAN_POINT('',(5.0748031496063,-1.98787401574803,0.566496062992124));
#13801=CARTESIAN_POINT('Origin',(5.0748031496063,-1.98787401574803,0.631496062992124));
#13802=CARTESIAN_POINT('',(5.0748031496063,-2.45667963260081,0.062992125984252));
#13803=CARTESIAN_POINT('',(5.0748031496063,-2.45667963260081,0.));
#13804=CARTESIAN_POINT('',(5.0748031496063,-2.02362204724409,0.062992125984252));
#13805=CARTESIAN_POINT('',(5.0748031496063,-2.02362204724409,-0.684251968503937));
#13806=CARTESIAN_POINT('',(5.0748031496063,-6.06051181102362,0.062992125984252));
#13807=CARTESIAN_POINT('',(5.0748031496063,-10.4431496062992,-1.43350393700787));
#13808=CARTESIAN_POINT('Origin',(5.0748031496063,-10.4431496062992,-1.36850393700787));
#13809=CARTESIAN_POINT('',(5.0748031496063,-10.4431496062992,-3.43350393700787));
#13810=CARTESIAN_POINT('Origin',(5.0748031496063,-10.4431496062992,-3.36850393700787));
#13811=CARTESIAN_POINT('',(5.0748031496063,-1.98787401574803,-1.43350393700788));
#13812=CARTESIAN_POINT('Origin',(5.0748031496063,-1.98787401574803,-1.36850393700788));
#13813=CARTESIAN_POINT('',(5.0748031496063,-1.98787401574803,-3.43350393700788));
#13814=CARTESIAN_POINT('Origin',(5.0748031496063,-1.98787401574803,-3.36850393700788));
#13815=CARTESIAN_POINT('',(5.0748031496063,-6.21551181102362,1.18799212598425));
#13816=CARTESIAN_POINT('Origin',(5.0748031496063,-6.21551181102362,1.25299212598425));
#13817=CARTESIAN_POINT('',(5.0748031496063,-10.4431496062992,0.566496062992126));
#13818=CARTESIAN_POINT('Origin',(5.0748031496063,-10.4431496062992,0.631496062992126));
#13819=CARTESIAN_POINT('',(5.0748031496063,-10.2155118110236,1.18799212598425));
#13820=CARTESIAN_POINT('Origin',(5.0748031496063,-10.2155118110236,1.25299212598425));
#13821=CARTESIAN_POINT('',(5.0748031496063,-2.21551181102362,1.18799212598425));
#13822=CARTESIAN_POINT('Origin',(5.0748031496063,-2.21551181102362,1.25299212598425));
#13823=CARTESIAN_POINT('',(5.0748031496063,-3.87399986250427,0.0629921259842519));
#13824=CARTESIAN_POINT('',(5.0748031496063,-3.87399986250427,0.412992125984252));
#13825=CARTESIAN_POINT('',(5.0748031496063,-3.87399986250427,-0.684251968503937));
#13826=CARTESIAN_POINT('',(5.0748031496063,-3.29094488188976,0.412992125984252));
#13827=CARTESIAN_POINT('',(5.0748031496063,-6.06051181102362,0.412992125984252));
#13828=CARTESIAN_POINT('',(5.0748031496063,-3.29094488188976,0.0629921259842519));
#13829=CARTESIAN_POINT('',(5.0748031496063,-3.29094488188976,-0.684251968503937));
#13830=CARTESIAN_POINT('',(5.0748031496063,-6.06051181102362,0.062992125984252));
#13831=CARTESIAN_POINT('',(5.0748031496063,-8.20511811023622,0.412992125984252));
#13832=CARTESIAN_POINT('',(5.0748031496063,-8.20511811023622,0.0629921259842519));
#13833=CARTESIAN_POINT('',(5.0748031496063,-8.20511811023622,-0.684251968503937));
#13834=CARTESIAN_POINT('',(5.0748031496063,-7.62165354330709,0.412992125984252));
#13835=CARTESIAN_POINT('',(5.0748031496063,-6.06051181102362,0.412992125984252));
#13836=CARTESIAN_POINT('',(5.0748031496063,-7.62165354330709,0.0629921259842519));
#13837=CARTESIAN_POINT('',(5.0748031496063,-7.62165354330709,-0.684251968503937));
#13838=CARTESIAN_POINT('',(5.0748031496063,-6.06051181102362,0.062992125984252));
#13839=CARTESIAN_POINT('',(5.0748031496063,-9.93740157480315,0.412992125984252));
#13840=CARTESIAN_POINT('',(5.0748031496063,-9.93740157480315,0.0629921259842519));
#13841=CARTESIAN_POINT('',(5.0748031496063,-9.93740157480315,-0.684251968503937));
#13842=CARTESIAN_POINT('',(5.0748031496063,-9.35393700787401,0.412992125984252));
#13843=CARTESIAN_POINT('',(5.0748031496063,-6.06051181102362,0.412992125984252));
#13844=CARTESIAN_POINT('',(5.0748031496063,-9.35393700787401,0.0629921259842519));
#13845=CARTESIAN_POINT('',(5.0748031496063,-9.35393700787401,-0.684251968503937));
#13846=CARTESIAN_POINT('',(5.0748031496063,-6.06051181102362,0.062992125984252));
#13847=CARTESIAN_POINT('Origin',(5.2248031496063,-6.06051181102362,0.412992125984252));
#13848=CARTESIAN_POINT('',(5.2248031496063,-3.53844318674863,0.262992125984252));
#13849=CARTESIAN_POINT('',(5.2248031496063,-3.62691114396003,0.262992125984252));
#13850=CARTESIAN_POINT('Ctrl Pts',(5.2248031496063,-3.62691114396003,0.262992125984252));
#13851=CARTESIAN_POINT('Ctrl Pts',(5.2220250959755,-3.62743038642168,0.262992125984252));
#13852=CARTESIAN_POINT('Ctrl Pts',(5.21923622827046,-3.62767716535433,0.263071060389086));
#13853=CARTESIAN_POINT('Ctrl Pts',(5.21080903576259,-3.62767716535433,0.263536258489553));
#13854=CARTESIAN_POINT('Ctrl Pts',(5.2047468634489,-3.62651933268163,0.264232532127209));
#13855=CARTESIAN_POINT('Ctrl Pts',(5.19365654716707,-3.62189020573473,0.266153573366454));
#13856=CARTESIAN_POINT('Ctrl Pts',(5.18862452973946,-3.61842147418701,0.267362117528079));
#13857=CARTESIAN_POINT('Ctrl Pts',(5.18070913074585,-3.61047473398733,0.269561060759407));
#13858=CARTESIAN_POINT('Ctrl Pts',(5.17726984201731,-3.60545868084525,0.270701930694587));
#13859=CARTESIAN_POINT('Ctrl Pts',(5.17268183948856,-3.59440943182759,0.272317734850581));
#13860=CARTESIAN_POINT('Ctrl Pts',(5.17153543307087,-3.58837181670413,0.272768909735655));
#13861=CARTESIAN_POINT('Ctrl Pts',(5.17153543307087,-3.57698251400453,0.272768909735655));
#13862=CARTESIAN_POINT('Ctrl Pts',(5.17268183948856,-3.57094489888107,0.272317734850581));
#13863=CARTESIAN_POINT('Ctrl Pts',(5.17726984201731,-3.55989564986341,0.270701930694587));
#13864=CARTESIAN_POINT('Ctrl Pts',(5.18070913074585,-3.55487959672133,0.269561060759407));
#13865=CARTESIAN_POINT('Ctrl Pts',(5.18862452973946,-3.54693285652165,0.267362117528079));
#13866=CARTESIAN_POINT('Ctrl Pts',(5.19365654716708,-3.54346412497393,0.266153573366454));
#13867=CARTESIAN_POINT('Ctrl Pts',(5.2047468634489,-3.53883499802703,0.264232532127209));
#13868=CARTESIAN_POINT('Ctrl Pts',(5.21080903576259,-3.53767716535433,0.263536258489553));
#13869=CARTESIAN_POINT('Ctrl Pts',(5.21923622827046,-3.53767716535433,0.263071060389086));
#13870=CARTESIAN_POINT('Ctrl Pts',(5.2220250959755,-3.53792394428698,0.262992125984252));
#13871=CARTESIAN_POINT('Ctrl Pts',(5.2248031496063,-3.53844318674863,0.262992125984252));
#13872=CARTESIAN_POINT('',(5.2248031496063,-3.44140302196557,0.262992125984252));
#13873=CARTESIAN_POINT('',(5.2248031496063,-6.06051181102362,0.262992125984252));
#13874=CARTESIAN_POINT('',(5.21653543307087,-3.44071685811793,0.263220149756088));
#13875=CARTESIAN_POINT('Ctrl Pts',(5.22480314960629,-3.44140302196557,0.262992125984252));
#13876=CARTESIAN_POINT('Ctrl Pts',(5.22204689648542,-3.44109731991198,0.262992125984252));
#13877=CARTESIAN_POINT('Ctrl Pts',(5.21928469934306,-3.44086862318634,0.263068384687671));
#13878=CARTESIAN_POINT('Ctrl Pts',(5.21653543307076,-3.44071685811792,0.263220149756094));
#13879=CARTESIAN_POINT('Origin',(5.2248031496063,-3.29094488188976,0.412992125984252));
#13880=CARTESIAN_POINT('',(5.21696759254114,-3.72420465548656,0.263196918966542));
#13881=CARTESIAN_POINT('Origin',(5.2248031496063,-3.87399986250427,0.412992125984252));
#13882=CARTESIAN_POINT('',(5.2248031496063,-3.72358858935864,0.262992125984252));
#13883=CARTESIAN_POINT('Ctrl Pts',(5.21696759254103,-3.72420465548657,0.263196918966548));
#13884=CARTESIAN_POINT('Ctrl Pts',(5.21957290855396,-3.72406837529323,0.263060638889909));
#13885=CARTESIAN_POINT('Ctrl Pts',(5.22218990976663,-3.72386310761311,0.262992125984252));
#13886=CARTESIAN_POINT('Ctrl Pts',(5.22480314960629,-3.72358858935864,0.262992125984252));
#13887=CARTESIAN_POINT('',(5.2248031496063,-6.06051181102362,0.262992125984252));
#13888=CARTESIAN_POINT('Origin',(5.2248031496063,-6.06051181102362,0.412992125984252));
#13889=CARTESIAN_POINT('',(5.2248031496063,-6.13686838359902,0.262992125984252));
#13890=CARTESIAN_POINT('',(5.2248031496063,-6.22533634081043,0.262992125984252));
#13891=CARTESIAN_POINT('Ctrl Pts',(5.2248031496063,-6.22533634081043,0.262992125984252));
#13892=CARTESIAN_POINT('Ctrl Pts',(5.2220250959755,-6.22585558327207,0.262992125984252));
#13893=CARTESIAN_POINT('Ctrl Pts',(5.21923622827046,-6.22610236220472,0.263071060389086));
#13894=CARTESIAN_POINT('Ctrl Pts',(5.21080903576259,-6.22610236220472,0.263536258489553));
#13895=CARTESIAN_POINT('Ctrl Pts',(5.2047468634489,-6.22494452953203,0.264232532127209));
#13896=CARTESIAN_POINT('Ctrl Pts',(5.19365654716707,-6.22031540258513,0.266153573366454));
#13897=CARTESIAN_POINT('Ctrl Pts',(5.18862452973946,-6.2168466710374,0.267362117528079));
#13898=CARTESIAN_POINT('Ctrl Pts',(5.18070913074585,-6.20889993083773,0.269561060759407));
#13899=CARTESIAN_POINT('Ctrl Pts',(5.17726984201731,-6.20388387769564,0.270701930694587));
#13900=CARTESIAN_POINT('Ctrl Pts',(5.17268183948856,-6.19283462867798,0.272317734850581));
#13901=CARTESIAN_POINT('Ctrl Pts',(5.17153543307087,-6.18679701355452,0.272768909735655));
#13902=CARTESIAN_POINT('Ctrl Pts',(5.17153543307087,-6.17540771085493,0.272768909735655));
#13903=CARTESIAN_POINT('Ctrl Pts',(5.17268183948856,-6.16937009573147,0.272317734850581));
#13904=CARTESIAN_POINT('Ctrl Pts',(5.17726984201731,-6.15832084671381,0.270701930694587));
#13905=CARTESIAN_POINT('Ctrl Pts',(5.18070913074585,-6.15330479357172,0.269561060759407));
#13906=CARTESIAN_POINT('Ctrl Pts',(5.18862452973946,-6.14535805337205,0.267362117528079));
#13907=CARTESIAN_POINT('Ctrl Pts',(5.19365654716707,-6.14188932182432,0.266153573366454));
#13908=CARTESIAN_POINT('Ctrl Pts',(5.2047468634489,-6.13726019487742,0.264232532127209));
#13909=CARTESIAN_POINT('Ctrl Pts',(5.21080903576259,-6.13610236220472,0.263536258489553));
#13910=CARTESIAN_POINT('Ctrl Pts',(5.21923622827046,-6.13610236220472,0.263071060389086));
#13911=CARTESIAN_POINT('Ctrl Pts',(5.2220250959755,-6.13634914113738,0.262992125984252));
#13912=CARTESIAN_POINT('Ctrl Pts',(5.2248031496063,-6.13686838359902,0.262992125984252));
#13913=CARTESIAN_POINT('',(5.2248031496063,-6.03982821881597,0.262992125984252));
#13914=CARTESIAN_POINT('',(5.2248031496063,-6.06051181102362,0.262992125984252));
#13915=CARTESIAN_POINT('',(5.21653543307087,-6.03914205496832,0.263220149756088));
#13916=CARTESIAN_POINT('Ctrl Pts',(5.22480314960629,-6.03982821881597,0.262992125984252));
#13917=CARTESIAN_POINT('Ctrl Pts',(5.22204689648542,-6.03952251676237,0.262992125984252));
#13918=CARTESIAN_POINT('Ctrl Pts',(5.21928469934306,-6.03929382003673,0.263068384687671));
#13919=CARTESIAN_POINT('Ctrl Pts',(5.21653543307076,-6.03914205496832,0.263220149756094));
#13920=CARTESIAN_POINT('Origin',(5.2248031496063,-5.88937007874016,0.412992125984252));
#13921=CARTESIAN_POINT('',(5.21696759254114,-6.32262985233696,0.263196918966542));
#13922=CARTESIAN_POINT('Origin',(5.2248031496063,-6.47242505935467,0.412992125984252));
#13923=CARTESIAN_POINT('',(5.2248031496063,-6.32201378620903,0.262992125984252));
#13924=CARTESIAN_POINT('Ctrl Pts',(5.21696759254103,-6.32262985233696,0.263196918966548));
#13925=CARTESIAN_POINT('Ctrl Pts',(5.21957290855396,-6.32249357214362,0.263060638889909));
#13926=CARTESIAN_POINT('Ctrl Pts',(5.22218990976663,-6.32228830446351,0.262992125984252));
#13927=CARTESIAN_POINT('Ctrl Pts',(5.22480314960629,-6.32201378620903,0.262992125984252));
#13928=CARTESIAN_POINT('',(5.2248031496063,-6.06051181102362,0.262992125984252));
#13929=CARTESIAN_POINT('Origin',(5.2248031496063,-6.06051181102362,0.412992125984252));
#13930=CARTESIAN_POINT('',(5.2248031496063,-7.86915184816595,0.262992125984252));
#13931=CARTESIAN_POINT('',(5.2248031496063,-7.95761980537736,0.262992125984252));
#13932=CARTESIAN_POINT('Ctrl Pts',(5.2248031496063,-7.95761980537735,0.262992125984252));
#13933=CARTESIAN_POINT('Ctrl Pts',(5.2220250959755,-7.958139047839,0.262992125984252));
#13934=CARTESIAN_POINT('Ctrl Pts',(5.21923622827046,-7.95838582677165,0.263071060389086));
#13935=CARTESIAN_POINT('Ctrl Pts',(5.21080903576259,-7.95838582677165,0.263536258489553));
#13936=CARTESIAN_POINT('Ctrl Pts',(5.2047468634489,-7.95722799409896,0.264232532127209));
#13937=CARTESIAN_POINT('Ctrl Pts',(5.19365654716708,-7.95259886715206,0.266153573366454));
#13938=CARTESIAN_POINT('Ctrl Pts',(5.18862452973946,-7.94913013560433,0.267362117528079));
#13939=CARTESIAN_POINT('Ctrl Pts',(5.18070913074585,-7.94118339540466,0.269561060759407));
#13940=CARTESIAN_POINT('Ctrl Pts',(5.17726984201731,-7.93616734226257,0.270701930694587));
#13941=CARTESIAN_POINT('Ctrl Pts',(5.17268183948856,-7.92511809324491,0.272317734850581));
#13942=CARTESIAN_POINT('Ctrl Pts',(5.17153543307087,-7.91908047812145,0.272768909735655));
#13943=CARTESIAN_POINT('Ctrl Pts',(5.17153543307087,-7.90769117542185,0.272768909735655));
#13944=CARTESIAN_POINT('Ctrl Pts',(5.17268183948856,-7.90165356029839,0.272317734850581));
#13945=CARTESIAN_POINT('Ctrl Pts',(5.17726984201731,-7.89060431128074,0.270701930694587));
#13946=CARTESIAN_POINT('Ctrl Pts',(5.18070913074585,-7.88558825813865,0.269561060759407));
#13947=CARTESIAN_POINT('Ctrl Pts',(5.18862452973946,-7.87764151793898,0.267362117528079));
#13948=CARTESIAN_POINT('Ctrl Pts',(5.19365654716708,-7.87417278639125,0.266153573366454));
#13949=CARTESIAN_POINT('Ctrl Pts',(5.2047468634489,-7.86954365944435,0.264232532127209));
#13950=CARTESIAN_POINT('Ctrl Pts',(5.21080903576259,-7.86838582677165,0.263536258489553));
#13951=CARTESIAN_POINT('Ctrl Pts',(5.21923622827046,-7.86838582677165,0.263071060389086));
#13952=CARTESIAN_POINT('Ctrl Pts',(5.2220250959755,-7.86863260570431,0.262992125984252));
#13953=CARTESIAN_POINT('Ctrl Pts',(5.2248031496063,-7.86915184816595,0.262992125984252));
#13954=CARTESIAN_POINT('',(5.2248031496063,-7.78069172285045,0.262992125984252));
#13955=CARTESIAN_POINT('',(5.2248031496063,-6.06051181102362,0.262992125984252));
#13956=CARTESIAN_POINT('',(5.18983075097668,-7.76751968514299,0.267125984148352));
#13957=CARTESIAN_POINT('Ctrl Pts',(5.2248031496063,-7.78069172285046,0.262992125984252));
#13958=CARTESIAN_POINT('Ctrl Pts',(5.21410654134983,-7.77505340070201,0.262992125984252));
#13959=CARTESIAN_POINT('Ctrl Pts',(5.2019724491116,-7.77043073984676,0.264214929520661));
#13960=CARTESIAN_POINT('Ctrl Pts',(5.18983075097668,-7.76751968514299,0.267125984148352));
#13961=CARTESIAN_POINT('Origin',(5.2248031496063,-7.62165354330709,0.412992125984252));
#13962=CARTESIAN_POINT('',(5.18983075097668,-8.05925196840032,0.267125984148352));
#13963=CARTESIAN_POINT('Origin',(5.2248031496063,-8.20511811023622,0.412992125984252));
#13964=CARTESIAN_POINT('',(5.2248031496063,-8.04607993069285,0.262992125984252));
#13965=CARTESIAN_POINT('Ctrl Pts',(5.18983075097668,-8.05925196840032,0.267125984148352));
#13966=CARTESIAN_POINT('Ctrl Pts',(5.20197234862495,-8.0563409377889,0.264214953613016));
#13967=CARTESIAN_POINT('Ctrl Pts',(5.21410644747359,-8.05171830232469,0.262992125984252));
#13968=CARTESIAN_POINT('Ctrl Pts',(5.2248031496063,-8.04607993069285,0.262992125984252));
#13969=CARTESIAN_POINT('',(5.2248031496063,-6.06051181102362,0.262992125984252));
#13970=CARTESIAN_POINT('Origin',(5.2248031496063,-6.06051181102362,0.412992125984252));
#13971=CARTESIAN_POINT('',(5.2248031496063,-9.60143531273288,0.262992125984252));
#13972=CARTESIAN_POINT('',(5.2248031496063,-9.68990326994428,0.262992125984252));
#13973=CARTESIAN_POINT('Ctrl Pts',(5.2248031496063,-9.68990326994428,0.262992125984252));
#13974=CARTESIAN_POINT('Ctrl Pts',(5.2220250959755,-9.69042251240593,0.262992125984252));
#13975=CARTESIAN_POINT('Ctrl Pts',(5.21923622827046,-9.69066929133858,0.263071060389086));
#13976=CARTESIAN_POINT('Ctrl Pts',(5.21080903576259,-9.69066929133858,0.263536258489553));
#13977=CARTESIAN_POINT('Ctrl Pts',(5.2047468634489,-9.68951145866589,0.264232532127209));
#13978=CARTESIAN_POINT('Ctrl Pts',(5.19365654716708,-9.68488233171898,0.266153573366454));
#13979=CARTESIAN_POINT('Ctrl Pts',(5.18862452973946,-9.68141360017126,0.267362117528079));
#13980=CARTESIAN_POINT('Ctrl Pts',(5.18070913074585,-9.67346685997158,0.269561060759407));
#13981=CARTESIAN_POINT('Ctrl Pts',(5.17726984201731,-9.6684508068295,0.270701930694587));
#13982=CARTESIAN_POINT('Ctrl Pts',(5.17268183948856,-9.65740155781184,0.272317734850581));
#13983=CARTESIAN_POINT('Ctrl Pts',(5.17153543307087,-9.65136394268838,0.272768909735655));
#13984=CARTESIAN_POINT('Ctrl Pts',(5.17153543307087,-9.63997463998878,0.272768909735655));
#13985=CARTESIAN_POINT('Ctrl Pts',(5.17268183948856,-9.63393702486532,0.272317734850581));
#13986=CARTESIAN_POINT('Ctrl Pts',(5.17726984201731,-9.62288777584766,0.270701930694587));
#13987=CARTESIAN_POINT('Ctrl Pts',(5.18070913074585,-9.61787172270558,0.269561060759407));
#13988=CARTESIAN_POINT('Ctrl Pts',(5.18862452973946,-9.6099249825059,0.267362117528079));
#13989=CARTESIAN_POINT('Ctrl Pts',(5.19365654716708,-9.60645625095818,0.266153573366454));
#13990=CARTESIAN_POINT('Ctrl Pts',(5.2047468634489,-9.60182712401128,0.264232532127209));
#13991=CARTESIAN_POINT('Ctrl Pts',(5.21080903576259,-9.60066929133858,0.263536258489553));
#13992=CARTESIAN_POINT('Ctrl Pts',(5.21923622827046,-9.60066929133858,0.263071060389086));
#13993=CARTESIAN_POINT('Ctrl Pts',(5.2220250959755,-9.60091607027123,0.262992125984252));
#13994=CARTESIAN_POINT('Ctrl Pts',(5.2248031496063,-9.60143531273288,0.262992125984252));
#13995=CARTESIAN_POINT('',(5.2248031496063,-9.51297518741738,0.262992125984252));
#13996=CARTESIAN_POINT('',(5.2248031496063,-6.06051181102362,0.262992125984252));
#13997=CARTESIAN_POINT('',(5.18983075097668,-9.49980314970991,0.267125984148352));
#13998=CARTESIAN_POINT('Ctrl Pts',(5.22480314960631,-9.51297518741738,0.262992125984252));
#13999=CARTESIAN_POINT('Ctrl Pts',(5.21410654134983,-9.50733686526894,0.262992125984252));
#14000=CARTESIAN_POINT('Ctrl Pts',(5.2019724491116,-9.50271420441369,0.26421492952066));
#14001=CARTESIAN_POINT('Ctrl Pts',(5.18983075097668,-9.49980314970991,0.267125984148352));
#14002=CARTESIAN_POINT('Origin',(5.2248031496063,-9.35393700787401,0.412992125984252));
#14003=CARTESIAN_POINT('',(5.18983075097668,-9.79153543296725,0.267125984148352));
#14004=CARTESIAN_POINT('Origin',(5.2248031496063,-9.93740157480315,0.412992125984252));
#14005=CARTESIAN_POINT('',(5.2248031496063,-9.77836339525979,0.262992125984252));
#14006=CARTESIAN_POINT('Ctrl Pts',(5.18983075097668,-9.79153543296725,0.267125984148352));
#14007=CARTESIAN_POINT('Ctrl Pts',(5.20197234862495,-9.78862440235583,0.264214953613017));
#14008=CARTESIAN_POINT('Ctrl Pts',(5.21410644747359,-9.78400176689162,0.262992125984252));
#14009=CARTESIAN_POINT('Ctrl Pts',(5.2248031496063,-9.77836339525978,0.262992125984252));
#14010=CARTESIAN_POINT('',(5.2248031496063,-6.06051181102362,0.262992125984252));
#14011=CARTESIAN_POINT('Origin',(5.15485835148271,-9.64566929133858,-0.684251968503937));
#14012=CARTESIAN_POINT('',(5.18983075054451,-9.79153543307087,0.0629921259842519));
#14013=CARTESIAN_POINT('',(5.18983075054451,-9.4998031496063,0.0629921259842519));
#14014=CARTESIAN_POINT('Origin',(5.15485835148271,-9.64566929133858,0.0629921259842519));
#14015=CARTESIAN_POINT('',(5.18983075054451,-9.4998031496063,-0.684251968503937));
#14016=CARTESIAN_POINT('Origin',(5.15485835148271,-9.64566929133858,0.262992125984252));
#14017=CARTESIAN_POINT('',(5.18983075054451,-9.79153543307087,-0.684251968503937));
#14018=CARTESIAN_POINT('Origin',(5.2248031496063,-9.35393700787401,-0.684251968503937));
#14019=CARTESIAN_POINT('Origin',(5.2248031496063,-9.35393700787401,0.0629921259842519));
#14020=CARTESIAN_POINT('Origin',(5.21653543307087,-5.90551181102362,0.062992125984252));
#14021=CARTESIAN_POINT('Origin',(5.2248031496063,-9.93740157480315,0.0629921259842519));
#14022=CARTESIAN_POINT('',(5.26153543307087,-9.64566929133858,0.062992125984252));
#14023=CARTESIAN_POINT('Origin',(5.21653543307087,-9.64566929133858,0.062992125984252));
#14024=CARTESIAN_POINT('Origin',(5.2248031496063,-9.93740157480315,-0.684251968503937));
#14025=CARTESIAN_POINT('Origin',(5.15485835148271,-7.91338582677165,-0.684251968503937));
#14026=CARTESIAN_POINT('Origin',(5.15485835148271,-7.91338582677165,0.262992125984252));
#14027=CARTESIAN_POINT('',(5.1898307505445,-8.05925196850394,0.0629921259842519));
#14028=CARTESIAN_POINT('',(5.1898307505445,-8.05925196850394,-0.684251968503937));
#14029=CARTESIAN_POINT('',(5.1898307505445,-7.76751968503937,0.0629921259842519));
#14030=CARTESIAN_POINT('Origin',(5.15485835148271,-7.91338582677165,0.0629921259842519));
#14031=CARTESIAN_POINT('',(5.1898307505445,-7.76751968503937,-0.684251968503937));
#14032=CARTESIAN_POINT('Origin',(5.2248031496063,-8.20511811023622,-0.684251968503937));
#14033=CARTESIAN_POINT('Origin',(5.2248031496063,-8.20511811023622,0.0629921259842519));
#14034=CARTESIAN_POINT('Origin',(5.21653543307087,-5.90551181102362,0.262992125984252));
#14035=CARTESIAN_POINT('',(5.26153543307087,-7.91338582677165,0.262992125984252));
#14036=CARTESIAN_POINT('Origin',(5.21653543307087,-7.91338582677165,0.262992125984252));
#14037=CARTESIAN_POINT('Origin',(5.21653543307087,-7.91338582677165,0.262992125984252));
#14038=CARTESIAN_POINT('Origin',(5.2248031496063,-7.62165354330709,-0.684251968503937));
#14039=CARTESIAN_POINT('Origin',(5.2248031496063,-7.62165354330709,0.0629921259842519));
#14040=CARTESIAN_POINT('Origin',(5.2248031496063,-6.47242505935467,-0.684251968503937));
#14041=CARTESIAN_POINT('',(5.21696758919519,-6.32262985251198,0.0629921259842519));
#14042=CARTESIAN_POINT('Origin',(5.2248031496063,-6.47242505935467,0.0629921259842519));
#14043=CARTESIAN_POINT('',(5.21696758919519,-6.32262985251198,-0.684251968503937));
#14044=CARTESIAN_POINT('Origin',(5.20913202878408,-6.17283464566929,-0.684251968503937));
#14045=CARTESIAN_POINT('',(5.35826771653543,-6.18891403119649,0.062992125984252));
#14046=CARTESIAN_POINT('Origin',(5.20913202878408,-6.17283464566929,0.0629921259842519));
#14047=CARTESIAN_POINT('',(5.35826771653543,-6.18891403119649,0.262992125984252));
#14048=CARTESIAN_POINT('',(5.35826771653543,-6.18891403119649,-0.684251968503937));
#14049=CARTESIAN_POINT('Origin',(5.20913202878408,-6.17283464566929,0.262992125984252));
#14050=CARTESIAN_POINT('Origin',(5.21653543307087,-5.90551181102362,0.062992125984252));
#14051=CARTESIAN_POINT('',(5.21653543307087,-6.03914205496832,0.0629921259842519));
#14052=CARTESIAN_POINT('Origin',(5.2248031496063,-5.88937007874016,0.0629921259842519));
#14053=CARTESIAN_POINT('Origin',(5.20826771653543,-6.18891403119649,0.0629921259842519));
#14054=CARTESIAN_POINT('',(5.26153543307087,-6.18110236220472,0.062992125984252));
#14055=CARTESIAN_POINT('Origin',(5.21653543307087,-6.18110236220472,0.062992125984252));
#14056=CARTESIAN_POINT('Origin',(5.20826771653543,-6.18891403119649,-0.684251968503937));
#14057=CARTESIAN_POINT('',(5.21653543307087,-6.03914205496832,-0.684251968503937));
#14058=CARTESIAN_POINT('Origin',(5.20826771653543,-6.18891403119649,0.262992125984252));
#14059=CARTESIAN_POINT('Origin',(5.2248031496063,-5.88937007874016,-0.684251968503937));
#14060=CARTESIAN_POINT('Origin',(5.2248031496063,-3.87399986250427,-0.684251968503937));
#14061=CARTESIAN_POINT('',(5.21696758919519,-3.72420465566159,0.0629921259842519));
#14062=CARTESIAN_POINT('Origin',(5.2248031496063,-3.87399986250427,0.0629921259842519));
#14063=CARTESIAN_POINT('',(5.21696758919519,-3.72420465566159,-0.684251968503937));
#14064=CARTESIAN_POINT('Origin',(5.20913202878408,-3.5744094488189,-0.684251968503937));
#14065=CARTESIAN_POINT('',(5.35826771653543,-3.59048883434609,0.062992125984252));
#14066=CARTESIAN_POINT('Origin',(5.20913202878408,-3.5744094488189,0.0629921259842519));
#14067=CARTESIAN_POINT('',(5.35826771653543,-3.59048883434609,0.262992125984252));
#14068=CARTESIAN_POINT('',(5.35826771653543,-3.59048883434609,-0.684251968503937));
#14069=CARTESIAN_POINT('Origin',(5.20913202878408,-3.5744094488189,0.262992125984252));
#14070=CARTESIAN_POINT('Origin',(5.21653543307087,-5.90551181102362,0.062992125984252));
#14071=CARTESIAN_POINT('',(5.21653543307087,-3.44071685811793,0.0629921259842519));
#14072=CARTESIAN_POINT('Origin',(5.2248031496063,-3.29094488188976,0.0629921259842519));
#14073=CARTESIAN_POINT('Origin',(5.20826771653543,-3.59048883434609,0.0629921259842519));
#14074=CARTESIAN_POINT('',(5.26153543307087,-3.58267716535433,0.062992125984252));
#14075=CARTESIAN_POINT('Origin',(5.21653543307087,-3.58267716535433,0.062992125984252));
#14076=CARTESIAN_POINT('Origin',(5.20826771653543,-3.59048883434609,-0.684251968503937));
#14077=CARTESIAN_POINT('',(5.21653543307087,-3.44071685811793,-0.684251968503937));
#14078=CARTESIAN_POINT('Origin',(5.20826771653543,-3.59048883434609,0.262992125984252));
#14079=CARTESIAN_POINT('Origin',(5.2248031496063,-3.29094488188976,-0.684251968503937));
#14080=CARTESIAN_POINT('Origin',(5.2248031496063,-2.45667963260081,0.));
#14081=CARTESIAN_POINT('',(5.21699252688061,-2.30688312338702,0.062992125984252));
#14082=CARTESIAN_POINT('Origin',(5.2248031496063,-2.45667963260081,0.062992125984252));
#14083=CARTESIAN_POINT('',(5.21699252688061,-2.30688312338702,0.));
#14084=CARTESIAN_POINT('Origin',(5.20918190415491,-2.15708661417323,0.));
#14085=CARTESIAN_POINT('',(5.35826771653543,-2.17362204724409,0.062992125984252));
#14086=CARTESIAN_POINT('Origin',(5.20918190415491,-2.15708661417323,0.062992125984252));
#14087=CARTESIAN_POINT('',(5.35826771653543,-2.17362204724409,0.));
#14088=CARTESIAN_POINT('Origin',(5.20826771653543,-2.17362204724409,0.));
#14089=CARTESIAN_POINT('',(5.20826771653543,-2.02362204724409,0.062992125984252));
#14090=CARTESIAN_POINT('Origin',(5.20826771653543,-2.17362204724409,0.062992125984252));
#14091=CARTESIAN_POINT('',(5.20826771653543,-2.02362204724409,0.));
#14092=CARTESIAN_POINT('Origin',(5.35826771653543,-2.02362204724409,0.));
#14093=CARTESIAN_POINT('',(5.28740157480315,-2.02362204724409,0.062992125984252));
#14094=CARTESIAN_POINT('Origin',(5.21653543307087,-9.64566929133858,10.8151040856828));
#14095=CARTESIAN_POINT('',(5.26153543307087,-9.64566929133858,0.262992125984252));
#14096=CARTESIAN_POINT('',(5.26153543307087,-9.64566929133858,10.8151040856828));
#14097=CARTESIAN_POINT('Origin',(5.21653543307087,-9.64566929133858,0.262992125984252));
#14098=CARTESIAN_POINT('Origin',(5.21653543307087,-9.64566929133858,0.262992125984252));
#14099=CARTESIAN_POINT('Origin',(5.21653543307087,-7.91338582677165,10.8151040856828));
#14100=CARTESIAN_POINT('',(5.26153543307087,-7.91338582677165,0.062992125984252));
#14101=CARTESIAN_POINT('Origin',(5.21653543307087,-7.91338582677165,0.062992125984252));
#14102=CARTESIAN_POINT('',(5.26153543307087,-7.91338582677165,10.8151040856828));
#14103=CARTESIAN_POINT('Origin',(5.21653543307087,-6.18110236220472,10.8151040856828));
#14104=CARTESIAN_POINT('',(5.26153543307087,-6.18110236220472,0.262992125984252));
#14105=CARTESIAN_POINT('',(5.26153543307087,-6.18110236220472,10.8151040856828));
#14106=CARTESIAN_POINT('Origin',(5.21653543307087,-6.18110236220472,0.262992125984252));
#14107=CARTESIAN_POINT('Origin',(5.21653543307087,-6.18110236220472,0.262992125984252));
#14108=CARTESIAN_POINT('Origin',(5.21653543307087,-3.58267716535433,10.8151040856828));
#14109=CARTESIAN_POINT('',(5.26153543307087,-3.58267716535433,0.262992125984252));
#14110=CARTESIAN_POINT('',(5.26153543307087,-3.58267716535433,10.8151040856828));
#14111=CARTESIAN_POINT('Origin',(5.21653543307087,-3.58267716535433,0.262992125984252));
#14112=CARTESIAN_POINT('Origin',(5.21653543307087,-3.58267716535433,0.262992125984252));
#14113=CARTESIAN_POINT('Origin',(5.21653543307087,-2.16535433070866,10.8151040856828));
#14114=CARTESIAN_POINT('',(5.26153543307087,-2.16535433070866,0.062992125984252));
#14115=CARTESIAN_POINT('Origin',(5.21653543307087,-2.16535433070866,0.062992125984252));
#14116=CARTESIAN_POINT('',(5.26153543307087,-2.16535433070866,10.8151040856828));
#14117=CARTESIAN_POINT('Origin',(5.21653543307087,-5.90551181102362,0.062992125984252));
#14118=CARTESIAN_POINT('Origin',(5.21653543307087,-5.90551181102362,0.062992125984252));
#14119=CARTESIAN_POINT('Origin',(5.21653543307087,-5.90551181102362,0.262992125984252));
#14120=CARTESIAN_POINT('Origin',(5.21653543307087,-5.90551181102362,0.262992125984252));
#14121=CARTESIAN_POINT('Origin',(5.21653543307087,-5.90551181102362,0.262992125984252));
#14122=CARTESIAN_POINT('Origin',(5.0748031496063,-1.87787401574803,1.36299212598425));
#14123=CARTESIAN_POINT('',(4.8748031496063,-1.87787401574803,0.597955043329623));
#14124=CARTESIAN_POINT('',(4.8748031496063,-1.87787401574803,-1.33496291734537));
#14125=CARTESIAN_POINT('',(4.8748031496063,-1.87787401574803,1.36299212598425));
#14126=CARTESIAN_POINT('',(4.8748031496063,-1.87787401574803,0.665037082654625));
#14127=CARTESIAN_POINT('Ctrl Pts',(4.8748031496063,-1.87787401574803,0.597955043329623));
#14128=CARTESIAN_POINT('Ctrl Pts',(4.88605675358999,-1.87787401574803,0.631496062992124));
#14129=CARTESIAN_POINT('Ctrl Pts',(4.8748031496063,-1.87787401574803,0.665037082654625));
#14130=CARTESIAN_POINT('',(4.8748031496063,-1.87787401574803,1.36299212598425));
#14131=CARTESIAN_POINT('',(4.8748031496063,-1.87787401574803,1.36299212598425));
#14132=CARTESIAN_POINT('',(5.0748031496063,-1.87787401574803,1.36299212598425));
#14133=CARTESIAN_POINT('',(4.8748031496063,-1.87787401574803,-4.1));
#14134=CARTESIAN_POINT('',(5.0748031496063,-1.87787401574803,-4.1));
#14135=CARTESIAN_POINT('',(4.8748031496063,-1.87787401574803,-3.40204495667038));
#14136=CARTESIAN_POINT('',(4.8748031496063,-1.87787401574803,1.36299212598425));
#14137=CARTESIAN_POINT('',(4.8748031496063,-1.87787401574803,-3.33496291734537));
#14138=CARTESIAN_POINT('Ctrl Pts',(4.8748031496063,-1.87787401574803,-3.40204495667038));
#14139=CARTESIAN_POINT('Ctrl Pts',(4.88605675358999,-1.87787401574803,-3.36850393700788));
#14140=CARTESIAN_POINT('Ctrl Pts',(4.8748031496063,-1.87787401574803,-3.33496291734537));
#14141=CARTESIAN_POINT('',(4.8748031496063,-1.87787401574803,-1.40204495667038));
#14142=CARTESIAN_POINT('',(4.8748031496063,-1.87787401574803,1.36299212598425));
#14143=CARTESIAN_POINT('Ctrl Pts',(4.8748031496063,-1.87787401574803,-1.40204495667037));
#14144=CARTESIAN_POINT('Ctrl Pts',(4.88605675358998,-1.87787401574803,-1.36850393700788));
#14145=CARTESIAN_POINT('Ctrl Pts',(4.8748031496063,-1.87787401574803,-1.33496291734538));
#14146=CARTESIAN_POINT('Origin',(4.8748031496063,-6.21551181102362,-1.36850393700787));
#14147=CARTESIAN_POINT('',(4.8748031496063,-10.5531496062992,-1.33496291734537));
#14148=CARTESIAN_POINT('',(4.8748031496063,-10.5531496062992,0.597955043329625));
#14149=CARTESIAN_POINT('',(4.8748031496063,-10.5531496062992,-4.1));
#14150=CARTESIAN_POINT('',(4.8748031496063,-10.4431496062992,0.516496062992126));
#14151=CARTESIAN_POINT('Origin',(4.8748031496063,-10.4431496062992,0.631496062992126));
#14152=CARTESIAN_POINT('',(4.8748031496063,-10.5531496062992,0.665037082654627));
#14153=CARTESIAN_POINT('Origin',(4.8748031496063,-10.4431496062992,0.631496062992126));
#14154=CARTESIAN_POINT('',(4.8748031496063,-10.5531496062992,1.36299212598425));
#14155=CARTESIAN_POINT('',(4.8748031496063,-10.5531496062992,-4.1));
#14156=CARTESIAN_POINT('',(4.8748031496063,-10.2490528306861,1.36299212598425));
#14157=CARTESIAN_POINT('',(4.8748031496063,-10.5531496062992,1.36299212598425));
#14158=CARTESIAN_POINT('',(4.8748031496063,-10.2155118110236,1.13799212598425));
#14159=CARTESIAN_POINT('Origin',(4.8748031496063,-10.2155118110236,1.25299212598425));
#14160=CARTESIAN_POINT('',(4.8748031496063,-10.1819707913611,1.36299212598425));
#14161=CARTESIAN_POINT('Origin',(4.8748031496063,-10.2155118110236,1.25299212598425));
#14162=CARTESIAN_POINT('',(4.8748031496063,-6.24905283068612,1.36299212598425));
#14163=CARTESIAN_POINT('',(4.8748031496063,-10.5531496062992,1.36299212598425));
#14164=CARTESIAN_POINT('',(4.8748031496063,-6.21551181102362,1.13799212598425));
#14165=CARTESIAN_POINT('Origin',(4.8748031496063,-6.21551181102362,1.25299212598425));
#14166=CARTESIAN_POINT('',(4.8748031496063,-6.18197079136112,1.36299212598425));
#14167=CARTESIAN_POINT('Origin',(4.8748031496063,-6.21551181102362,1.25299212598425));
#14168=CARTESIAN_POINT('',(4.8748031496063,-2.24905283068612,1.36299212598425));
#14169=CARTESIAN_POINT('',(4.8748031496063,-10.5531496062992,1.36299212598425));
#14170=CARTESIAN_POINT('',(4.8748031496063,-2.21551181102362,1.13799212598425));
#14171=CARTESIAN_POINT('Origin',(4.8748031496063,-2.21551181102362,1.25299212598425));
#14172=CARTESIAN_POINT('',(4.8748031496063,-2.18197079136112,1.36299212598425));
#14173=CARTESIAN_POINT('Origin',(4.8748031496063,-2.21551181102362,1.25299212598425));
#14174=CARTESIAN_POINT('',(4.8748031496063,-10.5531496062992,1.36299212598425));
#14175=CARTESIAN_POINT('',(4.8748031496063,-1.98787401574803,0.516496062992124));
#14176=CARTESIAN_POINT('Origin',(4.8748031496063,-1.98787401574803,0.631496062992124));
#14177=CARTESIAN_POINT('Origin',(4.8748031496063,-1.98787401574803,0.631496062992124));
#14178=CARTESIAN_POINT('',(4.8748031496063,-1.98787401574803,-1.48350393700788));
#14179=CARTESIAN_POINT('Origin',(4.8748031496063,-1.98787401574803,-1.36850393700788));
#14180=CARTESIAN_POINT('Origin',(4.8748031496063,-1.98787401574803,-1.36850393700788));
#14181=CARTESIAN_POINT('',(4.8748031496063,-1.98787401574803,-3.48350393700788));
#14182=CARTESIAN_POINT('Origin',(4.8748031496063,-1.98787401574803,-3.36850393700788));
#14183=CARTESIAN_POINT('Origin',(4.8748031496063,-1.98787401574803,-3.36850393700788));
#14184=CARTESIAN_POINT('',(4.8748031496063,-10.5531496062992,-4.1));
#14185=CARTESIAN_POINT('',(4.8748031496063,-1.87787401574803,-4.1));
#14186=CARTESIAN_POINT('',(4.8748031496063,-10.5531496062992,-3.40204495667037));
#14187=CARTESIAN_POINT('',(4.8748031496063,-10.5531496062992,-4.1));
#14188=CARTESIAN_POINT('',(4.8748031496063,-10.4431496062992,-3.48350393700787));
#14189=CARTESIAN_POINT('Origin',(4.8748031496063,-10.4431496062992,-3.36850393700787));
#14190=CARTESIAN_POINT('',(4.8748031496063,-10.5531496062992,-3.33496291734537));
#14191=CARTESIAN_POINT('Origin',(4.8748031496063,-10.4431496062992,-3.36850393700787));
#14192=CARTESIAN_POINT('',(4.8748031496063,-10.5531496062992,-1.40204495667037));
#14193=CARTESIAN_POINT('',(4.8748031496063,-10.5531496062992,-4.1));
#14194=CARTESIAN_POINT('',(4.8748031496063,-10.4431496062992,-1.48350393700787));
#14195=CARTESIAN_POINT('Origin',(4.8748031496063,-10.4431496062992,-1.36850393700787));
#14196=CARTESIAN_POINT('Origin',(4.8748031496063,-10.4431496062992,-1.36850393700787));
#14197=CARTESIAN_POINT('Origin',(4.9748031496063,-9.92833534100275,-3.48648063607188));
#14198=CARTESIAN_POINT('',(5.0198031496063,-9.92833534100275,-3.5));
#14199=CARTESIAN_POINT('Origin',(4.9748031496063,-9.92833534100275,-3.5));
#14200=CARTESIAN_POINT('',(4.9748031496063,-9.92833534100275,-3.47296127214376));
#14201=CARTESIAN_POINT('',(4.9973031496063,-9.92833534100275,-3.48648063607188));
#14202=CARTESIAN_POINT('Origin',(4.9748031496063,-9.92833534100275,-3.8));
#14203=CARTESIAN_POINT('',(5.0198031496063,-9.92833534100275,-4.1));
#14204=CARTESIAN_POINT('Origin',(4.9748031496063,-9.92833534100275,-4.1));
#14205=CARTESIAN_POINT('',(5.0198031496063,-9.92833534100275,-3.8));
#14206=CARTESIAN_POINT('Origin',(4.9748031496063,-8.37352107570629,-3.48648063607188));
#14207=CARTESIAN_POINT('',(5.0198031496063,-8.37352107570629,-3.5));
#14208=CARTESIAN_POINT('Origin',(4.9748031496063,-8.37352107570629,-3.5));
#14209=CARTESIAN_POINT('',(4.9748031496063,-8.37352107570629,-3.47296127214376));
#14210=CARTESIAN_POINT('',(4.9973031496063,-8.37352107570629,-3.48648063607188));
#14211=CARTESIAN_POINT('Origin',(4.9748031496063,-8.37352107570629,-3.8));
#14212=CARTESIAN_POINT('',(5.0198031496063,-8.37352107570629,-4.1));
#14213=CARTESIAN_POINT('Origin',(4.9748031496063,-8.37352107570629,-4.1));
#14214=CARTESIAN_POINT('',(5.0198031496063,-8.37352107570629,-3.8));
#14215=CARTESIAN_POINT('Origin',(4.9748031496063,-6.52852107570629,-3.48648063607188));
#14216=CARTESIAN_POINT('',(5.0198031496063,-6.52852107570629,-3.5));
#14217=CARTESIAN_POINT('Origin',(4.9748031496063,-6.52852107570629,-3.5));
#14218=CARTESIAN_POINT('',(4.9748031496063,-6.52852107570629,-3.47296127214376));
#14219=CARTESIAN_POINT('',(4.9973031496063,-6.52852107570629,-3.48648063607188));
#14220=CARTESIAN_POINT('Origin',(4.9748031496063,-6.52852107570629,-3.8));
#14221=CARTESIAN_POINT('',(5.0198031496063,-6.52852107570629,-4.1));
#14222=CARTESIAN_POINT('Origin',(4.9748031496063,-6.52852107570629,-4.1));
#14223=CARTESIAN_POINT('',(5.0198031496063,-6.52852107570629,-3.8));
#14224=CARTESIAN_POINT('Origin',(4.9748031496063,-4.67852107570628,-3.48648063607188));
#14225=CARTESIAN_POINT('',(5.0198031496063,-4.67852107570628,-3.5));
#14226=CARTESIAN_POINT('Origin',(4.9748031496063,-4.67852107570628,-3.5));
#14227=CARTESIAN_POINT('',(4.9748031496063,-4.67852107570628,-3.47296127214376));
#14228=CARTESIAN_POINT('',(4.9973031496063,-4.67852107570628,-3.48648063607188));
#14229=CARTESIAN_POINT('Origin',(4.9748031496063,-4.67852107570628,-3.8));
#14230=CARTESIAN_POINT('',(5.0198031496063,-4.67852107570628,-4.1));
#14231=CARTESIAN_POINT('Origin',(4.9748031496063,-4.67852107570628,-4.1));
#14232=CARTESIAN_POINT('',(5.0198031496063,-4.67852107570628,-3.8));
#14233=CARTESIAN_POINT('Origin',(4.9748031496063,-2.81352107570628,-3.48648063607188));
#14234=CARTESIAN_POINT('',(5.0198031496063,-2.81352107570628,-3.5));
#14235=CARTESIAN_POINT('Origin',(4.9748031496063,-2.81352107570628,-3.5));
#14236=CARTESIAN_POINT('',(4.9748031496063,-2.81352107570628,-3.47296127214376));
#14237=CARTESIAN_POINT('',(4.9973031496063,-2.81352107570628,-3.48648063607188));
#14238=CARTESIAN_POINT('Origin',(4.9748031496063,-2.81352107570628,-3.8));
#14239=CARTESIAN_POINT('',(5.0198031496063,-2.81352107570628,-4.1));
#14240=CARTESIAN_POINT('Origin',(4.9748031496063,-2.81352107570628,-4.1));
#14241=CARTESIAN_POINT('',(5.0198031496063,-2.81352107570628,-3.8));
#14242=CARTESIAN_POINT('Origin',(4.90356235978682,-1.98787401574803,0.631496062992124));
#14243=CARTESIAN_POINT('',(4.93232156996735,-1.98787401574803,0.566496062992125));
#14244=CARTESIAN_POINT('',(4.90356235978682,-1.98787401574803,0.541496062992124));
#14245=CARTESIAN_POINT('Origin',(4.93232156996735,-1.98787401574803,0.631496062992124));
#14246=CARTESIAN_POINT('Origin',(15.1312493928515,-1.98787401574803,0.631496062992124));
#14247=CARTESIAN_POINT('',(15.1312493928515,-1.98787401574803,0.566496062992124));
#14248=CARTESIAN_POINT('Origin',(4.90356235978682,-1.98787401574803,-3.36850393700788));
#14249=CARTESIAN_POINT('',(4.93232156996735,-1.98787401574803,-3.43350393700787));
#14250=CARTESIAN_POINT('',(4.90356235978682,-1.98787401574803,-3.45850393700788));
#14251=CARTESIAN_POINT('Origin',(4.93232156996735,-1.98787401574803,-3.36850393700788));
#14252=CARTESIAN_POINT('Origin',(15.1312493928515,-1.98787401574803,-3.36850393700788));
#14253=CARTESIAN_POINT('',(15.1312493928515,-1.98787401574803,-3.43350393700788));
#14254=CARTESIAN_POINT('Origin',(4.90356235978682,-1.98787401574803,-1.36850393700788));
#14255=CARTESIAN_POINT('',(4.93232156996735,-1.98787401574803,-1.43350393700787));
#14256=CARTESIAN_POINT('',(4.90356235978682,-1.98787401574803,-1.45850393700788));
#14257=CARTESIAN_POINT('Origin',(4.93232156996735,-1.98787401574803,-1.36850393700788));
#14258=CARTESIAN_POINT('Origin',(15.1312493928515,-1.98787401574803,-1.36850393700788));
#14259=CARTESIAN_POINT('',(15.1312493928515,-1.98787401574803,-1.43350393700788));
#14260=CARTESIAN_POINT('Origin',(4.90356235978682,-2.21551181102362,1.25299212598425));
#14261=CARTESIAN_POINT('Ctrl Pts',(4.8748031496063,-2.18197079136112,1.36299212598425));
#14262=CARTESIAN_POINT('Ctrl Pts',(4.88605675358999,-2.21551181102362,1.36299212598425));
#14263=CARTESIAN_POINT('Ctrl Pts',(4.8748031496063,-2.24905283068612,1.36299212598425));
#14264=CARTESIAN_POINT('',(4.93232156996735,-2.21551181102362,1.18799212598425));
#14265=CARTESIAN_POINT('',(4.90356235978682,-2.21551181102362,1.16299212598425));
#14266=CARTESIAN_POINT('Origin',(4.93232156996735,-2.21551181102362,1.25299212598425));
#14267=CARTESIAN_POINT('Origin',(15.1312493928515,-2.21551181102362,1.25299212598425));
#14268=CARTESIAN_POINT('',(15.1312493928515,-2.21551181102362,1.18799212598425));
#14269=CARTESIAN_POINT('Origin',(4.90356235978682,-10.2155118110236,1.25299212598425));
#14270=CARTESIAN_POINT('Ctrl Pts',(4.8748031496063,-10.1819707913611,1.36299212598425));
#14271=CARTESIAN_POINT('Ctrl Pts',(4.88605675358998,-10.2155118110236,1.36299212598425));
#14272=CARTESIAN_POINT('Ctrl Pts',(4.8748031496063,-10.2490528306861,1.36299212598425));
#14273=CARTESIAN_POINT('',(4.93232156996735,-10.2155118110236,1.18799212598425));
#14274=CARTESIAN_POINT('',(4.90356235978682,-10.2155118110236,1.16299212598425));
#14275=CARTESIAN_POINT('Origin',(4.93232156996735,-10.2155118110236,1.25299212598425));
#14276=CARTESIAN_POINT('Origin',(15.1312493928515,-10.2155118110236,1.25299212598425));
#14277=CARTESIAN_POINT('',(15.1312493928515,-10.2155118110236,1.18799212598425));
#14278=CARTESIAN_POINT('Origin',(5.0748031496063,-10.5531496062992,1.36299212598425));
#14279=CARTESIAN_POINT('Ctrl Pts',(4.8748031496063,-6.18197079136112,1.36299212598425));
#14280=CARTESIAN_POINT('Ctrl Pts',(4.88605675358998,-6.21551181102362,1.36299212598425));
#14281=CARTESIAN_POINT('Ctrl Pts',(4.8748031496063,-6.24905283068612,1.36299212598425));
#14282=CARTESIAN_POINT('',(5.0748031496063,-10.5531496062992,1.36299212598425));
#14283=CARTESIAN_POINT('Origin',(4.90356235978682,-10.4431496062992,0.631496062992126));
#14284=CARTESIAN_POINT('Ctrl Pts',(4.8748031496063,-10.5531496062992,0.665037082654621));
#14285=CARTESIAN_POINT('Ctrl Pts',(4.88605675358998,-10.5531496062992,0.631496062992126));
#14286=CARTESIAN_POINT('Ctrl Pts',(4.8748031496063,-10.5531496062992,0.597955043329632));
#14287=CARTESIAN_POINT('',(4.93232156996735,-10.4431496062992,0.566496062992128));
#14288=CARTESIAN_POINT('',(4.90356235978682,-10.4431496062992,0.541496062992126));
#14289=CARTESIAN_POINT('Origin',(4.93232156996735,-10.4431496062992,0.631496062992126));
#14290=CARTESIAN_POINT('Origin',(15.1312493928515,-10.4431496062992,0.631496062992126));
#14291=CARTESIAN_POINT('',(15.1312493928515,-10.4431496062992,0.566496062992126));
#14292=CARTESIAN_POINT('Origin',(4.90356235978682,-10.4431496062992,-3.36850393700787));
#14293=CARTESIAN_POINT('Ctrl Pts',(4.8748031496063,-10.5531496062992,-3.33496291734537));
#14294=CARTESIAN_POINT('Ctrl Pts',(4.88605675358998,-10.5531496062992,-3.36850393700787));
#14295=CARTESIAN_POINT('Ctrl Pts',(4.8748031496063,-10.5531496062992,-3.40204495667037));
#14296=CARTESIAN_POINT('',(4.93232156996735,-10.4431496062992,-3.43350393700787));
#14297=CARTESIAN_POINT('',(4.90356235978682,-10.4431496062992,-3.45850393700787));
#14298=CARTESIAN_POINT('Origin',(4.93232156996735,-10.4431496062992,-3.36850393700787));
#14299=CARTESIAN_POINT('Origin',(15.1312493928515,-10.4431496062992,-3.36850393700787));
#14300=CARTESIAN_POINT('',(15.1312493928515,-10.4431496062992,-3.43350393700787));
#14301=CARTESIAN_POINT('Origin',(4.90356235978682,-10.4431496062992,-1.36850393700787));
#14302=CARTESIAN_POINT('Ctrl Pts',(4.8748031496063,-10.5531496062992,-1.33496291734538));
#14303=CARTESIAN_POINT('Ctrl Pts',(4.88605675358998,-10.5531496062992,-1.36850393700787));
#14304=CARTESIAN_POINT('Ctrl Pts',(4.8748031496063,-10.5531496062992,-1.40204495667037));
#14305=CARTESIAN_POINT('',(4.93232156996735,-10.4431496062992,-1.43350393700787));
#14306=CARTESIAN_POINT('',(4.90356235978682,-10.4431496062992,-1.45850393700787));
#14307=CARTESIAN_POINT('Origin',(4.93232156996735,-10.4431496062992,-1.36850393700787));
#14308=CARTESIAN_POINT('Origin',(15.1312493928515,-10.4431496062992,-1.36850393700787));
#14309=CARTESIAN_POINT('',(15.1312493928515,-10.4431496062992,-1.43350393700787));
#14310=CARTESIAN_POINT('Origin',(5.0748031496063,-10.5531496062992,-4.1));
#14311=CARTESIAN_POINT('',(5.0748031496063,-10.5531496062992,-4.1));
#14312=CARTESIAN_POINT('Origin',(4.90356235978682,-6.21551181102362,1.25299212598425));
#14313=CARTESIAN_POINT('',(4.93232156996735,-6.21551181102362,1.18799212598425));
#14314=CARTESIAN_POINT('',(4.90356235978682,-6.21551181102362,1.16299212598425));
#14315=CARTESIAN_POINT('Origin',(4.93232156996735,-6.21551181102362,1.25299212598425));
#14316=CARTESIAN_POINT('Origin',(15.1312493928515,-6.21551181102362,1.25299212598425));
#14317=CARTESIAN_POINT('',(15.1312493928515,-6.21551181102362,1.18799212598425));
#14318=CARTESIAN_POINT('Origin',(5.0748031496063,-3.5359842519685,-0.939999999999998));
#14319=CARTESIAN_POINT('',(5.1748031496063,-3.5759842519685,-0.939999999999998));
#14320=CARTESIAN_POINT('',(5.1748031496063,-3.5359842519685,-0.899999999999998));
#14321=CARTESIAN_POINT('Origin',(5.1748031496063,-3.5359842519685,-0.939999999999998));
#14322=CARTESIAN_POINT('',(5.0748031496063,-3.5359842519685,-0.899999999999998));
#14323=CARTESIAN_POINT('',(5.0748031496063,-3.5759842519685,-0.939999999999998));
#14324=CARTESIAN_POINT('Origin',(5.0748031496063,-3.4759842519685,-0.899999999999998));
#14325=CARTESIAN_POINT('',(5.1748031496063,-3.4759842519685,-0.899999999999998));
#14326=CARTESIAN_POINT('',(5.1748031496063,-3.5759842519685,-0.899999999999998));
#14327=CARTESIAN_POINT('',(5.1248031496063,-3.4259842519685,-0.899999999999998));
#14328=CARTESIAN_POINT('Origin',(5.1748031496063,-3.5259842519685,-2.5));
#14329=CARTESIAN_POINT('',(5.1748031496063,-3.5759842519685,-3.89650045345896));
#14330=CARTESIAN_POINT('',(5.1748031496063,-3.5759842519685,-3.9));
#14331=CARTESIAN_POINT('',(5.1748031496063,-3.57537656208899,-3.90344638056564));
#14332=CARTESIAN_POINT('Origin',(5.1748031496063,-3.5359842519685,-3.89650045345896));
#14333=CARTESIAN_POINT('',(5.1748031496063,-3.54654718070021,-4.06694592710668));
#14334=CARTESIAN_POINT('',(5.1748031496063,-3.54071885582681,-4.1));
#14335=CARTESIAN_POINT('',(5.1748031496063,-3.50715487057972,-4.1));
#14336=CARTESIAN_POINT('Origin',(5.1748031496063,-3.50715487057972,-4.06));
#14337=CARTESIAN_POINT('',(5.1748031496063,-3.47598425196851,-4.1));
#14338=CARTESIAN_POINT('',(5.1748031496063,3.67212598425197,-4.1));
#14339=CARTESIAN_POINT('',(5.1748031496063,-3.4759842519685,-0.899999999999998));
#14340=CARTESIAN_POINT('Origin',(5.0748031496063,-3.68291338582677,-0.939999999999998));
#14341=CARTESIAN_POINT('',(5.1748031496063,-3.68291338582677,-0.899999999999998));
#14342=CARTESIAN_POINT('',(5.1748031496063,-3.64291338582677,-0.939999999999998));
#14343=CARTESIAN_POINT('Origin',(5.1748031496063,-3.68291338582677,-0.939999999999998));
#14344=CARTESIAN_POINT('',(5.0748031496063,-3.64291338582677,-0.939999999999998));
#14345=CARTESIAN_POINT('',(5.0748031496063,-3.68291338582677,-0.899999999999998));
#14346=CARTESIAN_POINT('Origin',(5.0748031496063,-3.64291338582677,-3.9));
#14347=CARTESIAN_POINT('',(5.1748031496063,-3.64291338582677,-3.89650045345896));
#14348=CARTESIAN_POINT('',(5.1748031496063,-3.64291338582677,-0.899999999999998));
#14349=CARTESIAN_POINT('',(5.0748031496063,-3.64291338582677,-3.89650045345896));
#14350=CARTESIAN_POINT('Origin',(5.1748031496063,-3.69291338582677,-2.5));
#14351=CARTESIAN_POINT('',(5.1748031496063,-3.74291338582677,-0.899999999999998));
#14352=CARTESIAN_POINT('',(5.1748031496063,-3.74291338582677,-0.899999999999998));
#14353=CARTESIAN_POINT('',(5.1748031496063,-3.74291338582677,-4.1));
#14354=CARTESIAN_POINT('',(5.1748031496063,-3.74291338582677,-4.1));
#14355=CARTESIAN_POINT('',(5.1748031496063,-3.71174276721556,-4.1));
#14356=CARTESIAN_POINT('',(5.1748031496063,3.67212598425197,-4.1));
#14357=CARTESIAN_POINT('',(5.1748031496063,-3.67235045709507,-4.06694592710668));
#14358=CARTESIAN_POINT('Origin',(5.1748031496063,-3.71174276721556,-4.06));
#14359=CARTESIAN_POINT('',(5.1748031496063,-3.64352107570628,-3.90344638056564));
#14360=CARTESIAN_POINT('',(5.1748031496063,-3.64291338582677,-3.9));
#14361=CARTESIAN_POINT('Origin',(5.1748031496063,-3.68291338582677,-3.89650045345896));
#14362=CARTESIAN_POINT('Origin',(5.0748031496063,-3.50715487057972,-4.06));
#14363=CARTESIAN_POINT('',(5.0748031496063,-3.54654718070021,-4.06694592710668));
#14364=CARTESIAN_POINT('',(5.0748031496063,-3.50715487057972,-4.1));
#14365=CARTESIAN_POINT('Origin',(5.0748031496063,-3.5759842519685,-3.9));
#14366=CARTESIAN_POINT('',(5.0748031496063,-3.57537656208899,-3.90344638056564));
#14367=CARTESIAN_POINT('Origin',(5.0748031496063,-3.5359842519685,-3.89650045345896));
#14368=CARTESIAN_POINT('',(5.0748031496063,-3.5759842519685,-3.89650045345896));
#14369=CARTESIAN_POINT('Origin',(5.0748031496063,-3.68291338582677,-3.89650045345896));
#14370=CARTESIAN_POINT('',(5.0748031496063,-3.64352107570628,-3.90344638056564));
#14371=CARTESIAN_POINT('Origin',(5.0748031496063,-3.67817878196847,-4.1));
#14372=CARTESIAN_POINT('',(5.0748031496063,-3.67235045709507,-4.06694592710668));
#14373=CARTESIAN_POINT('Origin',(5.0748031496063,-3.71174276721556,-4.06));
#14374=CARTESIAN_POINT('',(5.0748031496063,-3.71174276721556,-4.1));
#14375=CARTESIAN_POINT('Origin',(5.0748031496063,-5.3859842519685,-0.939999999999998));
#14376=CARTESIAN_POINT('',(5.1748031496063,-5.4259842519685,-0.939999999999998));
#14377=CARTESIAN_POINT('',(5.1748031496063,-5.3859842519685,-0.899999999999998));
#14378=CARTESIAN_POINT('Origin',(5.1748031496063,-5.3859842519685,-0.939999999999998));
#14379=CARTESIAN_POINT('',(5.0748031496063,-5.3859842519685,-0.899999999999998));
#14380=CARTESIAN_POINT('',(5.0748031496063,-5.4259842519685,-0.939999999999998));
#14381=CARTESIAN_POINT('Origin',(5.0748031496063,-5.3259842519685,-0.899999999999998));
#14382=CARTESIAN_POINT('',(5.1748031496063,-5.3259842519685,-0.899999999999998));
#14383=CARTESIAN_POINT('',(5.1748031496063,-5.4259842519685,-0.899999999999998));
#14384=CARTESIAN_POINT('',(5.1248031496063,-5.2759842519685,-0.899999999999998));
#14385=CARTESIAN_POINT('Origin',(5.1748031496063,-5.3759842519685,-2.5));
#14386=CARTESIAN_POINT('',(5.1748031496063,-5.4259842519685,-3.89650045345896));
#14387=CARTESIAN_POINT('',(5.1748031496063,-5.4259842519685,-3.9));
#14388=CARTESIAN_POINT('',(5.1748031496063,-5.42537656208899,-3.90344638056564));
#14389=CARTESIAN_POINT('Origin',(5.1748031496063,-5.3859842519685,-3.89650045345896));
#14390=CARTESIAN_POINT('',(5.1748031496063,-5.39654718070021,-4.06694592710668));
#14391=CARTESIAN_POINT('',(5.1748031496063,-5.39071885582681,-4.1));
#14392=CARTESIAN_POINT('',(5.1748031496063,-5.35715487057972,-4.1));
#14393=CARTESIAN_POINT('Origin',(5.1748031496063,-5.35715487057972,-4.06));
#14394=CARTESIAN_POINT('',(5.1748031496063,-5.3259842519685,-4.1));
#14395=CARTESIAN_POINT('',(5.1748031496063,1.82212598425197,-4.1));
#14396=CARTESIAN_POINT('',(5.1748031496063,-5.3259842519685,-0.899999999999998));
#14397=CARTESIAN_POINT('Origin',(5.0748031496063,-5.53291338582677,-0.939999999999998));
#14398=CARTESIAN_POINT('',(5.1748031496063,-5.53291338582677,-0.899999999999998));
#14399=CARTESIAN_POINT('',(5.1748031496063,-5.49291338582677,-0.939999999999998));
#14400=CARTESIAN_POINT('Origin',(5.1748031496063,-5.53291338582677,-0.939999999999998));
#14401=CARTESIAN_POINT('',(5.0748031496063,-5.49291338582677,-0.939999999999998));
#14402=CARTESIAN_POINT('',(5.0748031496063,-5.53291338582677,-0.899999999999998));
#14403=CARTESIAN_POINT('Origin',(5.0748031496063,-5.49291338582677,-3.9));
#14404=CARTESIAN_POINT('',(5.1748031496063,-5.49291338582677,-3.89650045345896));
#14405=CARTESIAN_POINT('',(5.1748031496063,-5.49291338582677,-0.899999999999998));
#14406=CARTESIAN_POINT('',(5.0748031496063,-5.49291338582677,-3.89650045345896));
#14407=CARTESIAN_POINT('Origin',(5.1748031496063,-5.54291338582677,-2.5));
#14408=CARTESIAN_POINT('',(5.1748031496063,-5.59291338582677,-0.899999999999998));
#14409=CARTESIAN_POINT('',(5.1748031496063,-5.59291338582677,-0.899999999999998));
#14410=CARTESIAN_POINT('',(5.1748031496063,-5.59291338582677,-4.1));
#14411=CARTESIAN_POINT('',(5.1748031496063,-5.59291338582677,-4.1));
#14412=CARTESIAN_POINT('',(5.1748031496063,-5.56174276721556,-4.1));
#14413=CARTESIAN_POINT('',(5.1748031496063,1.82212598425197,-4.1));
#14414=CARTESIAN_POINT('',(5.1748031496063,-5.52235045709507,-4.06694592710668));
#14415=CARTESIAN_POINT('Origin',(5.1748031496063,-5.56174276721556,-4.06));
#14416=CARTESIAN_POINT('',(5.1748031496063,-5.49352107570628,-3.90344638056564));
#14417=CARTESIAN_POINT('',(5.1748031496063,-5.49291338582677,-3.9));
#14418=CARTESIAN_POINT('Origin',(5.1748031496063,-5.53291338582677,-3.89650045345896));
#14419=CARTESIAN_POINT('Origin',(5.0748031496063,-5.35715487057972,-4.06));
#14420=CARTESIAN_POINT('',(5.0748031496063,-5.39654718070021,-4.06694592710668));
#14421=CARTESIAN_POINT('',(5.0748031496063,-5.35715487057972,-4.1));
#14422=CARTESIAN_POINT('Origin',(5.0748031496063,-5.4259842519685,-3.9));
#14423=CARTESIAN_POINT('',(5.0748031496063,-5.42537656208899,-3.90344638056564));
#14424=CARTESIAN_POINT('Origin',(5.0748031496063,-5.3859842519685,-3.89650045345896));
#14425=CARTESIAN_POINT('',(5.0748031496063,-5.4259842519685,-3.89650045345896));
#14426=CARTESIAN_POINT('Origin',(5.0748031496063,-5.53291338582677,-3.89650045345896));
#14427=CARTESIAN_POINT('',(5.0748031496063,-5.49352107570628,-3.90344638056564));
#14428=CARTESIAN_POINT('Origin',(5.0748031496063,-5.52817878196847,-4.1));
#14429=CARTESIAN_POINT('',(5.0748031496063,-5.52235045709507,-4.06694592710668));
#14430=CARTESIAN_POINT('Origin',(5.0748031496063,-5.56174276721556,-4.06));
#14431=CARTESIAN_POINT('',(5.0748031496063,-5.56174276721556,-4.1));
#14432=CARTESIAN_POINT('Origin',(5.0748031496063,-7.2359842519685,-0.939999999999998));
#14433=CARTESIAN_POINT('',(5.1748031496063,-7.2759842519685,-0.939999999999998));
#14434=CARTESIAN_POINT('',(5.1748031496063,-7.2359842519685,-0.899999999999998));
#14435=CARTESIAN_POINT('Origin',(5.1748031496063,-7.2359842519685,-0.939999999999998));
#14436=CARTESIAN_POINT('',(5.0748031496063,-7.2359842519685,-0.899999999999998));
#14437=CARTESIAN_POINT('',(5.0748031496063,-7.2759842519685,-0.939999999999998));
#14438=CARTESIAN_POINT('Origin',(5.0748031496063,-7.1759842519685,-0.899999999999998));
#14439=CARTESIAN_POINT('',(5.1748031496063,-7.1759842519685,-0.899999999999998));
#14440=CARTESIAN_POINT('',(5.1748031496063,-7.2759842519685,-0.899999999999998));
#14441=CARTESIAN_POINT('',(5.1248031496063,-7.1259842519685,-0.899999999999998));
#14442=CARTESIAN_POINT('Origin',(5.1748031496063,-7.2259842519685,-2.5));
#14443=CARTESIAN_POINT('',(5.1748031496063,-7.2759842519685,-3.89650045345896));
#14444=CARTESIAN_POINT('',(5.1748031496063,-7.2759842519685,-3.9));
#14445=CARTESIAN_POINT('',(5.1748031496063,-7.27537656208899,-3.90344638056564));
#14446=CARTESIAN_POINT('Origin',(5.1748031496063,-7.2359842519685,-3.89650045345896));
#14447=CARTESIAN_POINT('',(5.1748031496063,-7.24654718070021,-4.06694592710668));
#14448=CARTESIAN_POINT('',(5.1748031496063,-7.24071885582681,-4.1));
#14449=CARTESIAN_POINT('',(5.1748031496063,-7.20715487057972,-4.1));
#14450=CARTESIAN_POINT('Origin',(5.1748031496063,-7.20715487057972,-4.06));
#14451=CARTESIAN_POINT('',(5.1748031496063,-7.1759842519685,-4.1));
#14452=CARTESIAN_POINT('',(5.1748031496063,-0.0278740157480326,-4.1));
#14453=CARTESIAN_POINT('',(5.1748031496063,-7.1759842519685,-0.899999999999998));
#14454=CARTESIAN_POINT('Origin',(5.0748031496063,-7.38291338582677,-0.939999999999998));
#14455=CARTESIAN_POINT('',(5.1748031496063,-7.38291338582677,-0.899999999999998));
#14456=CARTESIAN_POINT('',(5.1748031496063,-7.34291338582677,-0.939999999999998));
#14457=CARTESIAN_POINT('Origin',(5.1748031496063,-7.38291338582677,-0.939999999999998));
#14458=CARTESIAN_POINT('',(5.0748031496063,-7.34291338582677,-0.939999999999998));
#14459=CARTESIAN_POINT('',(5.0748031496063,-7.38291338582677,-0.899999999999998));
#14460=CARTESIAN_POINT('Origin',(5.0748031496063,-7.34291338582677,-3.9));
#14461=CARTESIAN_POINT('',(5.1748031496063,-7.34291338582677,-3.89650045345896));
#14462=CARTESIAN_POINT('',(5.1748031496063,-7.34291338582677,-0.899999999999998));
#14463=CARTESIAN_POINT('',(5.0748031496063,-7.34291338582677,-3.89650045345896));
#14464=CARTESIAN_POINT('Origin',(5.1748031496063,-7.39291338582677,-2.5));
#14465=CARTESIAN_POINT('',(5.1748031496063,-7.44291338582677,-0.899999999999998));
#14466=CARTESIAN_POINT('',(5.1748031496063,-7.44291338582677,-0.899999999999998));
#14467=CARTESIAN_POINT('',(5.1748031496063,-7.44291338582677,-4.1));
#14468=CARTESIAN_POINT('',(5.1748031496063,-7.44291338582677,-4.1));
#14469=CARTESIAN_POINT('',(5.1748031496063,-7.41174276721556,-4.1));
#14470=CARTESIAN_POINT('',(5.1748031496063,-0.0278740157480326,-4.1));
#14471=CARTESIAN_POINT('',(5.1748031496063,-7.37235045709507,-4.06694592710668));
#14472=CARTESIAN_POINT('Origin',(5.1748031496063,-7.41174276721556,-4.06));
#14473=CARTESIAN_POINT('',(5.1748031496063,-7.34352107570628,-3.90344638056564));
#14474=CARTESIAN_POINT('',(5.1748031496063,-7.34291338582677,-3.9));
#14475=CARTESIAN_POINT('Origin',(5.1748031496063,-7.38291338582677,-3.89650045345896));
#14476=CARTESIAN_POINT('Origin',(5.0748031496063,-7.20715487057972,-4.06));
#14477=CARTESIAN_POINT('',(5.0748031496063,-7.24654718070021,-4.06694592710668));
#14478=CARTESIAN_POINT('',(5.0748031496063,-7.20715487057972,-4.1));
#14479=CARTESIAN_POINT('Origin',(5.0748031496063,-7.2759842519685,-3.9));
#14480=CARTESIAN_POINT('',(5.0748031496063,-7.27537656208899,-3.90344638056564));
#14481=CARTESIAN_POINT('Origin',(5.0748031496063,-7.2359842519685,-3.89650045345896));
#14482=CARTESIAN_POINT('',(5.0748031496063,-7.2759842519685,-3.89650045345896));
#14483=CARTESIAN_POINT('Origin',(5.0748031496063,-7.38291338582677,-3.89650045345896));
#14484=CARTESIAN_POINT('',(5.0748031496063,-7.34352107570628,-3.90344638056564));
#14485=CARTESIAN_POINT('Origin',(5.0748031496063,-7.37817878196847,-4.1));
#14486=CARTESIAN_POINT('',(5.0748031496063,-7.37235045709507,-4.06694592710668));
#14487=CARTESIAN_POINT('Origin',(5.0748031496063,-7.41174276721556,-4.06));
#14488=CARTESIAN_POINT('',(5.0748031496063,-7.41174276721556,-4.1));
#14489=CARTESIAN_POINT('Origin',(5.1248031496063,-3.79291338582677,-1.13425196850394));
#14490=CARTESIAN_POINT('',(5.1498031496063,-3.76791338582677,-0.899999999999998));
#14491=CARTESIAN_POINT('',(5.59106299212598,-3.32665354330708,-4.1));
#14492=CARTESIAN_POINT('Origin',(5.1248031496063,-3.4259842519685,-2.73425196850394));
#14493=CARTESIAN_POINT('',(4.72527559055118,-3.02645669291338,-4.1));
#14494=CARTESIAN_POINT('Origin',(5.1248031496063,-5.64291338582677,-1.13425196850394));
#14495=CARTESIAN_POINT('',(5.1498031496063,-5.61791338582677,-0.899999999999998));
#14496=CARTESIAN_POINT('',(6.05356299212598,-4.71415354330708,-4.1));
#14497=CARTESIAN_POINT('Origin',(5.1248031496063,-5.2759842519685,-2.73425196850394));
#14498=CARTESIAN_POINT('',(4.26277559055118,-4.41395669291339,-4.1));
#14499=CARTESIAN_POINT('Origin',(5.1248031496063,-7.49291338582677,-1.13425196850394));
#14500=CARTESIAN_POINT('',(5.1498031496063,-7.46791338582677,-0.899999999999998));
#14501=CARTESIAN_POINT('',(6.51606299212598,-6.10165354330707,-4.1));
#14502=CARTESIAN_POINT('Origin',(5.1248031496063,-7.1259842519685,-2.73425196850394));
#14503=CARTESIAN_POINT('',(3.80027559055118,-5.80145669291339,-4.1));
#14504=CARTESIAN_POINT('Origin',(5.0748031496063,-3.5759842519685,-0.899999999999998));
#14505=CARTESIAN_POINT('Origin',(5.0748031496063,-3.64291338582677,-0.899999999999998));
#14506=CARTESIAN_POINT('Origin',(5.0748031496063,-5.4259842519685,-0.899999999999998));
#14507=CARTESIAN_POINT('Origin',(5.0748031496063,-5.49291338582677,-0.899999999999998));
#14508=CARTESIAN_POINT('Origin',(5.0748031496063,-7.2759842519685,-0.899999999999998));
#14509=CARTESIAN_POINT('Origin',(5.0748031496063,-7.34291338582677,-0.899999999999998));
#14510=CARTESIAN_POINT('Origin',(5.0748031496063,-9.0859842519685,-0.939999999999998));
#14511=CARTESIAN_POINT('',(5.1748031496063,-9.1259842519685,-0.939999999999998));
#14512=CARTESIAN_POINT('',(5.1748031496063,-9.0859842519685,-0.899999999999998));
#14513=CARTESIAN_POINT('Origin',(5.1748031496063,-9.0859842519685,-0.939999999999998));
#14514=CARTESIAN_POINT('',(5.0748031496063,-9.0859842519685,-0.899999999999998));
#14515=CARTESIAN_POINT('',(5.0748031496063,-9.1259842519685,-0.939999999999998));
#14516=CARTESIAN_POINT('Origin',(5.0748031496063,-9.0259842519685,-0.899999999999998));
#14517=CARTESIAN_POINT('',(5.1748031496063,-9.0259842519685,-0.899999999999998));
#14518=CARTESIAN_POINT('',(5.1748031496063,-9.1259842519685,-0.899999999999998));
#14519=CARTESIAN_POINT('',(5.1248031496063,-8.9759842519685,-0.899999999999998));
#14520=CARTESIAN_POINT('Origin',(5.1748031496063,-9.0759842519685,-2.5));
#14521=CARTESIAN_POINT('',(5.1748031496063,-9.1259842519685,-3.89650045345896));
#14522=CARTESIAN_POINT('',(5.1748031496063,-9.1259842519685,-3.9));
#14523=CARTESIAN_POINT('',(5.1748031496063,-9.12537656208899,-3.90344638056564));
#14524=CARTESIAN_POINT('Origin',(5.1748031496063,-9.0859842519685,-3.89650045345896));
#14525=CARTESIAN_POINT('',(5.1748031496063,-9.09654718070021,-4.06694592710668));
#14526=CARTESIAN_POINT('',(5.1748031496063,-9.09071885582681,-4.1));
#14527=CARTESIAN_POINT('',(5.1748031496063,-9.05715487057972,-4.1));
#14528=CARTESIAN_POINT('Origin',(5.1748031496063,-9.05715487057972,-4.06));
#14529=CARTESIAN_POINT('',(5.1748031496063,-9.02598425196851,-4.1));
#14530=CARTESIAN_POINT('',(5.1748031496063,-1.87787401574803,-4.1));
#14531=CARTESIAN_POINT('',(5.1748031496063,-9.0259842519685,-0.899999999999998));
#14532=CARTESIAN_POINT('Origin',(5.0748031496063,-9.23291338582677,-0.939999999999998));
#14533=CARTESIAN_POINT('',(5.1748031496063,-9.23291338582677,-0.899999999999998));
#14534=CARTESIAN_POINT('',(5.1748031496063,-9.19291338582677,-0.939999999999998));
#14535=CARTESIAN_POINT('Origin',(5.1748031496063,-9.23291338582677,-0.939999999999998));
#14536=CARTESIAN_POINT('',(5.0748031496063,-9.19291338582677,-0.939999999999998));
#14537=CARTESIAN_POINT('',(5.0748031496063,-9.23291338582677,-0.899999999999998));
#14538=CARTESIAN_POINT('Origin',(5.0748031496063,-9.19291338582677,-3.9));
#14539=CARTESIAN_POINT('',(5.1748031496063,-9.19291338582677,-3.89650045345896));
#14540=CARTESIAN_POINT('',(5.1748031496063,-9.19291338582677,-0.899999999999998));
#14541=CARTESIAN_POINT('',(5.0748031496063,-9.19291338582677,-3.89650045345896));
#14542=CARTESIAN_POINT('Origin',(5.1748031496063,-9.24291338582677,-2.5));
#14543=CARTESIAN_POINT('',(5.1748031496063,-9.29291338582677,-0.899999999999998));
#14544=CARTESIAN_POINT('',(5.1748031496063,-9.29291338582677,-0.899999999999998));
#14545=CARTESIAN_POINT('',(5.1748031496063,-9.29291338582677,-4.1));
#14546=CARTESIAN_POINT('',(5.1748031496063,-9.29291338582677,-4.1));
#14547=CARTESIAN_POINT('',(5.1748031496063,-9.26174276721556,-4.1));
#14548=CARTESIAN_POINT('',(5.1748031496063,-1.87787401574803,-4.1));
#14549=CARTESIAN_POINT('',(5.1748031496063,-9.22235045709507,-4.06694592710668));
#14550=CARTESIAN_POINT('Origin',(5.1748031496063,-9.26174276721556,-4.06));
#14551=CARTESIAN_POINT('',(5.1748031496063,-9.19352107570629,-3.90344638056564));
#14552=CARTESIAN_POINT('',(5.1748031496063,-9.19291338582677,-3.9));
#14553=CARTESIAN_POINT('Origin',(5.1748031496063,-9.23291338582677,-3.89650045345896));
#14554=CARTESIAN_POINT('Origin',(5.0748031496063,-9.05715487057972,-4.06));
#14555=CARTESIAN_POINT('',(5.0748031496063,-9.09654718070021,-4.06694592710668));
#14556=CARTESIAN_POINT('',(5.0748031496063,-9.05715487057972,-4.1));
#14557=CARTESIAN_POINT('Origin',(5.0748031496063,-9.1259842519685,-3.9));
#14558=CARTESIAN_POINT('',(5.0748031496063,-9.12537656208899,-3.90344638056564));
#14559=CARTESIAN_POINT('Origin',(5.0748031496063,-9.0859842519685,-3.89650045345896));
#14560=CARTESIAN_POINT('',(5.0748031496063,-9.1259842519685,-3.89650045345896));
#14561=CARTESIAN_POINT('Origin',(5.0748031496063,-9.23291338582677,-3.89650045345896));
#14562=CARTESIAN_POINT('',(5.0748031496063,-9.19352107570629,-3.90344638056564));
#14563=CARTESIAN_POINT('Origin',(5.0748031496063,-9.22817878196847,-4.1));
#14564=CARTESIAN_POINT('',(5.0748031496063,-9.22235045709507,-4.06694592710668));
#14565=CARTESIAN_POINT('Origin',(5.0748031496063,-9.26174276721556,-4.06));
#14566=CARTESIAN_POINT('',(5.0748031496063,-9.26174276721556,-4.1));
#14567=CARTESIAN_POINT('Origin',(5.1248031496063,-9.34291338582677,-1.13425196850393));
#14568=CARTESIAN_POINT('',(5.1498031496063,-9.31791338582677,-0.899999999999998));
#14569=CARTESIAN_POINT('',(6.97856299212598,-7.48915354330704,-4.1));
#14570=CARTESIAN_POINT('Origin',(5.1248031496063,-8.9759842519685,-2.73425196850394));
#14571=CARTESIAN_POINT('',(3.33777559055118,-7.18895669291336,-4.1));
#14572=CARTESIAN_POINT('Origin',(5.0748031496063,-9.1259842519685,-0.899999999999998));
#14573=CARTESIAN_POINT('Origin',(5.0748031496063,-9.19291338582677,-0.899999999999998));
#14574=CARTESIAN_POINT('Origin',(5.0748031496063,-1.87787401574803,-4.1));
#14575=CARTESIAN_POINT('Origin',(8.31062992125984,-6.24751968503937,0.412992125984252));
#14576=CARTESIAN_POINT('',(8.31062992125984,-2.95824610959388,0.262992125984252));
#14577=CARTESIAN_POINT('',(8.35208661417323,-2.91338582677165,0.268834772329695));
#14578=CARTESIAN_POINT('Ctrl Pts',(8.35208661417323,-2.91338582677165,0.268834772329694));
#14579=CARTESIAN_POINT('Ctrl Pts',(8.35208661417323,-2.91907267244298,0.268834772329694));
#14580=CARTESIAN_POINT('Ctrl Pts',(8.35094336097937,-2.92511649135572,0.268491267097252));
#14581=CARTESIAN_POINT('Ctrl Pts',(8.34633581631281,-2.93620080228631,0.267284334516461));
#14582=CARTESIAN_POINT('Ctrl Pts',(8.34287299798577,-2.9412442197111,0.266442246436893));
#14583=CARTESIAN_POINT('Ctrl Pts',(8.33490809069441,-2.94919877973372,0.264914530864758));
#14584=CARTESIAN_POINT('Ctrl Pts',(8.32986787617834,-2.95265348113204,0.264127030348361));
#14585=CARTESIAN_POINT('Ctrl Pts',(8.31993430232619,-2.95677470271327,0.263215887770367));
#14586=CARTESIAN_POINT('Ctrl Pts',(8.31522432242121,-2.95788321901072,0.262992125984252));
#14587=CARTESIAN_POINT('Ctrl Pts',(8.31062992125984,-2.95824610959388,0.262992125984252));
#14588=CARTESIAN_POINT('',(8.31062992125984,-3.06692913385827,0.262992125984252));
#14589=CARTESIAN_POINT('',(8.31062992125984,-6.24751968503937,0.262992125984252));
#14590=CARTESIAN_POINT('',(8.46062992125984,-3.21692913385827,0.412992125984252));
#14591=CARTESIAN_POINT('Origin',(8.31062992125984,-3.21692913385827,0.412992125984252));
#14592=CARTESIAN_POINT('',(8.46062992125984,-2.60984251968504,0.412992125984252));
#14593=CARTESIAN_POINT('',(8.46062992125984,-6.24751968503937,0.412992125984252));
#14594=CARTESIAN_POINT('',(8.31062992125984,-2.75984251968504,0.262992125984252));
#14595=CARTESIAN_POINT('Origin',(8.31062992125984,-2.60984251968504,0.412992125984252));
#14596=CARTESIAN_POINT('',(8.31062992125984,-2.86852554394943,0.262992125984252));
#14597=CARTESIAN_POINT('',(8.31062992125984,-6.24751968503937,0.262992125984252));
#14598=CARTESIAN_POINT('Ctrl Pts',(8.31062992125985,-2.86852554394943,0.262992125984252));
#14599=CARTESIAN_POINT('Ctrl Pts',(8.31522432242121,-2.86888843453258,0.262992125984252));
#14600=CARTESIAN_POINT('Ctrl Pts',(8.31993430232619,-2.86999695083004,0.263215887770367));
#14601=CARTESIAN_POINT('Ctrl Pts',(8.32986787617835,-2.87411817241127,0.264127030348362));
#14602=CARTESIAN_POINT('Ctrl Pts',(8.33490809069441,-2.87757287380959,0.264914530864758));
#14603=CARTESIAN_POINT('Ctrl Pts',(8.34287299798577,-2.88552743383221,0.266442246436893));
#14604=CARTESIAN_POINT('Ctrl Pts',(8.34633581631281,-2.890570851257,0.267284334516461));
#14605=CARTESIAN_POINT('Ctrl Pts',(8.35094336097937,-2.90165516218759,0.268491267097252));
#14606=CARTESIAN_POINT('Ctrl Pts',(8.35208661417323,-2.90769898110032,0.268834772329694));
#14607=CARTESIAN_POINT('Ctrl Pts',(8.35208661417323,-2.91338582677165,0.268834772329694));
#14608=CARTESIAN_POINT('Origin',(8.46062992125984,-6.21551181102362,-1.36850393700787));
#14609=CARTESIAN_POINT('',(8.46062992125984,-1.87787401574803,1.36299212598425));
#14610=CARTESIAN_POINT('',(8.46062992125984,-1.87787401574803,-4.1));
#14611=CARTESIAN_POINT('',(8.46062992125984,-1.87787401574803,1.36299212598425));
#14612=CARTESIAN_POINT('',(8.46062992125984,-3.37598425196851,-4.1));
#14613=CARTESIAN_POINT('',(8.46062992125984,-1.87787401574803,-4.1));
#14614=CARTESIAN_POINT('',(8.46062992125984,-3.3759842519685,-0.899999999999998));
#14615=CARTESIAN_POINT('',(8.46062992125984,-3.3759842519685,-2.73425196850394));
#14616=CARTESIAN_POINT('',(8.46062992125984,-3.5359842519685,-0.899999999999998));
#14617=CARTESIAN_POINT('',(8.46062992125984,-4.84574803149606,-0.899999999999998));
#14618=CARTESIAN_POINT('',(8.46062992125984,-3.5759842519685,-0.939999999999998));
#14619=CARTESIAN_POINT('Origin',(8.46062992125984,-3.5359842519685,-0.939999999999998));
#14620=CARTESIAN_POINT('',(8.46062992125984,-3.5759842519685,-3.89650045345896));
#14621=CARTESIAN_POINT('',(8.46062992125984,-3.5759842519685,-1.13425196850394));
#14622=CARTESIAN_POINT('',(8.46062992125984,-3.57537656208899,-3.90344638056564));
#14623=CARTESIAN_POINT('Origin',(8.46062992125984,-3.5359842519685,-3.89650045345896));
#14624=CARTESIAN_POINT('',(8.46062992125984,-3.54654718070021,-4.06694592710668));
#14625=CARTESIAN_POINT('',(8.46062992125984,-3.83223566090423,-2.44672604325138));
#14626=CARTESIAN_POINT('',(8.46062992125984,-3.50715487057972,-4.1));
#14627=CARTESIAN_POINT('Origin',(8.46062992125984,-3.50715487057972,-4.06));
#14628=CARTESIAN_POINT('',(8.46062992125984,-3.71174276721556,-4.1));
#14629=CARTESIAN_POINT('',(8.46062992125984,-1.87787401574803,-4.1));
#14630=CARTESIAN_POINT('',(8.46062992125984,-3.67235045709507,-4.06694592710668));
#14631=CARTESIAN_POINT('Origin',(8.46062992125984,-3.71174276721556,-4.06));
#14632=CARTESIAN_POINT('',(8.46062992125984,-3.64352107570628,-3.90344638056564));
#14633=CARTESIAN_POINT('',(8.46062992125984,-3.48287708952287,-2.9923890622927));
#14634=CARTESIAN_POINT('',(8.46062992125984,-3.64291338582677,-3.89650045345896));
#14635=CARTESIAN_POINT('Origin',(8.46062992125984,-3.68291338582677,-3.89650045345896));
#14636=CARTESIAN_POINT('',(8.46062992125984,-3.64291338582677,-0.939999999999998));
#14637=CARTESIAN_POINT('',(8.46062992125984,-3.64291338582677,-2.63425196850394));
#14638=CARTESIAN_POINT('',(8.46062992125984,-3.68291338582677,-0.899999999999998));
#14639=CARTESIAN_POINT('Origin',(8.46062992125984,-3.68291338582677,-0.939999999999998));
#14640=CARTESIAN_POINT('',(8.46062992125984,-3.84291338582677,-0.899999999999998));
#14641=CARTESIAN_POINT('',(8.46062992125984,-4.9292125984252,-0.899999999999996));
#14642=CARTESIAN_POINT('',(8.46062992125984,-3.84291338582677,-4.1));
#14643=CARTESIAN_POINT('',(8.46062992125984,-3.84291338582677,-1.13425196850394));
#14644=CARTESIAN_POINT('',(8.46062992125984,-5.22598425196851,-4.1));
#14645=CARTESIAN_POINT('',(8.46062992125984,-1.87787401574803,-4.1));
#14646=CARTESIAN_POINT('',(8.46062992125984,-5.2259842519685,-0.899999999999998));
#14647=CARTESIAN_POINT('',(8.46062992125984,-5.2259842519685,-2.73425196850394));
#14648=CARTESIAN_POINT('',(8.46062992125984,-5.3859842519685,-0.899999999999998));
#14649=CARTESIAN_POINT('',(8.46062992125984,-5.77074803149606,-0.899999999999998));
#14650=CARTESIAN_POINT('',(8.46062992125984,-5.4259842519685,-0.939999999999998));
#14651=CARTESIAN_POINT('Origin',(8.46062992125984,-5.3859842519685,-0.939999999999998));
#14652=CARTESIAN_POINT('',(8.46062992125984,-5.4259842519685,-3.89650045345896));
#14653=CARTESIAN_POINT('',(8.46062992125984,-5.4259842519685,-1.13425196850394));
#14654=CARTESIAN_POINT('',(8.46062992125984,-5.42537656208899,-3.90344638056564));
#14655=CARTESIAN_POINT('Origin',(8.46062992125984,-5.3859842519685,-3.89650045345896));
#14656=CARTESIAN_POINT('',(8.46062992125984,-5.39654718070021,-4.06694592710668));
#14657=CARTESIAN_POINT('',(8.46062992125984,-5.65434349801771,-2.6049103595395));
#14658=CARTESIAN_POINT('',(8.46062992125984,-5.35715487057972,-4.1));
#14659=CARTESIAN_POINT('Origin',(8.46062992125984,-5.35715487057972,-4.06));
#14660=CARTESIAN_POINT('',(8.46062992125984,-5.56174276721556,-4.1));
#14661=CARTESIAN_POINT('',(8.46062992125984,-1.87787401574803,-4.1));
#14662=CARTESIAN_POINT('',(8.46062992125984,-5.52235045709507,-4.06694592710668));
#14663=CARTESIAN_POINT('Origin',(8.46062992125984,-5.56174276721556,-4.06));
#14664=CARTESIAN_POINT('',(8.46062992125984,-5.49352107570628,-3.90344638056564));
#14665=CARTESIAN_POINT('',(8.46062992125984,-5.30498492663635,-2.83420474600458));
#14666=CARTESIAN_POINT('',(8.46062992125984,-5.49291338582677,-3.89650045345896));
#14667=CARTESIAN_POINT('Origin',(8.46062992125984,-5.53291338582677,-3.89650045345896));
#14668=CARTESIAN_POINT('',(8.46062992125984,-5.49291338582677,-0.939999999999998));
#14669=CARTESIAN_POINT('',(8.46062992125984,-5.49291338582677,-2.63425196850394));
#14670=CARTESIAN_POINT('',(8.46062992125984,-5.53291338582677,-0.899999999999998));
#14671=CARTESIAN_POINT('Origin',(8.46062992125984,-5.53291338582677,-0.939999999999998));
#14672=CARTESIAN_POINT('',(8.46062992125984,-5.69291338582677,-0.899999999999998));
#14673=CARTESIAN_POINT('',(8.46062992125984,-5.8542125984252,-0.899999999999998));
#14674=CARTESIAN_POINT('',(8.46062992125984,-5.69291338582677,-4.1));
#14675=CARTESIAN_POINT('',(8.46062992125984,-5.69291338582677,-1.13425196850394));
#14676=CARTESIAN_POINT('',(8.46062992125984,-7.07598425196851,-4.1));
#14677=CARTESIAN_POINT('',(8.46062992125984,-1.87787401574803,-4.1));
#14678=CARTESIAN_POINT('',(8.46062992125984,-7.0759842519685,-0.899999999999998));
#14679=CARTESIAN_POINT('',(8.46062992125984,-7.0759842519685,-2.73425196850394));
#14680=CARTESIAN_POINT('',(8.46062992125984,-7.2359842519685,-0.899999999999998));
#14681=CARTESIAN_POINT('',(8.46062992125984,-6.69574803149606,-0.899999999999998));
#14682=CARTESIAN_POINT('',(8.46062992125984,-7.2759842519685,-0.939999999999998));
#14683=CARTESIAN_POINT('Origin',(8.46062992125984,-7.2359842519685,-0.939999999999998));
#14684=CARTESIAN_POINT('',(8.46062992125984,-7.2759842519685,-3.89650045345896));
#14685=CARTESIAN_POINT('',(8.46062992125984,-7.2759842519685,-1.13425196850394));
#14686=CARTESIAN_POINT('',(8.46062992125984,-7.27537656208899,-3.90344638056564));
#14687=CARTESIAN_POINT('Origin',(8.46062992125984,-7.2359842519685,-3.89650045345896));
#14688=CARTESIAN_POINT('',(8.46062992125984,-7.24654718070021,-4.06694592710668));
#14689=CARTESIAN_POINT('',(8.46062992125984,-7.4764513351312,-2.76309467582762));
#14690=CARTESIAN_POINT('',(8.46062992125984,-7.20715487057972,-4.1));
#14691=CARTESIAN_POINT('Origin',(8.46062992125984,-7.20715487057972,-4.06));
#14692=CARTESIAN_POINT('',(8.46062992125984,-7.41174276721556,-4.1));
#14693=CARTESIAN_POINT('',(8.46062992125984,-1.87787401574803,-4.1));
#14694=CARTESIAN_POINT('',(8.46062992125984,-7.37235045709507,-4.06694592710668));
#14695=CARTESIAN_POINT('Origin',(8.46062992125984,-7.41174276721556,-4.06));
#14696=CARTESIAN_POINT('',(8.46062992125984,-7.34352107570628,-3.90344638056564));
#14697=CARTESIAN_POINT('',(8.46062992125984,-7.12709276374983,-2.67602042971646));
#14698=CARTESIAN_POINT('',(8.46062992125984,-7.34291338582677,-3.89650045345896));
#14699=CARTESIAN_POINT('Origin',(8.46062992125984,-7.38291338582677,-3.89650045345896));
#14700=CARTESIAN_POINT('',(8.46062992125984,-7.34291338582677,-0.939999999999998));
#14701=CARTESIAN_POINT('',(8.46062992125984,-7.34291338582677,-2.63425196850394));
#14702=CARTESIAN_POINT('',(8.46062992125984,-7.38291338582677,-0.899999999999998));
#14703=CARTESIAN_POINT('Origin',(8.46062992125984,-7.38291338582677,-0.939999999999998));
#14704=CARTESIAN_POINT('',(8.46062992125984,-7.54291338582677,-0.899999999999998));
#14705=CARTESIAN_POINT('',(8.46062992125984,-6.7792125984252,-0.899999999999999));
#14706=CARTESIAN_POINT('',(8.46062992125984,-7.54291338582677,-4.1));
#14707=CARTESIAN_POINT('',(8.46062992125984,-7.54291338582677,-1.13425196850394));
#14708=CARTESIAN_POINT('',(8.46062992125984,-8.9259842519685,-4.1));
#14709=CARTESIAN_POINT('',(8.46062992125984,-1.87787401574803,-4.1));
#14710=CARTESIAN_POINT('',(8.46062992125984,-8.9259842519685,-0.899999999999998));
#14711=CARTESIAN_POINT('',(8.46062992125984,-8.9259842519685,-2.73425196850394));
#14712=CARTESIAN_POINT('',(8.46062992125984,-9.0859842519685,-0.899999999999998));
#14713=CARTESIAN_POINT('',(8.46062992125984,-7.62074803149606,-0.899999999999998));
#14714=CARTESIAN_POINT('',(8.46062992125984,-9.1259842519685,-0.939999999999998));
#14715=CARTESIAN_POINT('Origin',(8.46062992125984,-9.0859842519685,-0.939999999999998));
#14716=CARTESIAN_POINT('',(8.46062992125984,-9.1259842519685,-3.89650045345896));
#14717=CARTESIAN_POINT('',(8.46062992125984,-9.1259842519685,-1.13425196850394));
#14718=CARTESIAN_POINT('',(8.46062992125984,-9.12537656208899,-3.90344638056564));
#14719=CARTESIAN_POINT('Origin',(8.46062992125984,-9.0859842519685,-3.89650045345896));
#14720=CARTESIAN_POINT('',(8.46062992125984,-9.09654718070021,-4.06694592710668));
#14721=CARTESIAN_POINT('',(8.46062992125984,-9.29855917224468,-2.92127899211574));
#14722=CARTESIAN_POINT('',(8.46062992125984,-9.05715487057972,-4.1));
#14723=CARTESIAN_POINT('Origin',(8.46062992125984,-9.05715487057972,-4.06));
#14724=CARTESIAN_POINT('',(8.46062992125984,-9.26174276721556,-4.1));
#14725=CARTESIAN_POINT('',(8.46062992125984,-1.87787401574803,-4.1));
#14726=CARTESIAN_POINT('',(8.46062992125984,-9.22235045709507,-4.06694592710668));
#14727=CARTESIAN_POINT('Origin',(8.46062992125984,-9.26174276721556,-4.06));
#14728=CARTESIAN_POINT('',(8.46062992125984,-9.19352107570628,-3.90344638056564));
#14729=CARTESIAN_POINT('',(8.46062992125984,-8.94920060086331,-2.51783611342834));
#14730=CARTESIAN_POINT('',(8.46062992125984,-9.19291338582677,-3.89650045345896));
#14731=CARTESIAN_POINT('Origin',(8.46062992125984,-9.23291338582677,-3.89650045345896));
#14732=CARTESIAN_POINT('',(8.46062992125984,-9.19291338582677,-0.939999999999998));
#14733=CARTESIAN_POINT('',(8.46062992125984,-9.19291338582677,-2.63425196850394));
#14734=CARTESIAN_POINT('',(8.46062992125984,-9.23291338582677,-0.899999999999998));
#14735=CARTESIAN_POINT('Origin',(8.46062992125984,-9.23291338582677,-0.939999999999998));
#14736=CARTESIAN_POINT('',(8.46062992125984,-9.39291338582677,-0.899999999999998));
#14737=CARTESIAN_POINT('',(8.46062992125984,-7.7042125984252,-0.900000000000001));
#14738=CARTESIAN_POINT('',(8.46062992125984,-9.39291338582677,-4.1));
#14739=CARTESIAN_POINT('',(8.46062992125984,-9.39291338582677,-1.13425196850393));
#14740=CARTESIAN_POINT('',(8.46062992125984,-10.5531496062992,-4.1));
#14741=CARTESIAN_POINT('',(8.46062992125984,-1.87787401574803,-4.1));
#14742=CARTESIAN_POINT('',(8.46062992125984,-10.5531496062992,1.36299212598425));
#14743=CARTESIAN_POINT('',(8.46062992125984,-10.5531496062992,-4.1));
#14744=CARTESIAN_POINT('',(8.46062992125984,-10.5531496062992,1.36299212598425));
#14745=CARTESIAN_POINT('',(8.46062992125984,-1.98787401574803,0.566496062992124));
#14746=CARTESIAN_POINT('Origin',(8.46062992125984,-1.98787401574803,0.631496062992124));
#14747=CARTESIAN_POINT('',(8.46062992125984,-2.21551181102362,1.18799212598425));
#14748=CARTESIAN_POINT('Origin',(8.46062992125984,-2.21551181102362,1.25299212598425));
#14749=CARTESIAN_POINT('',(8.46062992125984,-10.2155118110236,1.18799212598425));
#14750=CARTESIAN_POINT('Origin',(8.46062992125984,-10.2155118110236,1.25299212598425));
#14751=CARTESIAN_POINT('',(8.46062992125984,-10.4431496062992,0.566496062992126));
#14752=CARTESIAN_POINT('Origin',(8.46062992125984,-10.4431496062992,0.631496062992126));
#14753=CARTESIAN_POINT('',(8.46062992125984,-6.21551181102362,1.18799212598425));
#14754=CARTESIAN_POINT('Origin',(8.46062992125984,-6.21551181102362,1.25299212598425));
#14755=CARTESIAN_POINT('',(8.46062992125984,-1.98787401574803,-3.43350393700788));
#14756=CARTESIAN_POINT('Origin',(8.46062992125984,-1.98787401574803,-3.36850393700788));
#14757=CARTESIAN_POINT('',(8.46062992125984,-1.98787401574803,-1.43350393700788));
#14758=CARTESIAN_POINT('Origin',(8.46062992125984,-1.98787401574803,-1.36850393700788));
#14759=CARTESIAN_POINT('',(8.46062992125984,-10.4431496062992,-3.43350393700787));
#14760=CARTESIAN_POINT('Origin',(8.46062992125984,-10.4431496062992,-3.36850393700787));
#14761=CARTESIAN_POINT('',(8.46062992125984,-10.4431496062992,-1.43350393700787));
#14762=CARTESIAN_POINT('Origin',(8.46062992125984,-10.4431496062992,-1.36850393700787));
#14763=CARTESIAN_POINT('',(8.46062992125984,-2.60984251968504,0.0629921259842519));
#14764=CARTESIAN_POINT('',(8.46062992125984,-2.60984251968504,-0.684251968503937));
#14765=CARTESIAN_POINT('',(8.46062992125984,-3.21692913385827,0.0629921259842519));
#14766=CARTESIAN_POINT('',(8.46062992125984,-3.21692913385827,-0.684251968503937));
#14767=CARTESIAN_POINT('',(8.46062992125984,-6.24751968503937,0.062992125984252));
#14768=CARTESIAN_POINT('',(8.46062992125984,-4.2240157480315,0.412992125984252));
#14769=CARTESIAN_POINT('',(8.46062992125984,-4.2240157480315,0.0629921259842519));
#14770=CARTESIAN_POINT('',(8.46062992125984,-4.2240157480315,-0.684251968503937));
#14771=CARTESIAN_POINT('',(8.46062992125984,-4.83110236220472,0.412992125984252));
#14772=CARTESIAN_POINT('',(8.46062992125984,-6.24751968503937,0.412992125984252));
#14773=CARTESIAN_POINT('',(8.46062992125984,-4.83110236220472,0.0629921259842519));
#14774=CARTESIAN_POINT('',(8.46062992125984,-4.83110236220472,-0.684251968503937));
#14775=CARTESIAN_POINT('',(8.46062992125984,-6.24751968503937,0.062992125984252));
#14776=CARTESIAN_POINT('',(8.46062992125984,-5.87755905511811,0.412992125984252));
#14777=CARTESIAN_POINT('',(8.46062992125984,-5.87755905511811,0.0629921259842519));
#14778=CARTESIAN_POINT('',(8.46062992125984,-5.87755905511811,-0.684251968503937));
#14779=CARTESIAN_POINT('',(8.46062992125984,-6.48464566929134,0.412992125984252));
#14780=CARTESIAN_POINT('',(8.46062992125984,-6.24751968503937,0.412992125984252));
#14781=CARTESIAN_POINT('',(8.46062992125984,-6.48464566929134,0.0629921259842519));
#14782=CARTESIAN_POINT('',(8.46062992125984,-6.48464566929134,-0.684251968503937));
#14783=CARTESIAN_POINT('',(8.46062992125984,-6.24751968503937,0.062992125984252));
#14784=CARTESIAN_POINT('',(8.46062992125984,-9.34212598425197,0.412992125984252));
#14785=CARTESIAN_POINT('',(8.46062992125984,-9.34212598425197,0.0629921259842519));
#14786=CARTESIAN_POINT('',(8.46062992125984,-9.34212598425197,-0.684251968503937));
#14787=CARTESIAN_POINT('',(8.46062992125984,-9.9492125984252,0.412992125984252));
#14788=CARTESIAN_POINT('',(8.46062992125984,-6.24751968503937,0.412992125984252));
#14789=CARTESIAN_POINT('',(8.46062992125984,-9.9492125984252,0.0629921259842519));
#14790=CARTESIAN_POINT('',(8.46062992125984,-9.9492125984252,-0.684251968503937));
#14791=CARTESIAN_POINT('',(8.46062992125984,-6.24751968503937,0.062992125984252));
#14792=CARTESIAN_POINT('',(8.46062992125984,-7.60984251968504,0.412992125984252));
#14793=CARTESIAN_POINT('',(8.46062992125984,-7.60984251968504,0.0629921259842519));
#14794=CARTESIAN_POINT('',(8.46062992125984,-7.60984251968504,-0.684251968503937));
#14795=CARTESIAN_POINT('',(8.46062992125984,-8.21692913385827,0.412992125984252));
#14796=CARTESIAN_POINT('',(8.46062992125984,-6.24751968503937,0.412992125984252));
#14797=CARTESIAN_POINT('',(8.46062992125984,-8.21692913385827,0.0629921259842519));
#14798=CARTESIAN_POINT('',(8.46062992125984,-8.21692913385827,-0.684251968503937));
#14799=CARTESIAN_POINT('',(8.46062992125984,-6.24751968503937,0.062992125984252));
#14800=CARTESIAN_POINT('Origin',(8.30708661417323,-6.27952755905512,0.262992125984252));
#14801=CARTESIAN_POINT('',(8.30354330708661,-2.75984251968504,0.262992125984252));
#14802=CARTESIAN_POINT('',(8.38385826771654,-2.75984251968504,0.262992125984252));
#14803=CARTESIAN_POINT('',(8.15354330708661,-2.90984251968504,0.262992125984252));
#14804=CARTESIAN_POINT('Origin',(8.30354330708661,-2.90984251968504,0.262992125984252));
#14805=CARTESIAN_POINT('',(8.15354330708661,-2.91692913385827,0.262992125984252));
#14806=CARTESIAN_POINT('',(8.15354330708661,-4.51968503937008,0.262992125984252));
#14807=CARTESIAN_POINT('',(8.30354330708661,-3.06692913385827,0.262992125984252));
#14808=CARTESIAN_POINT('Origin',(8.30354330708661,-2.91692913385827,0.262992125984252));
#14809=CARTESIAN_POINT('',(8.23031496062992,-3.06692913385827,0.262992125984252));
#14810=CARTESIAN_POINT('Origin',(8.30708661417323,-2.91338582677165,0.262992125984252));
#14811=CARTESIAN_POINT('Origin',(8.31062992125984,-6.24751968503937,0.412992125984252));
#14812=CARTESIAN_POINT('',(8.31062992125984,-4.57241933794033,0.262992125984252));
#14813=CARTESIAN_POINT('',(8.35208661417323,-4.52755905511811,0.268834772329695));
#14814=CARTESIAN_POINT('Ctrl Pts',(8.35208661417323,-4.52755905511811,0.268834772329694));
#14815=CARTESIAN_POINT('Ctrl Pts',(8.35208661417323,-4.53324590078944,0.268834772329694));
#14816=CARTESIAN_POINT('Ctrl Pts',(8.35094336097937,-4.53928971970218,0.268491267097252));
#14817=CARTESIAN_POINT('Ctrl Pts',(8.34633581631281,-4.55037403063277,0.267284334516461));
#14818=CARTESIAN_POINT('Ctrl Pts',(8.34287299798577,-4.55541744805755,0.266442246436893));
#14819=CARTESIAN_POINT('Ctrl Pts',(8.33490809069441,-4.56337200808017,0.264914530864758));
#14820=CARTESIAN_POINT('Ctrl Pts',(8.32986787617834,-4.5668267094785,0.264127030348361));
#14821=CARTESIAN_POINT('Ctrl Pts',(8.31993430232619,-4.57094793105972,0.263215887770367));
#14822=CARTESIAN_POINT('Ctrl Pts',(8.31522432242121,-4.57205644735718,0.262992125984252));
#14823=CARTESIAN_POINT('Ctrl Pts',(8.31062992125984,-4.57241933794033,0.262992125984252));
#14824=CARTESIAN_POINT('',(8.31062992125984,-4.68110236220472,0.262992125984252));
#14825=CARTESIAN_POINT('',(8.31062992125984,-6.24751968503937,0.262992125984252));
#14826=CARTESIAN_POINT('Origin',(8.31062992125984,-4.83110236220472,0.412992125984252));
#14827=CARTESIAN_POINT('',(8.31062992125984,-4.3740157480315,0.262992125984252));
#14828=CARTESIAN_POINT('Origin',(8.31062992125984,-4.2240157480315,0.412992125984252));
#14829=CARTESIAN_POINT('',(8.31062992125984,-4.48269877229589,0.262992125984252));
#14830=CARTESIAN_POINT('',(8.31062992125984,-6.24751968503937,0.262992125984252));
#14831=CARTESIAN_POINT('Ctrl Pts',(8.31062992125984,-4.48269877229589,0.262992125984252));
#14832=CARTESIAN_POINT('Ctrl Pts',(8.31522432242121,-4.48306166287904,0.262992125984252));
#14833=CARTESIAN_POINT('Ctrl Pts',(8.3199343023262,-4.4841701791765,0.263215887770367));
#14834=CARTESIAN_POINT('Ctrl Pts',(8.32986787617835,-4.48829140075772,0.264127030348362));
#14835=CARTESIAN_POINT('Ctrl Pts',(8.33490809069441,-4.49174610215605,0.264914530864758));
#14836=CARTESIAN_POINT('Ctrl Pts',(8.34287299798577,-4.49970066217867,0.266442246436893));
#14837=CARTESIAN_POINT('Ctrl Pts',(8.34633581631281,-4.50474407960345,0.267284334516461));
#14838=CARTESIAN_POINT('Ctrl Pts',(8.35094336097937,-4.51582839053404,0.268491267097252));
#14839=CARTESIAN_POINT('Ctrl Pts',(8.35208661417323,-4.52187220944678,0.268834772329694));
#14840=CARTESIAN_POINT('Ctrl Pts',(8.35208661417323,-4.52755905511811,0.268834772329694));
#14841=CARTESIAN_POINT('Origin',(8.30708661417323,-6.27952755905512,0.262992125984252));
#14842=CARTESIAN_POINT('',(8.30354330708662,-4.3740157480315,0.262992125984252));
#14843=CARTESIAN_POINT('',(8.38385826771654,-4.3740157480315,0.262992125984252));
#14844=CARTESIAN_POINT('',(8.15354330708661,-4.5240157480315,0.262992125984252));
#14845=CARTESIAN_POINT('Origin',(8.30354330708662,-4.5240157480315,0.262992125984252));
#14846=CARTESIAN_POINT('',(8.15354330708661,-4.53110236220472,0.262992125984252));
#14847=CARTESIAN_POINT('',(8.15354330708661,-5.32677165354331,0.262992125984252));
#14848=CARTESIAN_POINT('',(8.30354330708662,-4.68110236220472,0.262992125984252));
#14849=CARTESIAN_POINT('Origin',(8.30354330708662,-4.53110236220472,0.262992125984252));
#14850=CARTESIAN_POINT('',(8.23031496062992,-4.68110236220472,0.262992125984252));
#14851=CARTESIAN_POINT('Origin',(8.30708661417323,-4.52755905511811,0.262992125984252));
#14852=CARTESIAN_POINT('Origin',(8.31062992125984,-6.24751968503937,0.412992125984252));
#14853=CARTESIAN_POINT('',(8.31062992125984,-6.22596264502695,0.262992125984252));
#14854=CARTESIAN_POINT('',(8.35208661417323,-6.18110236220472,0.268834772329695));
#14855=CARTESIAN_POINT('Ctrl Pts',(8.35208661417323,-6.18110236220472,0.268834772329694));
#14856=CARTESIAN_POINT('Ctrl Pts',(8.35208661417323,-6.18678920787605,0.268834772329694));
#14857=CARTESIAN_POINT('Ctrl Pts',(8.35094336097937,-6.19283302678879,0.268491267097252));
#14858=CARTESIAN_POINT('Ctrl Pts',(8.34633581631281,-6.20391733771938,0.267284334516461));
#14859=CARTESIAN_POINT('Ctrl Pts',(8.34287299798577,-6.20896075514417,0.266442246436893));
#14860=CARTESIAN_POINT('Ctrl Pts',(8.33490809069441,-6.21691531516679,0.264914530864758));
#14861=CARTESIAN_POINT('Ctrl Pts',(8.32986787617835,-6.22037001656511,0.264127030348362));
#14862=CARTESIAN_POINT('Ctrl Pts',(8.31993430232619,-6.22449123814634,0.263215887770367));
#14863=CARTESIAN_POINT('Ctrl Pts',(8.31522432242121,-6.22559975444379,0.262992125984252));
#14864=CARTESIAN_POINT('Ctrl Pts',(8.31062992125984,-6.22596264502695,0.262992125984252));
#14865=CARTESIAN_POINT('',(8.31062992125984,-6.33464566929134,0.262992125984252));
#14866=CARTESIAN_POINT('',(8.31062992125984,-6.24751968503937,0.262992125984252));
#14867=CARTESIAN_POINT('Origin',(8.31062992125984,-6.48464566929134,0.412992125984252));
#14868=CARTESIAN_POINT('',(8.31062992125984,-6.02755905511811,0.262992125984252));
#14869=CARTESIAN_POINT('Origin',(8.31062992125984,-5.87755905511811,0.412992125984252));
#14870=CARTESIAN_POINT('',(8.31062992125984,-6.1362420793825,0.262992125984252));
#14871=CARTESIAN_POINT('',(8.31062992125984,-6.24751968503937,0.262992125984252));
#14872=CARTESIAN_POINT('Ctrl Pts',(8.31062992125984,-6.1362420793825,0.262992125984252));
#14873=CARTESIAN_POINT('Ctrl Pts',(8.31522432242121,-6.13660496996565,0.262992125984252));
#14874=CARTESIAN_POINT('Ctrl Pts',(8.3199343023262,-6.13771348626311,0.263215887770367));
#14875=CARTESIAN_POINT('Ctrl Pts',(8.32986787617835,-6.14183470784434,0.264127030348362));
#14876=CARTESIAN_POINT('Ctrl Pts',(8.33490809069441,-6.14528940924266,0.264914530864758));
#14877=CARTESIAN_POINT('Ctrl Pts',(8.34287299798577,-6.15324396926528,0.266442246436893));
#14878=CARTESIAN_POINT('Ctrl Pts',(8.34633581631281,-6.15828738669007,0.267284334516461));
#14879=CARTESIAN_POINT('Ctrl Pts',(8.35094336097937,-6.16937169762066,0.268491267097252));
#14880=CARTESIAN_POINT('Ctrl Pts',(8.35208661417323,-6.17541551653339,0.268834772329694));
#14881=CARTESIAN_POINT('Ctrl Pts',(8.35208661417323,-6.18110236220472,0.268834772329694));
#14882=CARTESIAN_POINT('Origin',(8.30708661417323,-6.27952755905512,0.262992125984252));
#14883=CARTESIAN_POINT('',(8.30354330708661,-6.02755905511811,0.262992125984252));
#14884=CARTESIAN_POINT('',(8.38385826771654,-6.02755905511811,0.262992125984252));
#14885=CARTESIAN_POINT('',(8.15354330708661,-6.17755905511811,0.262992125984252));
#14886=CARTESIAN_POINT('Origin',(8.30354330708661,-6.17755905511811,0.262992125984252));
#14887=CARTESIAN_POINT('',(8.15354330708661,-6.18464566929134,0.262992125984252));
#14888=CARTESIAN_POINT('',(8.15354330708661,-6.15354330708661,0.262992125984252));
#14889=CARTESIAN_POINT('',(8.30354330708661,-6.33464566929134,0.262992125984252));
#14890=CARTESIAN_POINT('Origin',(8.30354330708661,-6.18464566929134,0.262992125984252));
#14891=CARTESIAN_POINT('',(8.23031496062992,-6.33464566929134,0.262992125984252));
#14892=CARTESIAN_POINT('Origin',(8.30708661417323,-6.18110236220472,0.262992125984252));
#14893=CARTESIAN_POINT('Origin',(8.31062992125984,-6.24751968503937,0.412992125984252));
#14894=CARTESIAN_POINT('',(8.31062992125984,-7.95824610959388,0.262992125984252));
#14895=CARTESIAN_POINT('',(8.35208661417323,-7.91338582677165,0.268834772329695));
#14896=CARTESIAN_POINT('Ctrl Pts',(8.35208661417323,-7.91338582677165,0.268834772329694));
#14897=CARTESIAN_POINT('Ctrl Pts',(8.35208661417323,-7.91907267244298,0.268834772329694));
#14898=CARTESIAN_POINT('Ctrl Pts',(8.35094336097937,-7.92511649135572,0.268491267097253));
#14899=CARTESIAN_POINT('Ctrl Pts',(8.34633581631281,-7.93620080228631,0.267284334516461));
#14900=CARTESIAN_POINT('Ctrl Pts',(8.34287299798577,-7.9412442197111,0.266442246436893));
#14901=CARTESIAN_POINT('Ctrl Pts',(8.33490809069441,-7.94919877973372,0.264914530864758));
#14902=CARTESIAN_POINT('Ctrl Pts',(8.32986787617834,-7.95265348113204,0.264127030348361));
#14903=CARTESIAN_POINT('Ctrl Pts',(8.31993430232619,-7.95677470271326,0.263215887770367));
#14904=CARTESIAN_POINT('Ctrl Pts',(8.31522432242121,-7.95788321901072,0.262992125984252));
#14905=CARTESIAN_POINT('Ctrl Pts',(8.31062992125984,-7.95824610959388,0.262992125984252));
#14906=CARTESIAN_POINT('',(8.31062992125984,-8.06692913385827,0.262992125984252));
#14907=CARTESIAN_POINT('',(8.31062992125984,-6.24751968503937,0.262992125984252));
#14908=CARTESIAN_POINT('Origin',(8.31062992125984,-8.21692913385827,0.412992125984252));
#14909=CARTESIAN_POINT('',(8.31062992125984,-7.75984251968504,0.262992125984252));
#14910=CARTESIAN_POINT('Origin',(8.31062992125984,-7.60984251968504,0.412992125984252));
#14911=CARTESIAN_POINT('',(8.31062992125984,-7.86852554394943,0.262992125984252));
#14912=CARTESIAN_POINT('',(8.31062992125984,-6.24751968503937,0.262992125984252));
#14913=CARTESIAN_POINT('Ctrl Pts',(8.31062992125984,-7.86852554394943,0.262992125984252));
#14914=CARTESIAN_POINT('Ctrl Pts',(8.31522432242121,-7.86888843453258,0.262992125984252));
#14915=CARTESIAN_POINT('Ctrl Pts',(8.3199343023262,-7.86999695083004,0.263215887770367));
#14916=CARTESIAN_POINT('Ctrl Pts',(8.32986787617835,-7.87411817241127,0.264127030348362));
#14917=CARTESIAN_POINT('Ctrl Pts',(8.33490809069441,-7.87757287380959,0.264914530864758));
#14918=CARTESIAN_POINT('Ctrl Pts',(8.34287299798577,-7.88552743383221,0.266442246436893));
#14919=CARTESIAN_POINT('Ctrl Pts',(8.34633581631281,-7.890570851257,0.267284334516461));
#14920=CARTESIAN_POINT('Ctrl Pts',(8.35094336097937,-7.90165516218759,0.268491267097253));
#14921=CARTESIAN_POINT('Ctrl Pts',(8.35208661417323,-7.90769898110032,0.268834772329694));
#14922=CARTESIAN_POINT('Ctrl Pts',(8.35208661417323,-7.91338582677165,0.268834772329694));
#14923=CARTESIAN_POINT('Origin',(8.30708661417323,-6.27952755905512,0.262992125984252));
#14924=CARTESIAN_POINT('',(8.30354330708661,-7.75984251968504,0.262992125984252));
#14925=CARTESIAN_POINT('',(8.38385826771654,-7.75984251968504,0.262992125984252));
#14926=CARTESIAN_POINT('',(8.15354330708661,-7.90984251968504,0.262992125984252));
#14927=CARTESIAN_POINT('Origin',(8.30354330708661,-7.90984251968504,0.262992125984252));
#14928=CARTESIAN_POINT('',(8.15354330708661,-7.91692913385827,0.262992125984252));
#14929=CARTESIAN_POINT('',(8.15354330708661,-7.01968503937008,0.262992125984252));
#14930=CARTESIAN_POINT('',(8.30354330708661,-8.06692913385827,0.262992125984252));
#14931=CARTESIAN_POINT('Origin',(8.30354330708661,-7.91692913385827,0.262992125984252));
#14932=CARTESIAN_POINT('',(8.23031496062992,-8.06692913385827,0.262992125984252));
#14933=CARTESIAN_POINT('Origin',(8.30708661417323,-7.91338582677165,0.262992125984252));
#14934=CARTESIAN_POINT('Origin',(8.31062992125984,-6.24751968503937,0.412992125984252));
#14935=CARTESIAN_POINT('',(8.31062992125984,-9.69052957416081,0.262992125984252));
#14936=CARTESIAN_POINT('',(8.35208661417323,-9.64566929133858,0.268834772329695));
#14937=CARTESIAN_POINT('Ctrl Pts',(8.35208661417323,-9.64566929133858,0.268834772329694));
#14938=CARTESIAN_POINT('Ctrl Pts',(8.35208661417323,-9.65135613700991,0.268834772329694));
#14939=CARTESIAN_POINT('Ctrl Pts',(8.35094336097937,-9.65739995592265,0.268491267097253));
#14940=CARTESIAN_POINT('Ctrl Pts',(8.34633581631281,-9.66848426685324,0.267284334516461));
#14941=CARTESIAN_POINT('Ctrl Pts',(8.34287299798577,-9.67352768427802,0.266442246436893));
#14942=CARTESIAN_POINT('Ctrl Pts',(8.33490809069441,-9.68148224430064,0.264914530864758));
#14943=CARTESIAN_POINT('Ctrl Pts',(8.32986787617834,-9.68493694569897,0.264127030348361));
#14944=CARTESIAN_POINT('Ctrl Pts',(8.31993430232619,-9.68905816728019,0.263215887770367));
#14945=CARTESIAN_POINT('Ctrl Pts',(8.31522432242121,-9.69016668357765,0.262992125984252));
#14946=CARTESIAN_POINT('Ctrl Pts',(8.31062992125984,-9.69052957416081,0.262992125984252));
#14947=CARTESIAN_POINT('',(8.31062992125984,-9.7992125984252,0.262992125984252));
#14948=CARTESIAN_POINT('',(8.31062992125984,-6.24751968503937,0.262992125984252));
#14949=CARTESIAN_POINT('Origin',(8.31062992125984,-9.9492125984252,0.412992125984252));
#14950=CARTESIAN_POINT('',(8.31062992125984,-9.49212598425197,0.262992125984252));
#14951=CARTESIAN_POINT('Origin',(8.31062992125984,-9.34212598425197,0.412992125984252));
#14952=CARTESIAN_POINT('',(8.31062992125984,-9.60080900851636,0.262992125984252));
#14953=CARTESIAN_POINT('',(8.31062992125984,-6.24751968503937,0.262992125984252));
#14954=CARTESIAN_POINT('Ctrl Pts',(8.31062992125984,-9.60080900851636,0.262992125984252));
#14955=CARTESIAN_POINT('Ctrl Pts',(8.31522432242121,-9.60117189909951,0.262992125984252));
#14956=CARTESIAN_POINT('Ctrl Pts',(8.3199343023262,-9.60228041539697,0.263215887770367));
#14957=CARTESIAN_POINT('Ctrl Pts',(8.32986787617835,-9.6064016369782,0.264127030348362));
#14958=CARTESIAN_POINT('Ctrl Pts',(8.33490809069441,-9.60985633837652,0.264914530864758));
#14959=CARTESIAN_POINT('Ctrl Pts',(8.34287299798577,-9.61781089839914,0.266442246436893));
#14960=CARTESIAN_POINT('Ctrl Pts',(8.34633581631281,-9.62285431582393,0.267284334516461));
#14961=CARTESIAN_POINT('Ctrl Pts',(8.35094336097937,-9.63393862675452,0.268491267097253));
#14962=CARTESIAN_POINT('Ctrl Pts',(8.35208661417323,-9.63998244566725,0.268834772329694));
#14963=CARTESIAN_POINT('Ctrl Pts',(8.35208661417323,-9.64566929133858,0.268834772329694));
#14964=CARTESIAN_POINT('Origin',(8.31062992125984,-7.60984251968504,-0.684251968503937));
#14965=CARTESIAN_POINT('',(8.31062992125984,-7.75984251968504,0.062992125984252));
#14966=CARTESIAN_POINT('Origin',(8.31062992125984,-7.60984251968504,0.0629921259842519));
#14967=CARTESIAN_POINT('',(8.31062992125984,-7.75984251968504,-0.684251968503937));
#14968=CARTESIAN_POINT('Origin',(8.46062992125984,-7.75984251968504,0.));
#14969=CARTESIAN_POINT('',(8.30354330708661,-7.75984251968504,0.062992125984252));
#14970=CARTESIAN_POINT('',(8.38385826771654,-7.75984251968504,0.062992125984252));
#14971=CARTESIAN_POINT('',(8.30354330708661,-7.75984251968504,0.));
#14972=CARTESIAN_POINT('Origin',(8.31062992125984,-8.21692913385827,-0.684251968503937));
#14973=CARTESIAN_POINT('',(8.31062992125984,-8.06692913385827,0.062992125984252));
#14974=CARTESIAN_POINT('',(8.31062992125984,-8.06692913385827,-0.684251968503937));
#14975=CARTESIAN_POINT('Origin',(8.31062992125984,-8.21692913385827,0.0629921259842519));
#14976=CARTESIAN_POINT('Origin',(8.15354330708661,-8.06692913385827,0.));
#14977=CARTESIAN_POINT('',(8.30354330708661,-8.06692913385827,0.062992125984252));
#14978=CARTESIAN_POINT('',(8.30354330708661,-8.06692913385827,0.));
#14979=CARTESIAN_POINT('',(8.23031496062992,-8.06692913385827,0.062992125984252));
#14980=CARTESIAN_POINT('Origin',(8.30354330708661,-7.90984251968504,0.));
#14981=CARTESIAN_POINT('',(8.15354330708661,-7.90984251968504,0.062992125984252));
#14982=CARTESIAN_POINT('Origin',(8.30354330708661,-7.90984251968504,0.062992125984252));
#14983=CARTESIAN_POINT('',(8.15354330708661,-7.90984251968504,0.));
#14984=CARTESIAN_POINT('Origin',(8.30354330708661,-7.91692913385827,0.));
#14985=CARTESIAN_POINT('',(8.15354330708661,-7.91692913385827,0.062992125984252));
#14986=CARTESIAN_POINT('Origin',(8.30354330708661,-7.91692913385827,0.062992125984252));
#14987=CARTESIAN_POINT('',(8.15354330708661,-7.91692913385827,0.));
#14988=CARTESIAN_POINT('Origin',(8.31062992125984,-9.34212598425197,-0.684251968503937));
#14989=CARTESIAN_POINT('',(8.31062992125984,-9.49212598425197,0.062992125984252));
#14990=CARTESIAN_POINT('Origin',(8.31062992125984,-9.34212598425197,0.0629921259842519));
#14991=CARTESIAN_POINT('',(8.31062992125984,-9.49212598425197,-0.684251968503937));
#14992=CARTESIAN_POINT('Origin',(8.46062992125984,-9.49212598425197,0.));
#14993=CARTESIAN_POINT('',(8.30354330708661,-9.49212598425197,0.062992125984252));
#14994=CARTESIAN_POINT('',(8.38385826771654,-9.49212598425197,0.062992125984252));
#14995=CARTESIAN_POINT('',(8.30354330708661,-9.49212598425197,0.262992125984252));
#14996=CARTESIAN_POINT('',(8.30354330708661,-9.49212598425197,0.));
#14997=CARTESIAN_POINT('',(8.38385826771654,-9.49212598425197,0.262992125984252));
#14998=CARTESIAN_POINT('Origin',(8.31062992125984,-9.9492125984252,-0.684251968503937));
#14999=CARTESIAN_POINT('',(8.31062992125984,-9.7992125984252,0.062992125984252));
#15000=CARTESIAN_POINT('',(8.31062992125984,-9.7992125984252,-0.684251968503937));
#15001=CARTESIAN_POINT('Origin',(8.31062992125984,-9.9492125984252,0.0629921259842519));
#15002=CARTESIAN_POINT('Origin',(8.15354330708661,-9.7992125984252,0.));
#15003=CARTESIAN_POINT('',(8.30354330708661,-9.7992125984252,0.262992125984252));
#15004=CARTESIAN_POINT('',(8.23031496062992,-9.7992125984252,0.262992125984252));
#15005=CARTESIAN_POINT('',(8.30354330708661,-9.7992125984252,0.062992125984252));
#15006=CARTESIAN_POINT('',(8.30354330708661,-9.7992125984252,0.));
#15007=CARTESIAN_POINT('',(8.23031496062992,-9.7992125984252,0.062992125984252));
#15008=CARTESIAN_POINT('Origin',(8.30354330708661,-9.64212598425197,0.));
#15009=CARTESIAN_POINT('',(8.15354330708661,-9.64212598425197,0.262992125984252));
#15010=CARTESIAN_POINT('Origin',(8.30354330708661,-9.64212598425197,0.262992125984252));
#15011=CARTESIAN_POINT('',(8.15354330708661,-9.64212598425197,0.062992125984252));
#15012=CARTESIAN_POINT('Origin',(8.30354330708661,-9.64212598425197,0.062992125984252));
#15013=CARTESIAN_POINT('',(8.15354330708661,-9.64212598425197,0.));
#15014=CARTESIAN_POINT('Origin',(8.30708661417323,-6.27952755905512,0.262992125984252));
#15015=CARTESIAN_POINT('',(8.15354330708661,-9.6492125984252,0.262992125984252));
#15016=CARTESIAN_POINT('',(8.15354330708661,-7.88582677165354,0.262992125984252));
#15017=CARTESIAN_POINT('Origin',(8.30354330708661,-9.6492125984252,0.262992125984252));
#15018=CARTESIAN_POINT('Origin',(8.30708661417323,-9.64566929133858,0.262992125984252));
#15019=CARTESIAN_POINT('Origin',(8.30354330708661,-9.6492125984252,0.));
#15020=CARTESIAN_POINT('',(8.15354330708661,-9.6492125984252,0.062992125984252));
#15021=CARTESIAN_POINT('Origin',(8.30354330708661,-9.6492125984252,0.062992125984252));
#15022=CARTESIAN_POINT('',(8.15354330708661,-9.6492125984252,0.));
#15023=CARTESIAN_POINT('Origin',(8.30354330708661,-6.17755905511811,0.));
#15024=CARTESIAN_POINT('',(8.30354330708661,-6.02755905511811,0.062992125984252));
#15025=CARTESIAN_POINT('',(8.30354330708661,-6.02755905511811,0.));
#15026=CARTESIAN_POINT('',(8.15354330708661,-6.17755905511811,0.062992125984252));
#15027=CARTESIAN_POINT('Origin',(8.30354330708661,-6.17755905511811,0.062992125984252));
#15028=CARTESIAN_POINT('',(8.15354330708661,-6.17755905511811,0.));
#15029=CARTESIAN_POINT('Origin',(8.15354330708661,-6.02755905511811,0.));
#15030=CARTESIAN_POINT('',(8.15354330708661,-6.18464566929134,0.062992125984252));
#15031=CARTESIAN_POINT('',(8.15354330708661,-6.15354330708661,0.062992125984252));
#15032=CARTESIAN_POINT('',(8.15354330708661,-6.18464566929134,0.));
#15033=CARTESIAN_POINT('Origin',(8.30708661417323,-6.27952755905512,0.062992125984252));
#15034=CARTESIAN_POINT('',(8.31062992125984,-6.02755905511811,0.062992125984252));
#15035=CARTESIAN_POINT('',(8.38385826771654,-6.02755905511811,0.062992125984252));
#15036=CARTESIAN_POINT('Origin',(8.31062992125984,-5.87755905511811,0.0629921259842519));
#15037=CARTESIAN_POINT('',(8.31062992125984,-6.33464566929134,0.062992125984252));
#15038=CARTESIAN_POINT('Origin',(8.31062992125984,-6.48464566929134,0.0629921259842519));
#15039=CARTESIAN_POINT('',(8.30354330708661,-6.33464566929134,0.062992125984252));
#15040=CARTESIAN_POINT('',(8.23031496062992,-6.33464566929134,0.062992125984252));
#15041=CARTESIAN_POINT('Origin',(8.30354330708661,-6.18464566929134,0.062992125984252));
#15042=CARTESIAN_POINT('',(8.35208661417323,-6.18110236220472,0.062992125984252));
#15043=CARTESIAN_POINT('Origin',(8.30708661417323,-6.18110236220472,0.062992125984252));
#15044=CARTESIAN_POINT('Origin',(8.30354330708661,-6.18464566929134,0.));
#15045=CARTESIAN_POINT('',(8.30354330708661,-6.33464566929134,0.));
#15046=CARTESIAN_POINT('Origin',(8.31062992125984,-5.87755905511811,-0.684251968503937));
#15047=CARTESIAN_POINT('',(8.31062992125984,-6.02755905511811,-0.684251968503937));
#15048=CARTESIAN_POINT('Origin',(8.46062992125984,-6.02755905511811,0.));
#15049=CARTESIAN_POINT('Origin',(8.31062992125984,-6.48464566929134,-0.684251968503937));
#15050=CARTESIAN_POINT('',(8.31062992125984,-6.33464566929134,-0.684251968503937));
#15051=CARTESIAN_POINT('Origin',(8.15354330708661,-6.33464566929134,0.));
#15052=CARTESIAN_POINT('Origin',(8.30354330708662,-4.53110236220472,0.));
#15053=CARTESIAN_POINT('',(8.15354330708661,-4.53110236220472,0.062992125984252));
#15054=CARTESIAN_POINT('',(8.30354330708662,-4.68110236220472,0.062992125984252));
#15055=CARTESIAN_POINT('Origin',(8.30354330708662,-4.53110236220472,0.062992125984252));
#15056=CARTESIAN_POINT('',(8.30354330708662,-4.68110236220472,0.));
#15057=CARTESIAN_POINT('',(8.15354330708661,-4.53110236220472,0.));
#15058=CARTESIAN_POINT('Origin',(8.15354330708661,-4.3740157480315,0.));
#15059=CARTESIAN_POINT('',(8.15354330708661,-4.5240157480315,0.062992125984252));
#15060=CARTESIAN_POINT('',(8.15354330708661,-4.5240157480315,0.));
#15061=CARTESIAN_POINT('',(8.15354330708661,-5.32677165354331,0.062992125984252));
#15062=CARTESIAN_POINT('Origin',(8.30354330708662,-4.5240157480315,0.));
#15063=CARTESIAN_POINT('',(8.30354330708662,-4.3740157480315,0.062992125984252));
#15064=CARTESIAN_POINT('',(8.30354330708662,-4.3740157480315,0.));
#15065=CARTESIAN_POINT('Origin',(8.30354330708662,-4.5240157480315,0.062992125984252));
#15066=CARTESIAN_POINT('Origin',(8.31062992125984,-4.83110236220472,-0.684251968503937));
#15067=CARTESIAN_POINT('',(8.31062992125984,-4.68110236220472,0.062992125984252));
#15068=CARTESIAN_POINT('',(8.31062992125984,-4.68110236220472,-0.684251968503937));
#15069=CARTESIAN_POINT('Origin',(8.31062992125984,-4.83110236220472,0.0629921259842519));
#15070=CARTESIAN_POINT('Origin',(8.15354330708661,-4.68110236220472,0.));
#15071=CARTESIAN_POINT('',(8.23031496062992,-4.68110236220472,0.062992125984252));
#15072=CARTESIAN_POINT('Origin',(8.31062992125984,-4.2240157480315,-0.684251968503937));
#15073=CARTESIAN_POINT('',(8.31062992125984,-4.3740157480315,0.062992125984252));
#15074=CARTESIAN_POINT('Origin',(8.31062992125984,-4.2240157480315,0.0629921259842519));
#15075=CARTESIAN_POINT('',(8.31062992125984,-4.3740157480315,-0.684251968503937));
#15076=CARTESIAN_POINT('Origin',(8.46062992125984,-4.3740157480315,0.));
#15077=CARTESIAN_POINT('',(8.38385826771654,-4.3740157480315,0.062992125984252));
#15078=CARTESIAN_POINT('Origin',(8.30354330708661,-2.91692913385827,0.));
#15079=CARTESIAN_POINT('',(8.15354330708661,-2.91692913385827,0.062992125984252));
#15080=CARTESIAN_POINT('',(8.30354330708661,-3.06692913385827,0.062992125984252));
#15081=CARTESIAN_POINT('Origin',(8.30354330708661,-2.91692913385827,0.062992125984252));
#15082=CARTESIAN_POINT('',(8.30354330708661,-3.06692913385827,0.));
#15083=CARTESIAN_POINT('',(8.15354330708661,-2.91692913385827,0.));
#15084=CARTESIAN_POINT('Origin',(8.15354330708661,-2.75984251968504,0.));
#15085=CARTESIAN_POINT('',(8.15354330708661,-2.90984251968504,0.062992125984252));
#15086=CARTESIAN_POINT('',(8.15354330708661,-2.90984251968504,0.));
#15087=CARTESIAN_POINT('',(8.15354330708661,-4.51968503937008,0.062992125984252));
#15088=CARTESIAN_POINT('Origin',(8.30354330708661,-2.90984251968504,0.));
#15089=CARTESIAN_POINT('',(8.30354330708661,-2.75984251968504,0.062992125984252));
#15090=CARTESIAN_POINT('',(8.30354330708661,-2.75984251968504,0.));
#15091=CARTESIAN_POINT('Origin',(8.30354330708661,-2.90984251968504,0.062992125984252));
#15092=CARTESIAN_POINT('Origin',(8.31062992125984,-3.21692913385827,-0.684251968503937));
#15093=CARTESIAN_POINT('',(8.31062992125984,-3.06692913385827,0.062992125984252));
#15094=CARTESIAN_POINT('',(8.31062992125984,-3.06692913385827,-0.684251968503937));
#15095=CARTESIAN_POINT('Origin',(8.31062992125984,-3.21692913385827,0.0629921259842519));
#15096=CARTESIAN_POINT('Origin',(8.15354330708661,-3.06692913385827,0.));
#15097=CARTESIAN_POINT('',(8.23031496062992,-3.06692913385827,0.062992125984252));
#15098=CARTESIAN_POINT('Origin',(8.31062992125984,-2.60984251968504,-0.684251968503937));
#15099=CARTESIAN_POINT('',(8.31062992125984,-2.75984251968504,0.062992125984252));
#15100=CARTESIAN_POINT('Origin',(8.31062992125984,-2.60984251968504,0.0629921259842519));
#15101=CARTESIAN_POINT('',(8.31062992125984,-2.75984251968504,-0.684251968503937));
#15102=CARTESIAN_POINT('Origin',(8.46062992125984,-2.75984251968504,0.));
#15103=CARTESIAN_POINT('',(8.38385826771654,-2.75984251968504,0.062992125984252));
#15104=CARTESIAN_POINT('Origin',(8.30708661417323,-2.91338582677165,10.8151040856828));
#15105=CARTESIAN_POINT('',(8.35208661417323,-2.91338582677165,0.062992125984252));
#15106=CARTESIAN_POINT('Origin',(8.30708661417323,-2.91338582677165,0.062992125984252));
#15107=CARTESIAN_POINT('',(8.35208661417323,-2.91338582677165,10.8151040856828));
#15108=CARTESIAN_POINT('Origin',(8.30708661417323,-4.52755905511811,10.8151040856828));
#15109=CARTESIAN_POINT('',(8.35208661417323,-4.52755905511811,0.062992125984252));
#15110=CARTESIAN_POINT('Origin',(8.30708661417323,-4.52755905511811,0.062992125984252));
#15111=CARTESIAN_POINT('',(8.35208661417323,-4.52755905511811,10.8151040856828));
#15112=CARTESIAN_POINT('Origin',(8.30708661417323,-6.18110236220472,10.8151040856828));
#15113=CARTESIAN_POINT('',(8.35208661417323,-6.18110236220472,10.8151040856828));
#15114=CARTESIAN_POINT('Origin',(8.30708661417323,-7.91338582677165,10.8151040856828));
#15115=CARTESIAN_POINT('',(8.35208661417323,-7.91338582677165,0.062992125984252));
#15116=CARTESIAN_POINT('Origin',(8.30708661417323,-7.91338582677165,0.062992125984252));
#15117=CARTESIAN_POINT('',(8.35208661417323,-7.91338582677165,10.8151040856828));
#15118=CARTESIAN_POINT('Origin',(8.30708661417323,-9.64566929133858,10.8151040856828));
#15119=CARTESIAN_POINT('',(8.35208661417323,-9.64566929133858,0.062992125984252));
#15120=CARTESIAN_POINT('Origin',(8.30708661417323,-9.64566929133858,0.062992125984252));
#15121=CARTESIAN_POINT('',(8.35208661417323,-9.64566929133858,10.8151040856828));
#15122=CARTESIAN_POINT('Origin',(8.15354330708661,-7.75984251968504,0.));
#15123=CARTESIAN_POINT('',(8.15354330708661,-7.01968503937008,0.062992125984252));
#15124=CARTESIAN_POINT('Origin',(8.15354330708661,-9.49212598425197,0.));
#15125=CARTESIAN_POINT('',(8.15354330708661,-7.88582677165354,0.062992125984252));
#15126=CARTESIAN_POINT('Origin',(8.30708661417323,-6.27952755905512,0.062992125984252));
#15127=CARTESIAN_POINT('Origin',(8.30708661417323,-6.27952755905512,0.062992125984252));
#15128=CARTESIAN_POINT('Origin',(8.30708661417323,-6.27952755905512,0.062992125984252));
#15129=CARTESIAN_POINT('Origin',(8.30708661417323,-6.27952755905512,0.062992125984252));
#15130=CARTESIAN_POINT('Origin',(8.46062992125984,-10.5531496062992,-4.1));
#15131=CARTESIAN_POINT('',(8.66062992125984,-10.5531496062992,-1.33496291734537));
#15132=CARTESIAN_POINT('',(8.66062992125984,-10.5531496062992,0.597955043329625));
#15133=CARTESIAN_POINT('',(8.66062992125984,-10.5531496062992,-4.1));
#15134=CARTESIAN_POINT('',(8.66062992125984,-10.5531496062992,0.665037082654627));
#15135=CARTESIAN_POINT('Ctrl Pts',(8.66062992125984,-10.5531496062992,0.665037082654621));
#15136=CARTESIAN_POINT('Ctrl Pts',(8.64937631727616,-10.5531496062992,0.631496062992126));
#15137=CARTESIAN_POINT('Ctrl Pts',(8.66062992125984,-10.5531496062992,0.597955043329632));
#15138=CARTESIAN_POINT('',(8.66062992125984,-10.5531496062992,1.36299212598425));
#15139=CARTESIAN_POINT('',(8.66062992125984,-10.5531496062992,-4.1));
#15140=CARTESIAN_POINT('',(8.46062992125984,-10.5531496062992,1.36299212598425));
#15141=CARTESIAN_POINT('',(8.66062992125984,-10.5531496062992,-4.1));
#15142=CARTESIAN_POINT('',(8.46062992125984,-10.5531496062992,-4.1));
#15143=CARTESIAN_POINT('',(8.66062992125984,-10.5531496062992,-3.40204495667037));
#15144=CARTESIAN_POINT('',(8.66062992125984,-10.5531496062992,-4.1));
#15145=CARTESIAN_POINT('',(8.66062992125984,-10.5531496062992,-3.33496291734537));
#15146=CARTESIAN_POINT('Ctrl Pts',(8.66062992125984,-10.5531496062992,-3.33496291734537));
#15147=CARTESIAN_POINT('Ctrl Pts',(8.64937631727616,-10.5531496062992,-3.36850393700787));
#15148=CARTESIAN_POINT('Ctrl Pts',(8.66062992125984,-10.5531496062992,-3.40204495667037));
#15149=CARTESIAN_POINT('',(8.66062992125984,-10.5531496062992,-1.40204495667037));
#15150=CARTESIAN_POINT('',(8.66062992125984,-10.5531496062992,-4.1));
#15151=CARTESIAN_POINT('Ctrl Pts',(8.66062992125984,-10.5531496062992,-1.33496291734538));
#15152=CARTESIAN_POINT('Ctrl Pts',(8.64937631727616,-10.5531496062992,-1.36850393700787));
#15153=CARTESIAN_POINT('Ctrl Pts',(8.66062992125984,-10.5531496062992,-1.40204495667037));
#15154=CARTESIAN_POINT('Origin',(8.66062992125984,-6.21551181102362,-1.36850393700787));
#15155=CARTESIAN_POINT('',(8.66062992125984,-1.87787401574803,0.597955043329623));
#15156=CARTESIAN_POINT('',(8.66062992125984,-1.87787401574803,-1.33496291734537));
#15157=CARTESIAN_POINT('',(8.66062992125984,-1.87787401574803,1.36299212598425));
#15158=CARTESIAN_POINT('',(8.66062992125984,-1.98787401574803,0.516496062992124));
#15159=CARTESIAN_POINT('Origin',(8.66062992125984,-1.98787401574803,0.631496062992124));
#15160=CARTESIAN_POINT('',(8.66062992125984,-1.87787401574803,0.665037082654625));
#15161=CARTESIAN_POINT('Origin',(8.66062992125984,-1.98787401574803,0.631496062992124));
#15162=CARTESIAN_POINT('',(8.66062992125984,-1.87787401574803,1.36299212598425));
#15163=CARTESIAN_POINT('',(8.66062992125984,-1.87787401574803,1.36299212598425));
#15164=CARTESIAN_POINT('',(8.66062992125984,-2.18197079136112,1.36299212598425));
#15165=CARTESIAN_POINT('',(8.66062992125984,-10.5531496062992,1.36299212598425));
#15166=CARTESIAN_POINT('',(8.66062992125984,-2.21551181102362,1.13799212598425));
#15167=CARTESIAN_POINT('Origin',(8.66062992125984,-2.21551181102362,1.25299212598425));
#15168=CARTESIAN_POINT('',(8.66062992125984,-2.24905283068612,1.36299212598425));
#15169=CARTESIAN_POINT('Origin',(8.66062992125984,-2.21551181102362,1.25299212598425));
#15170=CARTESIAN_POINT('',(8.66062992125984,-6.18197079136112,1.36299212598425));
#15171=CARTESIAN_POINT('',(8.66062992125984,-10.5531496062992,1.36299212598425));
#15172=CARTESIAN_POINT('',(8.66062992125984,-6.21551181102362,1.13799212598425));
#15173=CARTESIAN_POINT('Origin',(8.66062992125984,-6.21551181102362,1.25299212598425));
#15174=CARTESIAN_POINT('',(8.66062992125984,-6.24905283068612,1.36299212598425));
#15175=CARTESIAN_POINT('Origin',(8.66062992125984,-6.21551181102362,1.25299212598425));
#15176=CARTESIAN_POINT('',(8.66062992125984,-10.1819707913611,1.36299212598425));
#15177=CARTESIAN_POINT('',(8.66062992125984,-10.5531496062992,1.36299212598425));
#15178=CARTESIAN_POINT('',(8.66062992125984,-10.2155118110236,1.13799212598425));
#15179=CARTESIAN_POINT('Origin',(8.66062992125984,-10.2155118110236,1.25299212598425));
#15180=CARTESIAN_POINT('',(8.66062992125984,-10.2490528306861,1.36299212598425));
#15181=CARTESIAN_POINT('Origin',(8.66062992125984,-10.2155118110236,1.25299212598425));
#15182=CARTESIAN_POINT('',(8.66062992125984,-10.5531496062992,1.36299212598425));
#15183=CARTESIAN_POINT('',(8.66062992125984,-10.4431496062992,0.516496062992127));
#15184=CARTESIAN_POINT('Origin',(8.66062992125984,-10.4431496062992,0.631496062992126));
#15185=CARTESIAN_POINT('Origin',(8.66062992125984,-10.4431496062992,0.631496062992126));
#15186=CARTESIAN_POINT('',(8.66062992125984,-10.4431496062992,-1.48350393700787));
#15187=CARTESIAN_POINT('Origin',(8.66062992125984,-10.4431496062992,-1.36850393700787));
#15188=CARTESIAN_POINT('Origin',(8.66062992125984,-10.4431496062992,-1.36850393700787));
#15189=CARTESIAN_POINT('',(8.66062992125984,-10.4431496062992,-3.48350393700787));
#15190=CARTESIAN_POINT('Origin',(8.66062992125984,-10.4431496062992,-3.36850393700787));
#15191=CARTESIAN_POINT('Origin',(8.66062992125984,-10.4431496062992,-3.36850393700787));
#15192=CARTESIAN_POINT('',(8.66062992125984,-1.87787401574803,-4.1));
#15193=CARTESIAN_POINT('',(8.66062992125984,-1.87787401574803,-4.1));
#15194=CARTESIAN_POINT('',(8.66062992125984,-1.87787401574803,-3.40204495667038));
#15195=CARTESIAN_POINT('',(8.66062992125984,-1.87787401574803,1.36299212598425));
#15196=CARTESIAN_POINT('',(8.66062992125984,-1.98787401574803,-3.48350393700788));
#15197=CARTESIAN_POINT('Origin',(8.66062992125984,-1.98787401574803,-3.36850393700788));
#15198=CARTESIAN_POINT('',(8.66062992125984,-1.87787401574803,-3.33496291734537));
#15199=CARTESIAN_POINT('Origin',(8.66062992125984,-1.98787401574803,-3.36850393700788));
#15200=CARTESIAN_POINT('',(8.66062992125984,-1.87787401574803,-1.40204495667038));
#15201=CARTESIAN_POINT('',(8.66062992125984,-1.87787401574803,1.36299212598425));
#15202=CARTESIAN_POINT('',(8.66062992125984,-1.98787401574803,-1.48350393700788));
#15203=CARTESIAN_POINT('Origin',(8.66062992125984,-1.98787401574803,-1.36850393700788));
#15204=CARTESIAN_POINT('Origin',(8.66062992125984,-1.98787401574803,-1.36850393700788));
#15205=CARTESIAN_POINT('Origin',(8.56062992125984,-9.92833534100275,-3.48648063607188));
#15206=CARTESIAN_POINT('',(8.51562992125984,-9.92833534100275,-3.5));
#15207=CARTESIAN_POINT('Origin',(8.56062992125984,-9.92833534100275,-3.5));
#15208=CARTESIAN_POINT('',(8.56062992125984,-9.92833534100275,-3.47296127214376));
#15209=CARTESIAN_POINT('',(8.53812992125984,-9.92833534100275,-3.48648063607188));
#15210=CARTESIAN_POINT('Origin',(8.56062992125984,-9.92833534100275,-3.8));
#15211=CARTESIAN_POINT('',(8.51562992125984,-9.92833534100275,-4.1));
#15212=CARTESIAN_POINT('Origin',(8.56062992125984,-9.92833534100275,-4.1));
#15213=CARTESIAN_POINT('',(8.51562992125984,-9.92833534100275,-3.8));
#15214=CARTESIAN_POINT('Origin',(8.56062992125984,-8.37352107570629,-3.48648063607188));
#15215=CARTESIAN_POINT('',(8.51562992125984,-8.37352107570629,-3.5));
#15216=CARTESIAN_POINT('Origin',(8.56062992125984,-8.37352107570629,-3.5));
#15217=CARTESIAN_POINT('',(8.56062992125984,-8.37352107570629,-3.47296127214376));
#15218=CARTESIAN_POINT('',(8.53812992125984,-8.37352107570629,-3.48648063607188));
#15219=CARTESIAN_POINT('Origin',(8.56062992125984,-8.37352107570629,-3.8));
#15220=CARTESIAN_POINT('',(8.51562992125984,-8.37352107570629,-4.1));
#15221=CARTESIAN_POINT('Origin',(8.56062992125984,-8.37352107570629,-4.1));
#15222=CARTESIAN_POINT('',(8.51562992125984,-8.37352107570629,-3.8));
#15223=CARTESIAN_POINT('Origin',(8.56062992125984,-6.52852107570629,-3.48648063607188));
#15224=CARTESIAN_POINT('',(8.51562992125984,-6.52852107570629,-3.5));
#15225=CARTESIAN_POINT('Origin',(8.56062992125984,-6.52852107570629,-3.5));
#15226=CARTESIAN_POINT('',(8.56062992125984,-6.52852107570629,-3.47296127214376));
#15227=CARTESIAN_POINT('',(8.53812992125984,-6.52852107570629,-3.48648063607188));
#15228=CARTESIAN_POINT('Origin',(8.56062992125984,-6.52852107570629,-3.8));
#15229=CARTESIAN_POINT('',(8.51562992125984,-6.52852107570629,-4.1));
#15230=CARTESIAN_POINT('Origin',(8.56062992125984,-6.52852107570629,-4.1));
#15231=CARTESIAN_POINT('',(8.51562992125984,-6.52852107570629,-3.8));
#15232=CARTESIAN_POINT('Origin',(8.56062992125984,-4.67852107570628,-3.48648063607188));
#15233=CARTESIAN_POINT('',(8.51562992125984,-4.67852107570628,-3.5));
#15234=CARTESIAN_POINT('Origin',(8.56062992125984,-4.67852107570628,-3.5));
#15235=CARTESIAN_POINT('',(8.56062992125984,-4.67852107570628,-3.47296127214376));
#15236=CARTESIAN_POINT('',(8.53812992125984,-4.67852107570628,-3.48648063607188));
#15237=CARTESIAN_POINT('Origin',(8.56062992125984,-4.67852107570628,-3.8));
#15238=CARTESIAN_POINT('',(8.51562992125984,-4.67852107570628,-4.1));
#15239=CARTESIAN_POINT('Origin',(8.56062992125984,-4.67852107570628,-4.1));
#15240=CARTESIAN_POINT('',(8.51562992125984,-4.67852107570628,-3.8));
#15241=CARTESIAN_POINT('Origin',(8.56062992125984,-2.81352107570628,-3.48648063607188));
#15242=CARTESIAN_POINT('',(8.51562992125984,-2.81352107570628,-3.5));
#15243=CARTESIAN_POINT('Origin',(8.56062992125984,-2.81352107570628,-3.5));
#15244=CARTESIAN_POINT('',(8.56062992125984,-2.81352107570628,-3.47296127214376));
#15245=CARTESIAN_POINT('',(8.53812992125984,-2.81352107570628,-3.48648063607188));
#15246=CARTESIAN_POINT('Origin',(8.56062992125984,-2.81352107570628,-3.8));
#15247=CARTESIAN_POINT('',(8.51562992125984,-2.81352107570628,-4.1));
#15248=CARTESIAN_POINT('Origin',(8.56062992125984,-2.81352107570628,-4.1));
#15249=CARTESIAN_POINT('',(8.51562992125984,-2.81352107570628,-3.8));
#15250=CARTESIAN_POINT('Origin',(8.63187071107932,-1.98787401574803,0.631496062992124));
#15251=CARTESIAN_POINT('Ctrl Pts',(8.66062992125984,-1.87787401574803,0.597955043329623));
#15252=CARTESIAN_POINT('Ctrl Pts',(8.64937631727616,-1.87787401574803,0.631496062992124));
#15253=CARTESIAN_POINT('Ctrl Pts',(8.66062992125984,-1.87787401574803,0.665037082654625));
#15254=CARTESIAN_POINT('',(8.60311150089879,-1.98787401574803,0.566496062992126));
#15255=CARTESIAN_POINT('',(8.63187071107932,-1.98787401574803,0.541496062992124));
#15256=CARTESIAN_POINT('Origin',(8.60311150089879,-1.98787401574803,0.631496062992124));
#15257=CARTESIAN_POINT('Origin',(-1.59581632198538,-1.98787401574803,0.631496062992124));
#15258=CARTESIAN_POINT('',(-1.59581632198538,-1.98787401574803,0.566496062992124));
#15259=CARTESIAN_POINT('Origin',(8.63187071107932,-1.98787401574803,-3.36850393700788));
#15260=CARTESIAN_POINT('Ctrl Pts',(8.66062992125984,-1.87787401574803,-3.40204495667038));
#15261=CARTESIAN_POINT('Ctrl Pts',(8.64937631727616,-1.87787401574803,-3.36850393700788));
#15262=CARTESIAN_POINT('Ctrl Pts',(8.66062992125984,-1.87787401574803,-3.33496291734537));
#15263=CARTESIAN_POINT('',(8.60311150089879,-1.98787401574803,-3.43350393700787));
#15264=CARTESIAN_POINT('',(8.63187071107932,-1.98787401574803,-3.45850393700788));
#15265=CARTESIAN_POINT('Origin',(8.60311150089879,-1.98787401574803,-3.36850393700788));
#15266=CARTESIAN_POINT('Origin',(-1.59581632198538,-1.98787401574803,-3.36850393700788));
#15267=CARTESIAN_POINT('',(-1.59581632198538,-1.98787401574803,-3.43350393700788));
#15268=CARTESIAN_POINT('Origin',(8.63187071107932,-1.98787401574803,-1.36850393700788));
#15269=CARTESIAN_POINT('Ctrl Pts',(8.66062992125984,-1.87787401574803,-1.40204495667037));
#15270=CARTESIAN_POINT('Ctrl Pts',(8.64937631727616,-1.87787401574803,-1.36850393700788));
#15271=CARTESIAN_POINT('Ctrl Pts',(8.66062992125984,-1.87787401574803,-1.33496291734538));
#15272=CARTESIAN_POINT('',(8.60311150089879,-1.98787401574803,-1.43350393700787));
#15273=CARTESIAN_POINT('',(8.63187071107932,-1.98787401574803,-1.45850393700788));
#15274=CARTESIAN_POINT('Origin',(8.60311150089879,-1.98787401574803,-1.36850393700788));
#15275=CARTESIAN_POINT('Origin',(-1.59581632198538,-1.98787401574803,-1.36850393700788));
#15276=CARTESIAN_POINT('',(-1.59581632198538,-1.98787401574803,-1.43350393700788));
#15277=CARTESIAN_POINT('Origin',(8.46062992125984,-1.87787401574803,1.36299212598425));
#15278=CARTESIAN_POINT('',(8.46062992125984,-1.87787401574803,1.36299212598425));
#15279=CARTESIAN_POINT('',(8.46062992125984,-1.87787401574803,-4.1));
#15280=CARTESIAN_POINT('Origin',(8.63187071107932,-2.21551181102362,1.25299212598425));
#15281=CARTESIAN_POINT('Ctrl Pts',(8.66062992125984,-2.18197079136112,1.36299212598425));
#15282=CARTESIAN_POINT('Ctrl Pts',(8.64937631727616,-2.21551181102362,1.36299212598425));
#15283=CARTESIAN_POINT('Ctrl Pts',(8.66062992125984,-2.24905283068612,1.36299212598425));
#15284=CARTESIAN_POINT('',(8.60311150089879,-2.21551181102362,1.18799212598425));
#15285=CARTESIAN_POINT('',(8.63187071107932,-2.21551181102362,1.16299212598425));
#15286=CARTESIAN_POINT('Origin',(8.60311150089879,-2.21551181102362,1.25299212598425));
#15287=CARTESIAN_POINT('Origin',(-1.59581632198538,-2.21551181102362,1.25299212598425));
#15288=CARTESIAN_POINT('',(-1.59581632198538,-2.21551181102362,1.18799212598425));
#15289=CARTESIAN_POINT('Origin',(8.63187071107932,-10.2155118110236,1.25299212598425));
#15290=CARTESIAN_POINT('Ctrl Pts',(8.66062992125984,-10.1819707913611,1.36299212598425));
#15291=CARTESIAN_POINT('Ctrl Pts',(8.64937631727616,-10.2155118110236,1.36299212598425));
#15292=CARTESIAN_POINT('Ctrl Pts',(8.66062992125984,-10.2490528306861,1.36299212598425));
#15293=CARTESIAN_POINT('',(8.60311150089879,-10.2155118110236,1.18799212598425));
#15294=CARTESIAN_POINT('',(8.63187071107932,-10.2155118110236,1.16299212598425));
#15295=CARTESIAN_POINT('Origin',(8.60311150089879,-10.2155118110236,1.25299212598425));
#15296=CARTESIAN_POINT('Origin',(-1.59581632198538,-10.2155118110236,1.25299212598425));
#15297=CARTESIAN_POINT('',(-1.59581632198538,-10.2155118110236,1.18799212598425));
#15298=CARTESIAN_POINT('Origin',(8.46062992125984,-10.5531496062992,1.36299212598425));
#15299=CARTESIAN_POINT('Ctrl Pts',(8.66062992125984,-6.18197079136112,1.36299212598425));
#15300=CARTESIAN_POINT('Ctrl Pts',(8.64937631727616,-6.21551181102362,1.36299212598425));
#15301=CARTESIAN_POINT('Ctrl Pts',(8.66062992125984,-6.24905283068612,1.36299212598425));
#15302=CARTESIAN_POINT('Origin',(8.63187071107932,-10.4431496062992,0.631496062992126));
#15303=CARTESIAN_POINT('',(8.60311150089879,-10.4431496062992,0.566496062992128));
#15304=CARTESIAN_POINT('',(8.63187071107932,-10.4431496062992,0.541496062992126));
#15305=CARTESIAN_POINT('Origin',(8.60311150089879,-10.4431496062992,0.631496062992126));
#15306=CARTESIAN_POINT('Origin',(-1.59581632198538,-10.4431496062992,0.631496062992126));
#15307=CARTESIAN_POINT('',(-1.59581632198538,-10.4431496062992,0.566496062992126));
#15308=CARTESIAN_POINT('Origin',(8.63187071107932,-10.4431496062992,-3.36850393700787));
#15309=CARTESIAN_POINT('',(8.60311150089879,-10.4431496062992,-3.43350393700787));
#15310=CARTESIAN_POINT('',(8.63187071107932,-10.4431496062992,-3.45850393700787));
#15311=CARTESIAN_POINT('Origin',(8.60311150089879,-10.4431496062992,-3.36850393700787));
#15312=CARTESIAN_POINT('Origin',(-1.59581632198538,-10.4431496062992,-3.36850393700787));
#15313=CARTESIAN_POINT('',(-1.59581632198538,-10.4431496062992,-3.43350393700787));
#15314=CARTESIAN_POINT('Origin',(8.63187071107932,-10.4431496062992,-1.36850393700787));
#15315=CARTESIAN_POINT('',(8.60311150089879,-10.4431496062992,-1.43350393700787));
#15316=CARTESIAN_POINT('',(8.63187071107932,-10.4431496062992,-1.45850393700787));
#15317=CARTESIAN_POINT('Origin',(8.60311150089879,-10.4431496062992,-1.36850393700787));
#15318=CARTESIAN_POINT('Origin',(-1.59581632198538,-10.4431496062992,-1.36850393700787));
#15319=CARTESIAN_POINT('',(-1.59581632198538,-10.4431496062992,-1.43350393700787));
#15320=CARTESIAN_POINT('Origin',(8.63187071107932,-6.21551181102362,1.25299212598425));
#15321=CARTESIAN_POINT('',(8.60311150089879,-6.21551181102362,1.18799212598425));
#15322=CARTESIAN_POINT('',(8.63187071107932,-6.21551181102362,1.16299212598425));
#15323=CARTESIAN_POINT('Origin',(8.60311150089879,-6.21551181102362,1.25299212598425));
#15324=CARTESIAN_POINT('Origin',(-1.59581632198538,-6.21551181102362,1.25299212598425));
#15325=CARTESIAN_POINT('',(-1.59581632198538,-6.21551181102362,1.18799212598425));
#15326=CARTESIAN_POINT('Origin',(8.46062992125984,-3.5359842519685,-0.939999999999998));
#15327=CARTESIAN_POINT('',(8.36062992125984,-3.5759842519685,-0.939999999999998));
#15328=CARTESIAN_POINT('',(8.36062992125984,-3.5359842519685,-0.899999999999998));
#15329=CARTESIAN_POINT('Origin',(8.36062992125984,-3.5359842519685,-0.939999999999998));
#15330=CARTESIAN_POINT('',(8.46062992125984,-3.5759842519685,-0.939999999999998));
#15331=CARTESIAN_POINT('',(8.46062992125984,-3.5359842519685,-0.899999999999998));
#15332=CARTESIAN_POINT('Origin',(8.46062992125984,-3.4759842519685,-0.899999999999998));
#15333=CARTESIAN_POINT('',(8.36062992125984,-3.4759842519685,-0.899999999999998));
#15334=CARTESIAN_POINT('',(8.41062992125984,-3.4259842519685,-0.899999999999998));
#15335=CARTESIAN_POINT('',(8.36062992125984,-3.5759842519685,-0.899999999999998));
#15336=CARTESIAN_POINT('Origin',(8.36062992125984,-3.5259842519685,-2.5));
#15337=CARTESIAN_POINT('',(8.36062992125984,-3.47598425196851,-4.1));
#15338=CARTESIAN_POINT('',(8.36062992125984,-3.4759842519685,-0.899999999999998));
#15339=CARTESIAN_POINT('',(8.36062992125984,-3.50715487057972,-4.1));
#15340=CARTESIAN_POINT('',(8.36062992125984,3.67212598425197,-4.1));
#15341=CARTESIAN_POINT('',(8.36062992125984,-3.54654718070021,-4.06694592710668));
#15342=CARTESIAN_POINT('Origin',(8.36062992125984,-3.50715487057972,-4.06));
#15343=CARTESIAN_POINT('',(8.36062992125984,-3.57537656208899,-3.90344638056564));
#15344=CARTESIAN_POINT('',(8.36062992125984,-3.54071885582681,-4.1));
#15345=CARTESIAN_POINT('',(8.36062992125984,-3.5759842519685,-3.89650045345896));
#15346=CARTESIAN_POINT('Origin',(8.36062992125984,-3.5359842519685,-3.89650045345896));
#15347=CARTESIAN_POINT('',(8.36062992125984,-3.5759842519685,-3.9));
#15348=CARTESIAN_POINT('Origin',(8.46062992125984,-3.68291338582677,-0.939999999999998));
#15349=CARTESIAN_POINT('',(8.36062992125984,-3.68291338582677,-0.899999999999998));
#15350=CARTESIAN_POINT('',(8.36062992125984,-3.64291338582677,-0.939999999999998));
#15351=CARTESIAN_POINT('Origin',(8.36062992125984,-3.68291338582677,-0.939999999999998));
#15352=CARTESIAN_POINT('',(8.46062992125984,-3.68291338582677,-0.899999999999998));
#15353=CARTESIAN_POINT('',(8.46062992125984,-3.64291338582677,-0.939999999999998));
#15354=CARTESIAN_POINT('Origin',(8.46062992125984,-3.64291338582677,-3.9));
#15355=CARTESIAN_POINT('',(8.36062992125984,-3.64291338582677,-3.89650045345896));
#15356=CARTESIAN_POINT('',(8.46062992125984,-3.64291338582677,-3.89650045345896));
#15357=CARTESIAN_POINT('',(8.36062992125984,-3.64291338582677,-0.899999999999998));
#15358=CARTESIAN_POINT('Origin',(8.36062992125984,-3.69291338582677,-2.5));
#15359=CARTESIAN_POINT('',(8.36062992125984,-3.64352107570628,-3.90344638056564));
#15360=CARTESIAN_POINT('Origin',(8.36062992125984,-3.68291338582677,-3.89650045345896));
#15361=CARTESIAN_POINT('',(8.36062992125984,-3.67235045709507,-4.06694592710668));
#15362=CARTESIAN_POINT('',(8.36062992125984,-3.64291338582677,-3.9));
#15363=CARTESIAN_POINT('',(8.36062992125984,-3.71174276721556,-4.1));
#15364=CARTESIAN_POINT('Origin',(8.36062992125984,-3.71174276721556,-4.06));
#15365=CARTESIAN_POINT('',(8.36062992125984,-3.74291338582677,-4.1));
#15366=CARTESIAN_POINT('',(8.36062992125984,3.67212598425197,-4.1));
#15367=CARTESIAN_POINT('',(8.36062992125984,-3.74291338582677,-0.899999999999998));
#15368=CARTESIAN_POINT('',(8.36062992125984,-3.74291338582677,-4.1));
#15369=CARTESIAN_POINT('',(8.36062992125984,-3.74291338582677,-0.899999999999998));
#15370=CARTESIAN_POINT('Origin',(8.46062992125984,-3.50715487057972,-4.06));
#15371=CARTESIAN_POINT('',(8.46062992125984,-3.50715487057972,-4.1));
#15372=CARTESIAN_POINT('',(8.46062992125984,-3.54654718070021,-4.06694592710668));
#15373=CARTESIAN_POINT('Origin',(8.46062992125984,-3.5759842519685,-3.9));
#15374=CARTESIAN_POINT('',(8.46062992125984,-3.57537656208899,-3.90344638056564));
#15375=CARTESIAN_POINT('Origin',(8.46062992125984,-3.5359842519685,-3.89650045345896));
#15376=CARTESIAN_POINT('',(8.46062992125984,-3.5759842519685,-3.89650045345896));
#15377=CARTESIAN_POINT('Origin',(8.46062992125984,-3.68291338582677,-3.89650045345896));
#15378=CARTESIAN_POINT('',(8.46062992125984,-3.64352107570628,-3.90344638056564));
#15379=CARTESIAN_POINT('Origin',(8.46062992125984,-3.67817878196847,-4.1));
#15380=CARTESIAN_POINT('',(8.46062992125984,-3.67235045709507,-4.06694592710668));
#15381=CARTESIAN_POINT('Origin',(8.46062992125984,-3.71174276721556,-4.06));
#15382=CARTESIAN_POINT('',(8.46062992125984,-3.71174276721556,-4.1));
#15383=CARTESIAN_POINT('Origin',(8.46062992125984,-5.3859842519685,-0.939999999999998));
#15384=CARTESIAN_POINT('',(8.36062992125984,-5.4259842519685,-0.939999999999998));
#15385=CARTESIAN_POINT('',(8.36062992125984,-5.3859842519685,-0.899999999999998));
#15386=CARTESIAN_POINT('Origin',(8.36062992125984,-5.3859842519685,-0.939999999999998));
#15387=CARTESIAN_POINT('',(8.46062992125984,-5.4259842519685,-0.939999999999998));
#15388=CARTESIAN_POINT('',(8.46062992125984,-5.3859842519685,-0.899999999999998));
#15389=CARTESIAN_POINT('Origin',(8.46062992125984,-5.3259842519685,-0.899999999999998));
#15390=CARTESIAN_POINT('',(8.36062992125984,-5.3259842519685,-0.899999999999998));
#15391=CARTESIAN_POINT('',(8.41062992125984,-5.2759842519685,-0.899999999999998));
#15392=CARTESIAN_POINT('',(8.36062992125984,-5.4259842519685,-0.899999999999998));
#15393=CARTESIAN_POINT('Origin',(8.36062992125984,-5.3759842519685,-2.5));
#15394=CARTESIAN_POINT('',(8.36062992125984,-5.3259842519685,-4.1));
#15395=CARTESIAN_POINT('',(8.36062992125984,-5.3259842519685,-0.899999999999998));
#15396=CARTESIAN_POINT('',(8.36062992125984,-5.35715487057972,-4.1));
#15397=CARTESIAN_POINT('',(8.36062992125984,1.82212598425197,-4.1));
#15398=CARTESIAN_POINT('',(8.36062992125984,-5.39654718070021,-4.06694592710668));
#15399=CARTESIAN_POINT('Origin',(8.36062992125984,-5.35715487057972,-4.06));
#15400=CARTESIAN_POINT('',(8.36062992125984,-5.42537656208899,-3.90344638056564));
#15401=CARTESIAN_POINT('',(8.36062992125984,-5.39071885582681,-4.1));
#15402=CARTESIAN_POINT('',(8.36062992125984,-5.4259842519685,-3.89650045345896));
#15403=CARTESIAN_POINT('Origin',(8.36062992125984,-5.3859842519685,-3.89650045345896));
#15404=CARTESIAN_POINT('',(8.36062992125984,-5.4259842519685,-3.9));
#15405=CARTESIAN_POINT('Origin',(8.46062992125984,-5.53291338582677,-0.939999999999998));
#15406=CARTESIAN_POINT('',(8.36062992125984,-5.53291338582677,-0.899999999999998));
#15407=CARTESIAN_POINT('',(8.36062992125984,-5.49291338582677,-0.939999999999998));
#15408=CARTESIAN_POINT('Origin',(8.36062992125984,-5.53291338582677,-0.939999999999998));
#15409=CARTESIAN_POINT('',(8.46062992125984,-5.53291338582677,-0.899999999999998));
#15410=CARTESIAN_POINT('',(8.46062992125984,-5.49291338582677,-0.939999999999998));
#15411=CARTESIAN_POINT('Origin',(8.46062992125984,-5.49291338582677,-3.9));
#15412=CARTESIAN_POINT('',(8.36062992125984,-5.49291338582677,-3.89650045345896));
#15413=CARTESIAN_POINT('',(8.46062992125984,-5.49291338582677,-3.89650045345896));
#15414=CARTESIAN_POINT('',(8.36062992125984,-5.49291338582677,-0.899999999999998));
#15415=CARTESIAN_POINT('Origin',(8.36062992125984,-5.54291338582677,-2.5));
#15416=CARTESIAN_POINT('',(8.36062992125984,-5.49352107570628,-3.90344638056564));
#15417=CARTESIAN_POINT('Origin',(8.36062992125984,-5.53291338582677,-3.89650045345896));
#15418=CARTESIAN_POINT('',(8.36062992125984,-5.52235045709507,-4.06694592710668));
#15419=CARTESIAN_POINT('',(8.36062992125984,-5.49291338582677,-3.9));
#15420=CARTESIAN_POINT('',(8.36062992125984,-5.56174276721556,-4.1));
#15421=CARTESIAN_POINT('Origin',(8.36062992125984,-5.56174276721556,-4.06));
#15422=CARTESIAN_POINT('',(8.36062992125984,-5.59291338582677,-4.1));
#15423=CARTESIAN_POINT('',(8.36062992125984,1.82212598425197,-4.1));
#15424=CARTESIAN_POINT('',(8.36062992125984,-5.59291338582677,-0.899999999999998));
#15425=CARTESIAN_POINT('',(8.36062992125984,-5.59291338582677,-4.1));
#15426=CARTESIAN_POINT('',(8.36062992125984,-5.59291338582677,-0.899999999999998));
#15427=CARTESIAN_POINT('Origin',(8.46062992125984,-5.35715487057972,-4.06));
#15428=CARTESIAN_POINT('',(8.46062992125984,-5.35715487057972,-4.1));
#15429=CARTESIAN_POINT('',(8.46062992125984,-5.39654718070021,-4.06694592710668));
#15430=CARTESIAN_POINT('Origin',(8.46062992125984,-5.4259842519685,-3.9));
#15431=CARTESIAN_POINT('',(8.46062992125984,-5.42537656208899,-3.90344638056564));
#15432=CARTESIAN_POINT('Origin',(8.46062992125984,-5.3859842519685,-3.89650045345896));
#15433=CARTESIAN_POINT('',(8.46062992125984,-5.4259842519685,-3.89650045345896));
#15434=CARTESIAN_POINT('Origin',(8.46062992125984,-5.53291338582677,-3.89650045345896));
#15435=CARTESIAN_POINT('',(8.46062992125984,-5.49352107570628,-3.90344638056564));
#15436=CARTESIAN_POINT('Origin',(8.46062992125984,-5.52817878196847,-4.1));
#15437=CARTESIAN_POINT('',(8.46062992125984,-5.52235045709507,-4.06694592710668));
#15438=CARTESIAN_POINT('Origin',(8.46062992125984,-5.56174276721556,-4.06));
#15439=CARTESIAN_POINT('',(8.46062992125984,-5.56174276721556,-4.1));
#15440=CARTESIAN_POINT('Origin',(8.46062992125984,-7.2359842519685,-0.939999999999998));
#15441=CARTESIAN_POINT('',(8.36062992125984,-7.2759842519685,-0.939999999999998));
#15442=CARTESIAN_POINT('',(8.36062992125984,-7.2359842519685,-0.899999999999998));
#15443=CARTESIAN_POINT('Origin',(8.36062992125984,-7.2359842519685,-0.939999999999998));
#15444=CARTESIAN_POINT('',(8.46062992125984,-7.2759842519685,-0.939999999999998));
#15445=CARTESIAN_POINT('',(8.46062992125984,-7.2359842519685,-0.899999999999998));
#15446=CARTESIAN_POINT('Origin',(8.46062992125984,-7.1759842519685,-0.899999999999998));
#15447=CARTESIAN_POINT('',(8.36062992125984,-7.1759842519685,-0.899999999999998));
#15448=CARTESIAN_POINT('',(8.41062992125984,-7.1259842519685,-0.899999999999998));
#15449=CARTESIAN_POINT('',(8.36062992125984,-7.2759842519685,-0.899999999999998));
#15450=CARTESIAN_POINT('Origin',(8.36062992125984,-7.2259842519685,-2.5));
#15451=CARTESIAN_POINT('',(8.36062992125984,-7.1759842519685,-4.1));
#15452=CARTESIAN_POINT('',(8.36062992125984,-7.1759842519685,-0.899999999999998));
#15453=CARTESIAN_POINT('',(8.36062992125984,-7.20715487057972,-4.1));
#15454=CARTESIAN_POINT('',(8.36062992125984,-0.0278740157480326,-4.1));
#15455=CARTESIAN_POINT('',(8.36062992125984,-7.24654718070021,-4.06694592710668));
#15456=CARTESIAN_POINT('Origin',(8.36062992125984,-7.20715487057972,-4.06));
#15457=CARTESIAN_POINT('',(8.36062992125984,-7.27537656208899,-3.90344638056564));
#15458=CARTESIAN_POINT('',(8.36062992125984,-7.24071885582681,-4.1));
#15459=CARTESIAN_POINT('',(8.36062992125984,-7.2759842519685,-3.89650045345896));
#15460=CARTESIAN_POINT('Origin',(8.36062992125984,-7.2359842519685,-3.89650045345896));
#15461=CARTESIAN_POINT('',(8.36062992125984,-7.2759842519685,-3.9));
#15462=CARTESIAN_POINT('Origin',(8.46062992125984,-7.38291338582677,-0.939999999999998));
#15463=CARTESIAN_POINT('',(8.36062992125984,-7.38291338582677,-0.899999999999998));
#15464=CARTESIAN_POINT('',(8.36062992125984,-7.34291338582677,-0.939999999999998));
#15465=CARTESIAN_POINT('Origin',(8.36062992125984,-7.38291338582677,-0.939999999999998));
#15466=CARTESIAN_POINT('',(8.46062992125984,-7.38291338582677,-0.899999999999998));
#15467=CARTESIAN_POINT('',(8.46062992125984,-7.34291338582677,-0.939999999999998));
#15468=CARTESIAN_POINT('Origin',(8.46062992125984,-7.34291338582677,-3.9));
#15469=CARTESIAN_POINT('',(8.36062992125984,-7.34291338582677,-3.89650045345896));
#15470=CARTESIAN_POINT('',(8.46062992125984,-7.34291338582677,-3.89650045345896));
#15471=CARTESIAN_POINT('',(8.36062992125984,-7.34291338582677,-0.899999999999998));
#15472=CARTESIAN_POINT('Origin',(8.36062992125984,-7.39291338582677,-2.5));
#15473=CARTESIAN_POINT('',(8.36062992125984,-7.34352107570628,-3.90344638056564));
#15474=CARTESIAN_POINT('Origin',(8.36062992125984,-7.38291338582677,-3.89650045345896));
#15475=CARTESIAN_POINT('',(8.36062992125984,-7.37235045709507,-4.06694592710668));
#15476=CARTESIAN_POINT('',(8.36062992125984,-7.34291338582677,-3.9));
#15477=CARTESIAN_POINT('',(8.36062992125984,-7.41174276721556,-4.1));
#15478=CARTESIAN_POINT('Origin',(8.36062992125984,-7.41174276721556,-4.06));
#15479=CARTESIAN_POINT('',(8.36062992125984,-7.44291338582677,-4.1));
#15480=CARTESIAN_POINT('',(8.36062992125984,-0.0278740157480326,-4.1));
#15481=CARTESIAN_POINT('',(8.36062992125984,-7.44291338582677,-0.899999999999998));
#15482=CARTESIAN_POINT('',(8.36062992125984,-7.44291338582677,-4.1));
#15483=CARTESIAN_POINT('',(8.36062992125984,-7.44291338582677,-0.899999999999998));
#15484=CARTESIAN_POINT('Origin',(8.46062992125984,-7.20715487057972,-4.06));
#15485=CARTESIAN_POINT('',(8.46062992125984,-7.20715487057972,-4.1));
#15486=CARTESIAN_POINT('',(8.46062992125984,-7.24654718070021,-4.06694592710668));
#15487=CARTESIAN_POINT('Origin',(8.46062992125984,-7.2759842519685,-3.9));
#15488=CARTESIAN_POINT('',(8.46062992125984,-7.27537656208899,-3.90344638056564));
#15489=CARTESIAN_POINT('Origin',(8.46062992125984,-7.2359842519685,-3.89650045345896));
#15490=CARTESIAN_POINT('',(8.46062992125984,-7.2759842519685,-3.89650045345896));
#15491=CARTESIAN_POINT('Origin',(8.46062992125984,-7.38291338582677,-3.89650045345896));
#15492=CARTESIAN_POINT('',(8.46062992125984,-7.34352107570628,-3.90344638056564));
#15493=CARTESIAN_POINT('Origin',(8.46062992125984,-7.37817878196847,-4.1));
#15494=CARTESIAN_POINT('',(8.46062992125984,-7.37235045709507,-4.06694592710668));
#15495=CARTESIAN_POINT('Origin',(8.46062992125984,-7.41174276721556,-4.06));
#15496=CARTESIAN_POINT('',(8.46062992125984,-7.41174276721556,-4.1));
#15497=CARTESIAN_POINT('Origin',(8.41062992125984,-3.79291338582677,-1.13425196850394));
#15498=CARTESIAN_POINT('',(8.38562992125984,-3.76791338582677,-0.899999999999998));
#15499=CARTESIAN_POINT('',(7.94437007874016,-3.32665354330708,-4.1));
#15500=CARTESIAN_POINT('Origin',(8.41062992125984,-3.4259842519685,-2.73425196850394));
#15501=CARTESIAN_POINT('',(8.81015748031496,-3.02645669291338,-4.1));
#15502=CARTESIAN_POINT('Origin',(8.41062992125984,-5.64291338582677,-1.13425196850394));
#15503=CARTESIAN_POINT('',(8.38562992125984,-5.61791338582677,-0.899999999999998));
#15504=CARTESIAN_POINT('',(7.48187007874016,-4.71415354330708,-4.1));
#15505=CARTESIAN_POINT('Origin',(8.41062992125984,-5.2759842519685,-2.73425196850394));
#15506=CARTESIAN_POINT('',(9.27265748031496,-4.41395669291339,-4.1));
#15507=CARTESIAN_POINT('Origin',(8.41062992125984,-7.49291338582677,-1.13425196850394));
#15508=CARTESIAN_POINT('',(8.38562992125984,-7.46791338582677,-0.899999999999998));
#15509=CARTESIAN_POINT('',(7.01937007874016,-6.10165354330707,-4.1));
#15510=CARTESIAN_POINT('Origin',(8.41062992125984,-7.1259842519685,-2.73425196850394));
#15511=CARTESIAN_POINT('',(9.73515748031496,-5.80145669291339,-4.1));
#15512=CARTESIAN_POINT('Origin',(8.46062992125984,-3.5759842519685,-0.899999999999998));
#15513=CARTESIAN_POINT('Origin',(8.46062992125984,-3.64291338582677,-0.899999999999998));
#15514=CARTESIAN_POINT('Origin',(8.46062992125984,-5.4259842519685,-0.899999999999998));
#15515=CARTESIAN_POINT('Origin',(8.46062992125984,-5.49291338582677,-0.899999999999998));
#15516=CARTESIAN_POINT('Origin',(8.46062992125984,-7.2759842519685,-0.899999999999998));
#15517=CARTESIAN_POINT('Origin',(8.46062992125984,-7.34291338582677,-0.899999999999998));
#15518=CARTESIAN_POINT('Origin',(8.46062992125984,-9.0859842519685,-0.939999999999998));
#15519=CARTESIAN_POINT('',(8.36062992125984,-9.1259842519685,-0.939999999999998));
#15520=CARTESIAN_POINT('',(8.36062992125984,-9.0859842519685,-0.899999999999998));
#15521=CARTESIAN_POINT('Origin',(8.36062992125984,-9.0859842519685,-0.939999999999998));
#15522=CARTESIAN_POINT('',(8.46062992125984,-9.1259842519685,-0.939999999999998));
#15523=CARTESIAN_POINT('',(8.46062992125984,-9.0859842519685,-0.899999999999998));
#15524=CARTESIAN_POINT('Origin',(8.46062992125984,-9.0259842519685,-0.899999999999998));
#15525=CARTESIAN_POINT('',(8.36062992125984,-9.0259842519685,-0.899999999999998));
#15526=CARTESIAN_POINT('',(8.41062992125984,-8.9759842519685,-0.899999999999998));
#15527=CARTESIAN_POINT('',(8.36062992125984,-9.1259842519685,-0.899999999999998));
#15528=CARTESIAN_POINT('Origin',(8.36062992125984,-9.0759842519685,-2.5));
#15529=CARTESIAN_POINT('',(8.36062992125984,-9.02598425196851,-4.1));
#15530=CARTESIAN_POINT('',(8.36062992125984,-9.0259842519685,-0.899999999999998));
#15531=CARTESIAN_POINT('',(8.36062992125984,-9.05715487057972,-4.1));
#15532=CARTESIAN_POINT('',(8.36062992125984,-1.87787401574803,-4.1));
#15533=CARTESIAN_POINT('',(8.36062992125984,-9.09654718070021,-4.06694592710668));
#15534=CARTESIAN_POINT('Origin',(8.36062992125984,-9.05715487057972,-4.06));
#15535=CARTESIAN_POINT('',(8.36062992125984,-9.12537656208899,-3.90344638056564));
#15536=CARTESIAN_POINT('',(8.36062992125984,-9.09071885582681,-4.1));
#15537=CARTESIAN_POINT('',(8.36062992125984,-9.1259842519685,-3.89650045345896));
#15538=CARTESIAN_POINT('Origin',(8.36062992125984,-9.0859842519685,-3.89650045345896));
#15539=CARTESIAN_POINT('',(8.36062992125984,-9.1259842519685,-3.9));
#15540=CARTESIAN_POINT('Origin',(8.46062992125984,-9.23291338582677,-0.939999999999998));
#15541=CARTESIAN_POINT('',(8.36062992125984,-9.23291338582677,-0.899999999999998));
#15542=CARTESIAN_POINT('',(8.36062992125984,-9.19291338582677,-0.939999999999998));
#15543=CARTESIAN_POINT('Origin',(8.36062992125984,-9.23291338582677,-0.939999999999998));
#15544=CARTESIAN_POINT('',(8.46062992125984,-9.23291338582677,-0.899999999999998));
#15545=CARTESIAN_POINT('',(8.46062992125984,-9.19291338582677,-0.939999999999998));
#15546=CARTESIAN_POINT('Origin',(8.46062992125984,-9.19291338582677,-3.9));
#15547=CARTESIAN_POINT('',(8.36062992125984,-9.19291338582677,-3.89650045345896));
#15548=CARTESIAN_POINT('',(8.46062992125984,-9.19291338582677,-3.89650045345896));
#15549=CARTESIAN_POINT('',(8.36062992125984,-9.19291338582677,-0.899999999999998));
#15550=CARTESIAN_POINT('Origin',(8.36062992125984,-9.24291338582677,-2.5));
#15551=CARTESIAN_POINT('',(8.36062992125984,-9.19352107570629,-3.90344638056564));
#15552=CARTESIAN_POINT('Origin',(8.36062992125984,-9.23291338582677,-3.89650045345896));
#15553=CARTESIAN_POINT('',(8.36062992125984,-9.22235045709507,-4.06694592710668));
#15554=CARTESIAN_POINT('',(8.36062992125984,-9.19291338582677,-3.9));
#15555=CARTESIAN_POINT('',(8.36062992125984,-9.26174276721556,-4.1));
#15556=CARTESIAN_POINT('Origin',(8.36062992125984,-9.26174276721556,-4.06));
#15557=CARTESIAN_POINT('',(8.36062992125984,-9.29291338582677,-4.1));
#15558=CARTESIAN_POINT('',(8.36062992125984,-1.87787401574803,-4.1));
#15559=CARTESIAN_POINT('',(8.36062992125984,-9.29291338582677,-0.899999999999998));
#15560=CARTESIAN_POINT('',(8.36062992125984,-9.29291338582677,-4.1));
#15561=CARTESIAN_POINT('',(8.36062992125984,-9.29291338582677,-0.899999999999998));
#15562=CARTESIAN_POINT('Origin',(8.46062992125984,-9.05715487057972,-4.06));
#15563=CARTESIAN_POINT('',(8.46062992125984,-9.05715487057972,-4.1));
#15564=CARTESIAN_POINT('',(8.46062992125984,-9.09654718070021,-4.06694592710668));
#15565=CARTESIAN_POINT('Origin',(8.46062992125984,-9.1259842519685,-3.9));
#15566=CARTESIAN_POINT('',(8.46062992125984,-9.12537656208899,-3.90344638056564));
#15567=CARTESIAN_POINT('Origin',(8.46062992125984,-9.0859842519685,-3.89650045345896));
#15568=CARTESIAN_POINT('',(8.46062992125984,-9.1259842519685,-3.89650045345896));
#15569=CARTESIAN_POINT('Origin',(8.46062992125984,-9.23291338582677,-3.89650045345896));
#15570=CARTESIAN_POINT('',(8.46062992125984,-9.19352107570629,-3.90344638056564));
#15571=CARTESIAN_POINT('Origin',(8.46062992125984,-9.22817878196847,-4.1));
#15572=CARTESIAN_POINT('',(8.46062992125984,-9.22235045709507,-4.06694592710668));
#15573=CARTESIAN_POINT('Origin',(8.46062992125984,-9.26174276721556,-4.06));
#15574=CARTESIAN_POINT('',(8.46062992125984,-9.26174276721556,-4.1));
#15575=CARTESIAN_POINT('Origin',(8.41062992125984,-9.34291338582677,-1.13425196850393));
#15576=CARTESIAN_POINT('',(8.38562992125984,-9.31791338582677,-0.899999999999998));
#15577=CARTESIAN_POINT('',(6.55687007874016,-7.48915354330704,-4.1));
#15578=CARTESIAN_POINT('Origin',(8.41062992125984,-8.9759842519685,-2.73425196850394));
#15579=CARTESIAN_POINT('',(10.197657480315,-7.18895669291336,-4.1));
#15580=CARTESIAN_POINT('Origin',(8.46062992125984,-9.1259842519685,-0.899999999999998));
#15581=CARTESIAN_POINT('Origin',(8.46062992125984,-9.19291338582677,-0.899999999999998));
#15582=CARTESIAN_POINT('Origin',(8.46062992125984,-1.87787401574803,-4.1));
#15583=CARTESIAN_POINT('Origin',(8.04711055733172,-2.21551181102362,1.25299212598425));
#15584=CARTESIAN_POINT('',(8.06062992125984,-2.21551181102362,1.20799212598425));
#15585=CARTESIAN_POINT('Origin',(8.06062992125984,-2.21551181102362,1.25299212598425));
#15586=CARTESIAN_POINT('',(8.0335911934036,-2.21551181102362,1.25299212598425));
#15587=CARTESIAN_POINT('',(8.04711055733172,-2.21551181102362,1.23049212598425));
#15588=CARTESIAN_POINT('Origin',(8.36062992125984,-2.21551181102362,1.25299212598425));
#15589=CARTESIAN_POINT('',(8.46062992125984,-2.21551181102362,1.20799212598425));
#15590=CARTESIAN_POINT('Origin',(8.46062992125984,-2.21551181102362,1.25299212598425));
#15591=CARTESIAN_POINT('',(8.36062992125984,-2.21551181102362,1.20799212598425));
#15592=CARTESIAN_POINT('Origin',(8.04711055733172,-6.21551181102362,1.25299212598425));
#15593=CARTESIAN_POINT('',(8.06062992125984,-6.21551181102362,1.20799212598425));
#15594=CARTESIAN_POINT('Origin',(8.06062992125984,-6.21551181102362,1.25299212598425));
#15595=CARTESIAN_POINT('',(8.0335911934036,-6.21551181102362,1.25299212598425));
#15596=CARTESIAN_POINT('',(8.04711055733172,-6.21551181102362,1.23049212598425));
#15597=CARTESIAN_POINT('Origin',(8.36062992125984,-6.21551181102362,1.25299212598425));
#15598=CARTESIAN_POINT('',(8.46062992125984,-6.21551181102362,1.20799212598425));
#15599=CARTESIAN_POINT('Origin',(8.46062992125984,-6.21551181102362,1.25299212598425));
#15600=CARTESIAN_POINT('',(8.36062992125984,-6.21551181102362,1.20799212598425));
#15601=CARTESIAN_POINT('Origin',(8.04711055733172,-10.2155118110236,1.25299212598425));
#15602=CARTESIAN_POINT('',(8.06062992125984,-10.2155118110236,1.20799212598425));
#15603=CARTESIAN_POINT('Origin',(8.06062992125984,-10.2155118110236,1.25299212598425));
#15604=CARTESIAN_POINT('',(8.0335911934036,-10.2155118110236,1.25299212598425));
#15605=CARTESIAN_POINT('',(8.04711055733172,-10.2155118110236,1.23049212598425));
#15606=CARTESIAN_POINT('Origin',(8.36062992125984,-10.2155118110236,1.25299212598425));
#15607=CARTESIAN_POINT('',(8.46062992125984,-10.2155118110236,1.20799212598425));
#15608=CARTESIAN_POINT('Origin',(8.46062992125984,-10.2155118110236,1.25299212598425));
#15609=CARTESIAN_POINT('',(8.36062992125984,-10.2155118110236,1.20799212598425));
#15610=CARTESIAN_POINT('Origin',(5.48832251353442,-2.21551181102362,1.25299212598425));
#15611=CARTESIAN_POINT('',(5.4748031496063,-2.21551181102362,1.20799212598425));
#15612=CARTESIAN_POINT('Origin',(5.4748031496063,-2.21551181102362,1.25299212598425));
#15613=CARTESIAN_POINT('',(5.50184187746254,-2.21551181102362,1.25299212598425));
#15614=CARTESIAN_POINT('',(5.48832251353442,-2.21551181102362,1.23049212598425));
#15615=CARTESIAN_POINT('Origin',(5.1748031496063,-2.21551181102362,1.25299212598425));
#15616=CARTESIAN_POINT('',(5.0748031496063,-2.21551181102362,1.20799212598425));
#15617=CARTESIAN_POINT('Origin',(5.0748031496063,-2.21551181102362,1.25299212598425));
#15618=CARTESIAN_POINT('',(5.1748031496063,-2.21551181102362,1.20799212598425));
#15619=CARTESIAN_POINT('Origin',(5.48832251353442,-6.21551181102362,1.25299212598425));
#15620=CARTESIAN_POINT('',(5.4748031496063,-6.21551181102362,1.20799212598425));
#15621=CARTESIAN_POINT('Origin',(5.4748031496063,-6.21551181102362,1.25299212598425));
#15622=CARTESIAN_POINT('',(5.50184187746254,-6.21551181102362,1.25299212598425));
#15623=CARTESIAN_POINT('',(5.48832251353442,-6.21551181102362,1.23049212598425));
#15624=CARTESIAN_POINT('Origin',(5.1748031496063,-6.21551181102362,1.25299212598425));
#15625=CARTESIAN_POINT('',(5.0748031496063,-6.21551181102362,1.20799212598425));
#15626=CARTESIAN_POINT('Origin',(5.0748031496063,-6.21551181102362,1.25299212598425));
#15627=CARTESIAN_POINT('',(5.1748031496063,-6.21551181102362,1.20799212598425));
#15628=CARTESIAN_POINT('Origin',(5.48832251353442,-10.2155118110236,1.25299212598425));
#15629=CARTESIAN_POINT('',(5.4748031496063,-10.2155118110236,1.20799212598425));
#15630=CARTESIAN_POINT('Origin',(5.4748031496063,-10.2155118110236,1.25299212598425));
#15631=CARTESIAN_POINT('',(5.50184187746254,-10.2155118110236,1.25299212598425));
#15632=CARTESIAN_POINT('',(5.48832251353442,-10.2155118110236,1.23049212598425));
#15633=CARTESIAN_POINT('Origin',(5.1748031496063,-10.2155118110236,1.25299212598425));
#15634=CARTESIAN_POINT('',(5.0748031496063,-10.2155118110236,1.20799212598425));
#15635=CARTESIAN_POINT('Origin',(5.0748031496063,-10.2155118110236,1.25299212598425));
#15636=CARTESIAN_POINT('',(5.1748031496063,-10.2155118110236,1.20799212598425));
#15637=CARTESIAN_POINT('Origin',(8.21062992125984,-1.57787401574803,1.36299212598425));
#15638=CARTESIAN_POINT('',(8.46062992125984,-1.57787401574803,1.14299212598425));
#15639=CARTESIAN_POINT('',(8.21062992125984,-1.32787401574803,1.14299212598425));
#15640=CARTESIAN_POINT('Origin',(8.21062992125984,-1.57787401574803,1.14299212598425));
#15641=CARTESIAN_POINT('',(8.21062992125984,-1.32787401574803,1.36299212598425));
#15642=CARTESIAN_POINT('',(8.21062992125984,-1.32787401574803,1.36299212598425));
#15643=CARTESIAN_POINT('',(8.46062992125984,-1.57787401574803,1.36299212598425));
#15644=CARTESIAN_POINT('Origin',(8.21062992125984,-1.57787401574803,1.36299212598425));
#15645=CARTESIAN_POINT('',(8.46062992125984,-1.57787401574803,1.36299212598425));
#15646=CARTESIAN_POINT('Origin',(6.76771653543307,-6.21551181102362,1.36299212598425));
#15647=CARTESIAN_POINT('',(5.3248031496063,-1.32787401574803,1.36299212598425));
#15648=CARTESIAN_POINT('',(8.46062992125984,-1.32787401574803,1.36299212598425));
#15649=CARTESIAN_POINT('',(5.0748031496063,-1.57787401574803,1.36299212598425));
#15650=CARTESIAN_POINT('Origin',(5.3248031496063,-1.57787401574803,1.36299212598425));
#15651=CARTESIAN_POINT('',(5.0748031496063,-10.8531496062992,1.36299212598425));
#15652=CARTESIAN_POINT('',(5.0748031496063,-1.32787401574803,1.36299212598425));
#15653=CARTESIAN_POINT('',(5.3248031496063,-11.1031496062992,1.36299212598425));
#15654=CARTESIAN_POINT('Origin',(5.3248031496063,-10.8531496062992,1.36299212598425));
#15655=CARTESIAN_POINT('',(8.21062992125984,-11.1031496062992,1.36299212598425));
#15656=CARTESIAN_POINT('',(5.0748031496063,-11.1031496062992,1.36299212598425));
#15657=CARTESIAN_POINT('',(8.46062992125984,-10.8531496062992,1.36299212598425));
#15658=CARTESIAN_POINT('Origin',(8.21062992125984,-10.8531496062992,1.36299212598425));
#15659=CARTESIAN_POINT('',(8.46062992125984,-11.1031496062992,1.36299212598425));
#15660=CARTESIAN_POINT('',(5.2248031496063,-1.57787401574803,1.36299212598425));
#15661=CARTESIAN_POINT('Origin',(5.3248031496063,-1.57787401574803,1.36299212598425));
#15662=CARTESIAN_POINT('',(8.11062992125984,-1.57787401574803,1.36299212598425));
#15663=CARTESIAN_POINT('Origin',(8.21062992125984,-1.57787401574803,1.36299212598425));
#15664=CARTESIAN_POINT('',(8.11062992125984,-10.8531496062992,1.36299212598425));
#15665=CARTESIAN_POINT('Origin',(8.21062992125984,-10.8531496062992,1.36299212598425));
#15666=CARTESIAN_POINT('',(5.2248031496063,-10.8531496062992,1.36299212598425));
#15667=CARTESIAN_POINT('Origin',(5.3248031496063,-10.8531496062992,1.36299212598425));
#15668=CARTESIAN_POINT('Origin',(5.0748031496063,-1.32787401574803,1.36299212598425));
#15669=CARTESIAN_POINT('',(5.3248031496063,-1.32787401574803,1.14299212598425));
#15670=CARTESIAN_POINT('',(8.46062992125984,-1.32787401574803,1.14299212598425));
#15671=CARTESIAN_POINT('',(5.3248031496063,-1.32787401574803,1.36299212598425));
#15672=CARTESIAN_POINT('Origin',(5.3248031496063,-1.57787401574803,1.36299212598425));
#15673=CARTESIAN_POINT('',(5.0748031496063,-1.57787401574803,1.14299212598425));
#15674=CARTESIAN_POINT('Origin',(5.3248031496063,-1.57787401574803,1.14299212598425));
#15675=CARTESIAN_POINT('',(5.0748031496063,-1.57787401574803,1.36299212598425));
#15676=CARTESIAN_POINT('Origin',(8.21062992125984,-10.8531496062992,1.36299212598425));
#15677=CARTESIAN_POINT('',(8.21062992125984,-11.1031496062992,1.14299212598425));
#15678=CARTESIAN_POINT('',(8.46062992125984,-10.8531496062992,1.14299212598425));
#15679=CARTESIAN_POINT('Origin',(8.21062992125984,-10.8531496062992,1.14299212598425));
#15680=CARTESIAN_POINT('',(8.46062992125984,-10.8531496062992,1.36299212598425));
#15681=CARTESIAN_POINT('',(8.21062992125984,-11.1031496062992,1.36299212598425));
#15682=CARTESIAN_POINT('Origin',(8.46062992125984,-11.1031496062992,1.36299212598425));
#15683=CARTESIAN_POINT('',(5.3248031496063,-11.1031496062992,1.14299212598425));
#15684=CARTESIAN_POINT('',(5.3248031496063,-11.1031496062992,1.36299212598425));
#15685=CARTESIAN_POINT('',(5.0748031496063,-11.1031496062992,1.14299212598425));
#15686=CARTESIAN_POINT('Origin',(5.3248031496063,-10.8531496062992,1.36299212598425));
#15687=CARTESIAN_POINT('',(5.0748031496063,-10.8531496062992,1.14299212598425));
#15688=CARTESIAN_POINT('Origin',(5.3248031496063,-10.8531496062992,1.14299212598425));
#15689=CARTESIAN_POINT('',(5.0748031496063,-10.8531496062992,1.36299212598425));
#15690=CARTESIAN_POINT('Origin',(5.3248031496063,-1.57787401574803,-8.98438608295697));
#15691=CARTESIAN_POINT('',(5.2248031496063,-1.57787401574803,1.14299212598425));
#15692=CARTESIAN_POINT('',(5.2248031496063,-1.57787401574803,-8.98438608295697));
#15693=CARTESIAN_POINT('Origin',(5.3248031496063,-1.57787401574803,1.14299212598425));
#15694=CARTESIAN_POINT('Origin',(8.21062992125984,-1.57787401574803,-8.98438608295697));
#15695=CARTESIAN_POINT('',(8.11062992125984,-1.57787401574803,1.14299212598425));
#15696=CARTESIAN_POINT('',(8.11062992125984,-1.57787401574803,-8.98438608295697));
#15697=CARTESIAN_POINT('Origin',(8.21062992125984,-1.57787401574803,1.14299212598425));
#15698=CARTESIAN_POINT('Origin',(8.21062992125984,-10.8531496062992,-8.98438608295697));
#15699=CARTESIAN_POINT('',(8.11062992125984,-10.8531496062992,1.14299212598425));
#15700=CARTESIAN_POINT('',(8.11062992125984,-10.8531496062992,-8.98438608295697));
#15701=CARTESIAN_POINT('Origin',(8.21062992125984,-10.8531496062992,1.14299212598425));
#15702=CARTESIAN_POINT('Origin',(5.3248031496063,-10.8531496062992,-8.98438608295697));
#15703=CARTESIAN_POINT('',(5.2248031496063,-10.8531496062992,1.14299212598425));
#15704=CARTESIAN_POINT('',(5.2248031496063,-10.8531496062992,-8.98438608295697));
#15705=CARTESIAN_POINT('Origin',(5.3248031496063,-10.8531496062992,1.14299212598425));
#15706=CARTESIAN_POINT('Origin',(5.0748031496063,-11.1031496062992,1.36299212598425));
#15707=CARTESIAN_POINT('',(5.0748031496063,-1.32787401574803,1.14299212598425));
#15708=CARTESIAN_POINT('Origin',(8.46062992125984,-1.32787401574803,1.36299212598425));
#15709=CARTESIAN_POINT('',(8.46062992125984,-11.1031496062992,1.14299212598425));
#15710=CARTESIAN_POINT('Origin',(6.76771653543307,-6.21551181102362,1.14299212598425));
#15711=CARTESIAN_POINT('Origin',(8.04711055733172,-10.4431496062992,0.631496062992126));
#15712=CARTESIAN_POINT('',(8.06062992125984,-10.4431496062992,0.586496062992126));
#15713=CARTESIAN_POINT('Origin',(8.06062992125984,-10.4431496062992,0.631496062992126));
#15714=CARTESIAN_POINT('',(8.0335911934036,-10.4431496062992,0.631496062992126));
#15715=CARTESIAN_POINT('',(8.04711055733172,-10.4431496062992,0.608996062992126));
#15716=CARTESIAN_POINT('Origin',(8.36062992125984,-10.4431496062992,0.631496062992126));
#15717=CARTESIAN_POINT('',(8.46062992125984,-10.4431496062992,0.586496062992126));
#15718=CARTESIAN_POINT('Origin',(8.46062992125984,-10.4431496062992,0.631496062992126));
#15719=CARTESIAN_POINT('',(8.36062992125984,-10.4431496062992,0.586496062992126));
#15720=CARTESIAN_POINT('Origin',(8.04711055733172,-10.4431496062992,-1.36850393700787));
#15721=CARTESIAN_POINT('',(8.06062992125984,-10.4431496062992,-1.41350393700787));
#15722=CARTESIAN_POINT('Origin',(8.06062992125984,-10.4431496062992,-1.36850393700787));
#15723=CARTESIAN_POINT('',(8.0335911934036,-10.4431496062992,-1.36850393700787));
#15724=CARTESIAN_POINT('',(8.04711055733172,-10.4431496062992,-1.39100393700787));
#15725=CARTESIAN_POINT('Origin',(8.36062992125984,-10.4431496062992,-1.36850393700787));
#15726=CARTESIAN_POINT('',(8.46062992125984,-10.4431496062992,-1.41350393700787));
#15727=CARTESIAN_POINT('Origin',(8.46062992125984,-10.4431496062992,-1.36850393700787));
#15728=CARTESIAN_POINT('',(8.36062992125984,-10.4431496062992,-1.41350393700787));
#15729=CARTESIAN_POINT('Origin',(8.04711055733172,-10.4431496062992,-3.36850393700787));
#15730=CARTESIAN_POINT('',(8.06062992125984,-10.4431496062992,-3.41350393700787));
#15731=CARTESIAN_POINT('Origin',(8.06062992125984,-10.4431496062992,-3.36850393700787));
#15732=CARTESIAN_POINT('',(8.0335911934036,-10.4431496062992,-3.36850393700787));
#15733=CARTESIAN_POINT('',(8.04711055733172,-10.4431496062992,-3.39100393700787));
#15734=CARTESIAN_POINT('Origin',(8.36062992125984,-10.4431496062992,-3.36850393700787));
#15735=CARTESIAN_POINT('',(8.46062992125984,-10.4431496062992,-3.41350393700787));
#15736=CARTESIAN_POINT('Origin',(8.46062992125984,-10.4431496062992,-3.36850393700787));
#15737=CARTESIAN_POINT('',(8.36062992125984,-10.4431496062992,-3.41350393700787));
#15738=CARTESIAN_POINT('Origin',(5.48832251353442,-10.4431496062992,0.631496062992126));
#15739=CARTESIAN_POINT('',(5.4748031496063,-10.4431496062992,0.586496062992126));
#15740=CARTESIAN_POINT('Origin',(5.4748031496063,-10.4431496062992,0.631496062992126));
#15741=CARTESIAN_POINT('',(5.50184187746254,-10.4431496062992,0.631496062992126));
#15742=CARTESIAN_POINT('',(5.48832251353442,-10.4431496062992,0.608996062992126));
#15743=CARTESIAN_POINT('Origin',(5.1748031496063,-10.4431496062992,0.631496062992126));
#15744=CARTESIAN_POINT('',(5.0748031496063,-10.4431496062992,0.586496062992126));
#15745=CARTESIAN_POINT('Origin',(5.0748031496063,-10.4431496062992,0.631496062992126));
#15746=CARTESIAN_POINT('',(5.1748031496063,-10.4431496062992,0.586496062992126));
#15747=CARTESIAN_POINT('Origin',(5.48832251353442,-10.4431496062992,-1.36850393700787));
#15748=CARTESIAN_POINT('',(5.4748031496063,-10.4431496062992,-1.41350393700787));
#15749=CARTESIAN_POINT('Origin',(5.4748031496063,-10.4431496062992,-1.36850393700787));
#15750=CARTESIAN_POINT('',(5.50184187746254,-10.4431496062992,-1.36850393700787));
#15751=CARTESIAN_POINT('',(5.48832251353442,-10.4431496062992,-1.39100393700787));
#15752=CARTESIAN_POINT('Origin',(5.1748031496063,-10.4431496062992,-1.36850393700787));
#15753=CARTESIAN_POINT('',(5.0748031496063,-10.4431496062992,-1.41350393700787));
#15754=CARTESIAN_POINT('Origin',(5.0748031496063,-10.4431496062992,-1.36850393700787));
#15755=CARTESIAN_POINT('',(5.1748031496063,-10.4431496062992,-1.41350393700787));
#15756=CARTESIAN_POINT('Origin',(5.48832251353442,-10.4431496062992,-3.36850393700787));
#15757=CARTESIAN_POINT('',(5.4748031496063,-10.4431496062992,-3.41350393700787));
#15758=CARTESIAN_POINT('Origin',(5.4748031496063,-10.4431496062992,-3.36850393700787));
#15759=CARTESIAN_POINT('',(5.50184187746254,-10.4431496062992,-3.36850393700787));
#15760=CARTESIAN_POINT('',(5.48832251353442,-10.4431496062992,-3.39100393700787));
#15761=CARTESIAN_POINT('Origin',(5.1748031496063,-10.4431496062992,-3.36850393700787));
#15762=CARTESIAN_POINT('',(5.0748031496063,-10.4431496062992,-3.41350393700787));
#15763=CARTESIAN_POINT('Origin',(5.0748031496063,-10.4431496062992,-3.36850393700787));
#15764=CARTESIAN_POINT('',(5.1748031496063,-10.4431496062992,-3.41350393700787));
#15765=CARTESIAN_POINT('Origin',(7.75196850393701,-4.30805638355396,-1.44125984251969));
#15766=CARTESIAN_POINT('',(7.70696850393701,-10.5531496062992,-1.44125984251968));
#15767=CARTESIAN_POINT('Origin',(7.75196850393701,-10.5531496062992,-1.44125984251968));
#15768=CARTESIAN_POINT('',(7.70696850393701,-10.3331496062992,-1.44125984251968));
#15769=CARTESIAN_POINT('',(7.70696850393701,-4.30805638355396,-1.44125984251969));
#15770=CARTESIAN_POINT('Origin',(7.75196850393701,-10.3331496062992,-1.44125984251968));
#15771=CARTESIAN_POINT('Origin',(5.78346456692914,-4.30805638355396,-1.44125984251969));
#15772=CARTESIAN_POINT('',(5.73846456692914,-10.5531496062992,-1.44125984251968));
#15773=CARTESIAN_POINT('Origin',(5.78346456692914,-10.5531496062992,-1.44125984251968));
#15774=CARTESIAN_POINT('',(5.73846456692914,-10.3331496062992,-1.44125984251968));
#15775=CARTESIAN_POINT('',(5.73846456692914,-4.30805638355396,-1.44125984251969));
#15776=CARTESIAN_POINT('Origin',(5.78346456692914,-10.3331496062992,-1.44125984251968));
#15777=CARTESIAN_POINT('Origin',(5.78346456692914,-4.30805638355396,0.527244094488187));
#15778=CARTESIAN_POINT('',(5.73846456692914,-10.5531496062992,0.527244094488189));
#15779=CARTESIAN_POINT('Origin',(5.78346456692914,-10.5531496062992,0.527244094488189));
#15780=CARTESIAN_POINT('',(5.73846456692914,-10.3331496062992,0.527244094488189));
#15781=CARTESIAN_POINT('',(5.73846456692914,-4.30805638355396,0.527244094488187));
#15782=CARTESIAN_POINT('Origin',(5.78346456692914,-10.3331496062992,0.527244094488189));
#15783=CARTESIAN_POINT('Origin',(7.75196850393701,-4.30805638355396,0.527244094488188));
#15784=CARTESIAN_POINT('',(7.70696850393701,-10.5531496062992,0.52724409448819));
#15785=CARTESIAN_POINT('Origin',(7.75196850393701,-10.5531496062992,0.52724409448819));
#15786=CARTESIAN_POINT('',(7.70696850393701,-10.3331496062992,0.52724409448819));
#15787=CARTESIAN_POINT('',(7.70696850393701,-4.30805638355396,0.527244094488188));
#15788=CARTESIAN_POINT('Origin',(7.75196850393701,-10.3331496062992,0.52724409448819));
#15789=CARTESIAN_POINT('Origin',(6.76771653543307,-10.5531496062992,-0.457007874015747));
#15790=CARTESIAN_POINT('',(7.90944881889764,-10.3331496062992,-0.457007874015747));
#15791=CARTESIAN_POINT('Origin',(6.76771653543307,-10.3331496062992,-0.457007874015747));
#15792=CARTESIAN_POINT('',(7.90944881889764,-10.5531496062992,-0.457007874015747));
#15793=CARTESIAN_POINT('',(7.90944881889764,-10.5531496062992,-0.457007874015747));
#15794=CARTESIAN_POINT('Origin',(6.76771653543307,-10.5531496062992,-0.457007874015747));
#15795=CARTESIAN_POINT('Origin',(5.0748031496063,-10.5531496062992,1.14299212598425));
#15796=CARTESIAN_POINT('',(8.46062992125984,-10.5531496062992,1.14299212598425));
#15797=CARTESIAN_POINT('',(5.0748031496063,-10.5531496062992,1.14299212598425));
#15798=CARTESIAN_POINT('',(8.46062992125984,-10.5531496062992,1.14299212598425));
#15799=CARTESIAN_POINT('',(8.46062992125984,-10.3331496062992,1.14299212598425));
#15800=CARTESIAN_POINT('',(8.46062992125984,-10.5531496062992,1.14299212598425));
#15801=CARTESIAN_POINT('',(5.0748031496063,-10.3331496062992,1.14299212598425));
#15802=CARTESIAN_POINT('',(8.46062992125984,-10.3331496062992,1.14299212598425));
#15803=CARTESIAN_POINT('',(5.0748031496063,-10.5531496062992,1.14299212598425));
#15804=CARTESIAN_POINT('Origin',(5.0748031496063,-10.5531496062992,-4.1));
#15805=CARTESIAN_POINT('',(5.0748031496063,-10.5531496062992,-4.1));
#15806=CARTESIAN_POINT('',(5.0748031496063,-10.5531496062992,1.36299212598425));
#15807=CARTESIAN_POINT('',(5.0748031496063,-10.3331496062992,-4.1));
#15808=CARTESIAN_POINT('',(5.0748031496063,-10.3331496062992,1.36299212598425));
#15809=CARTESIAN_POINT('',(5.0748031496063,-10.5531496062992,-4.1));
#15810=CARTESIAN_POINT('Origin',(8.46062992125984,-10.5531496062992,-4.1));
#15811=CARTESIAN_POINT('',(8.46062992125984,-10.5531496062992,-4.1));
#15812=CARTESIAN_POINT('',(5.0748031496063,-10.5531496062992,-4.1));
#15813=CARTESIAN_POINT('',(8.46062992125984,-10.3331496062992,-4.1));
#15814=CARTESIAN_POINT('',(5.0748031496063,-10.3331496062992,-4.1));
#15815=CARTESIAN_POINT('',(8.46062992125984,-10.5531496062992,-4.1));
#15816=CARTESIAN_POINT('Origin',(8.46062992125984,-10.5531496062992,1.14299212598425));
#15817=CARTESIAN_POINT('',(8.46062992125984,-10.5531496062992,-4.1));
#15818=CARTESIAN_POINT('',(8.46062992125984,-10.3331496062992,-4.1));
#15819=CARTESIAN_POINT('Origin',(6.76771653543307,-10.5531496062992,-1.47850393700787));
#15820=CARTESIAN_POINT('Origin',(6.76771653543307,-10.3331496062992,-1.47850393700787));
#15821=CARTESIAN_POINT('Origin',(8.36062992125984,-1.98787401574803,-3.36850393700788));
#15822=CARTESIAN_POINT('',(8.46062992125985,-1.98787401574803,-3.41350393700788));
#15823=CARTESIAN_POINT('Origin',(8.46062992125985,-1.98787401574803,-3.36850393700788));
#15824=CARTESIAN_POINT('',(8.26062992125985,-1.98787401574803,-3.41350393700788));
#15825=CARTESIAN_POINT('',(8.36062992125984,-1.98787401574803,-3.41350393700788));
#15826=CARTESIAN_POINT('',(8.26062992125985,-1.97787401574803,-3.32462911507091));
#15827=CARTESIAN_POINT('Origin',(8.26062992125985,-1.98787401574803,-3.36850393700788));
#15828=CARTESIAN_POINT('',(8.06062992125984,-1.97787401574803,-3.32462911507091));
#15829=CARTESIAN_POINT('',(8.36062992125984,-1.97787401574803,-3.32462911507091));
#15830=CARTESIAN_POINT('',(8.06062992125984,-1.97787401574803,-3.41237875894484));
#15831=CARTESIAN_POINT('Origin',(8.06062992125984,-1.98787401574803,-3.36850393700788));
#15832=CARTESIAN_POINT('',(8.26062992125985,-1.97787401574803,-3.41237875894484));
#15833=CARTESIAN_POINT('',(8.36062992125984,-1.97787401574803,-3.41237875894484));
#15834=CARTESIAN_POINT('Origin',(8.26062992125985,-1.98787401574803,-3.36850393700788));
#15835=CARTESIAN_POINT('Origin',(8.04711055733172,-1.98787401574803,-3.36850393700788));
#15836=CARTESIAN_POINT('Ctrl Pts',(8.06062992125984,-1.97787401574803,-3.41237875894484));
#15837=CARTESIAN_POINT('Ctrl Pts',(8.03492643922366,-1.97787401574803,-3.36850393700788));
#15838=CARTESIAN_POINT('Ctrl Pts',(8.06062992125984,-1.97787401574803,-3.32462911507091));
#15839=CARTESIAN_POINT('Origin',(8.36062992125984,-1.98787401574803,-1.36850393700788));
#15840=CARTESIAN_POINT('',(8.46062992125985,-1.98787401574803,-1.41350393700788));
#15841=CARTESIAN_POINT('Origin',(8.46062992125985,-1.98787401574803,-1.36850393700788));
#15842=CARTESIAN_POINT('',(8.26062992125985,-1.98787401574803,-1.41350393700788));
#15843=CARTESIAN_POINT('',(8.36062992125984,-1.98787401574803,-1.41350393700788));
#15844=CARTESIAN_POINT('',(8.26062992125985,-1.97787401574803,-1.32462911507092));
#15845=CARTESIAN_POINT('Origin',(8.26062992125985,-1.98787401574803,-1.36850393700788));
#15846=CARTESIAN_POINT('',(8.06062992125984,-1.97787401574803,-1.32462911507092));
#15847=CARTESIAN_POINT('',(8.36062992125984,-1.97787401574803,-1.32462911507092));
#15848=CARTESIAN_POINT('',(8.06062992125984,-1.97787401574803,-1.41237875894484));
#15849=CARTESIAN_POINT('Origin',(8.06062992125984,-1.98787401574803,-1.36850393700788));
#15850=CARTESIAN_POINT('',(8.26062992125985,-1.97787401574803,-1.41237875894484));
#15851=CARTESIAN_POINT('',(8.36062992125984,-1.97787401574803,-1.41237875894484));
#15852=CARTESIAN_POINT('Origin',(8.26062992125985,-1.98787401574803,-1.36850393700788));
#15853=CARTESIAN_POINT('Origin',(8.04711055733172,-1.98787401574803,-1.36850393700788));
#15854=CARTESIAN_POINT('Ctrl Pts',(8.06062992125984,-1.97787401574803,-1.41237875894484));
#15855=CARTESIAN_POINT('Ctrl Pts',(8.03492643922366,-1.97787401574803,-1.36850393700788));
#15856=CARTESIAN_POINT('Ctrl Pts',(8.06062992125984,-1.97787401574803,-1.32462911507091));
#15857=CARTESIAN_POINT('Origin',(8.36062992125984,-1.98787401574803,0.631496062992124));
#15858=CARTESIAN_POINT('',(8.46062992125985,-1.98787401574803,0.586496062992124));
#15859=CARTESIAN_POINT('Origin',(8.46062992125985,-1.98787401574803,0.631496062992124));
#15860=CARTESIAN_POINT('',(8.26062992125985,-1.98787401574803,0.586496062992124));
#15861=CARTESIAN_POINT('',(8.36062992125984,-1.98787401574803,0.586496062992124));
#15862=CARTESIAN_POINT('',(8.26062992125985,-1.97787401574803,0.675370884929085));
#15863=CARTESIAN_POINT('Origin',(8.26062992125985,-1.98787401574803,0.631496062992124));
#15864=CARTESIAN_POINT('',(8.06062992125984,-1.97787401574803,0.675370884929085));
#15865=CARTESIAN_POINT('',(8.36062992125984,-1.97787401574803,0.675370884929085));
#15866=CARTESIAN_POINT('',(8.06062992125984,-1.97787401574803,0.587621241055163));
#15867=CARTESIAN_POINT('Origin',(8.06062992125984,-1.98787401574803,0.631496062992124));
#15868=CARTESIAN_POINT('',(8.26062992125985,-1.97787401574803,0.587621241055163));
#15869=CARTESIAN_POINT('',(8.36062992125984,-1.97787401574803,0.587621241055163));
#15870=CARTESIAN_POINT('Origin',(8.26062992125985,-1.98787401574803,0.631496062992124));
#15871=CARTESIAN_POINT('Origin',(8.04711055733172,-1.98787401574803,0.631496062992124));
#15872=CARTESIAN_POINT('Ctrl Pts',(8.06062992125984,-1.97787401574803,0.587621241055163));
#15873=CARTESIAN_POINT('Ctrl Pts',(8.03492643922366,-1.97787401574803,0.631496062992124));
#15874=CARTESIAN_POINT('Ctrl Pts',(8.06062992125984,-1.97787401574803,0.675370884929085));
#15875=CARTESIAN_POINT('Origin',(8.26062992125985,-1.87787401574803,-3.9));
#15876=CARTESIAN_POINT('',(8.26062992125985,-1.97787401574803,-3.84));
#15877=CARTESIAN_POINT('',(8.26062992125985,-1.97787401574803,-2.66925196850394));
#15878=CARTESIAN_POINT('',(8.26062992125985,-2.09787401574803,-3.84));
#15879=CARTESIAN_POINT('',(8.26062992125985,-1.87787401574803,-3.84));
#15880=CARTESIAN_POINT('',(8.26062992125985,-2.09787401574803,-0.21));
#15881=CARTESIAN_POINT('',(8.26062992125985,-2.09787401574803,-0.15));
#15882=CARTESIAN_POINT('',(8.26062992125985,-1.97787401574803,-0.21));
#15883=CARTESIAN_POINT('',(8.26062992125985,-1.87787401574803,-0.21));
#15884=CARTESIAN_POINT('',(8.26062992125985,-1.97787401574803,-2.66925196850394));
#15885=CARTESIAN_POINT('',(8.26062992125985,-1.97787401574803,-2.66925196850394));
#15886=CARTESIAN_POINT('Origin',(8.26062992125985,-1.87787401574803,0.412992125984252));
#15887=CARTESIAN_POINT('',(8.26062992125985,-1.97787401574803,0.472992125984252));
#15888=CARTESIAN_POINT('',(8.26062992125985,-1.97787401574803,-0.512755905511811));
#15889=CARTESIAN_POINT('',(8.26062992125985,-2.09787401574803,0.472992125984252));
#15890=CARTESIAN_POINT('',(8.26062992125985,-1.87787401574803,0.472992125984252));
#15891=CARTESIAN_POINT('',(8.26062992125985,-2.09787401574803,0.962992125984253));
#15892=CARTESIAN_POINT('',(8.26062992125985,-2.09787401574803,1.14299212598425));
#15893=CARTESIAN_POINT('',(8.26062992125985,-1.97787401574803,0.962992125984253));
#15894=CARTESIAN_POINT('',(8.26062992125985,-1.87787401574803,0.962992125984253));
#15895=CARTESIAN_POINT('',(8.26062992125985,-1.97787401574803,-0.512755905511811));
#15896=CARTESIAN_POINT('Origin',(5.48832251353442,-1.98787401574803,-3.36850393700788));
#15897=CARTESIAN_POINT('',(5.4748031496063,-1.97787401574803,-3.32462911507091));
#15898=CARTESIAN_POINT('',(5.4748031496063,-1.97787401574803,-3.41237875894484));
#15899=CARTESIAN_POINT('Ctrl Pts',(5.4748031496063,-1.97787401574803,-3.32462911507092));
#15900=CARTESIAN_POINT('Ctrl Pts',(5.50050663164248,-1.97787401574803,-3.36850393700788));
#15901=CARTESIAN_POINT('Ctrl Pts',(5.4748031496063,-1.97787401574803,-3.41237875894483));
#15902=CARTESIAN_POINT('Origin',(5.4748031496063,-1.98787401574803,-3.36850393700788));
#15903=CARTESIAN_POINT('Origin',(5.1748031496063,-1.98787401574803,-3.36850393700788));
#15904=CARTESIAN_POINT('',(5.0748031496063,-1.98787401574803,-3.41350393700788));
#15905=CARTESIAN_POINT('Origin',(5.0748031496063,-1.98787401574803,-3.36850393700788));
#15906=CARTESIAN_POINT('',(5.2748031496063,-1.98787401574803,-3.41350393700788));
#15907=CARTESIAN_POINT('',(5.1748031496063,-1.98787401574803,-3.41350393700788));
#15908=CARTESIAN_POINT('',(5.2748031496063,-1.97787401574803,-3.41237875894484));
#15909=CARTESIAN_POINT('Origin',(5.2748031496063,-1.98787401574803,-3.36850393700788));
#15910=CARTESIAN_POINT('',(5.1748031496063,-1.97787401574803,-3.41237875894484));
#15911=CARTESIAN_POINT('',(5.2748031496063,-1.97787401574803,-3.32462911507091));
#15912=CARTESIAN_POINT('',(5.1748031496063,-1.97787401574803,-3.32462911507091));
#15913=CARTESIAN_POINT('Origin',(5.2748031496063,-1.98787401574803,-3.36850393700788));
#15914=CARTESIAN_POINT('Origin',(5.48832251353442,-1.98787401574803,-1.36850393700788));
#15915=CARTESIAN_POINT('',(5.4748031496063,-1.97787401574803,-1.32462911507092));
#15916=CARTESIAN_POINT('',(5.4748031496063,-1.97787401574803,-1.41237875894484));
#15917=CARTESIAN_POINT('Ctrl Pts',(5.4748031496063,-1.97787401574803,-1.32462911507092));
#15918=CARTESIAN_POINT('Ctrl Pts',(5.50050663164248,-1.97787401574803,-1.36850393700788));
#15919=CARTESIAN_POINT('Ctrl Pts',(5.4748031496063,-1.97787401574803,-1.41237875894483));
#15920=CARTESIAN_POINT('Origin',(5.4748031496063,-1.98787401574803,-1.36850393700788));
#15921=CARTESIAN_POINT('Origin',(5.1748031496063,-1.98787401574803,-1.36850393700788));
#15922=CARTESIAN_POINT('',(5.0748031496063,-1.98787401574803,-1.41350393700788));
#15923=CARTESIAN_POINT('Origin',(5.0748031496063,-1.98787401574803,-1.36850393700788));
#15924=CARTESIAN_POINT('',(5.2748031496063,-1.98787401574803,-1.41350393700788));
#15925=CARTESIAN_POINT('',(5.1748031496063,-1.98787401574803,-1.41350393700788));
#15926=CARTESIAN_POINT('',(5.2748031496063,-1.97787401574803,-1.41237875894484));
#15927=CARTESIAN_POINT('Origin',(5.2748031496063,-1.98787401574803,-1.36850393700788));
#15928=CARTESIAN_POINT('',(5.1748031496063,-1.97787401574803,-1.41237875894484));
#15929=CARTESIAN_POINT('',(5.2748031496063,-1.97787401574803,-1.32462911507092));
#15930=CARTESIAN_POINT('',(5.1748031496063,-1.97787401574803,-1.32462911507092));
#15931=CARTESIAN_POINT('Origin',(5.2748031496063,-1.98787401574803,-1.36850393700788));
#15932=CARTESIAN_POINT('Origin',(5.48832251353442,-1.98787401574803,0.631496062992124));
#15933=CARTESIAN_POINT('',(5.4748031496063,-1.97787401574803,0.675370884929085));
#15934=CARTESIAN_POINT('',(5.4748031496063,-1.97787401574803,0.587621241055163));
#15935=CARTESIAN_POINT('Ctrl Pts',(5.4748031496063,-1.97787401574803,0.675370884929082));
#15936=CARTESIAN_POINT('Ctrl Pts',(5.50050663164248,-1.97787401574803,0.631496062992124));
#15937=CARTESIAN_POINT('Ctrl Pts',(5.4748031496063,-1.97787401574803,0.587621241055166));
#15938=CARTESIAN_POINT('Origin',(5.4748031496063,-1.98787401574803,0.631496062992124));
#15939=CARTESIAN_POINT('Origin',(5.1748031496063,-1.98787401574803,0.631496062992124));
#15940=CARTESIAN_POINT('',(5.0748031496063,-1.98787401574803,0.586496062992124));
#15941=CARTESIAN_POINT('Origin',(5.0748031496063,-1.98787401574803,0.631496062992124));
#15942=CARTESIAN_POINT('',(5.2748031496063,-1.98787401574803,0.586496062992124));
#15943=CARTESIAN_POINT('',(5.1748031496063,-1.98787401574803,0.586496062992124));
#15944=CARTESIAN_POINT('',(5.2748031496063,-1.97787401574803,0.587621241055163));
#15945=CARTESIAN_POINT('Origin',(5.2748031496063,-1.98787401574803,0.631496062992124));
#15946=CARTESIAN_POINT('',(5.1748031496063,-1.97787401574803,0.587621241055163));
#15947=CARTESIAN_POINT('',(5.2748031496063,-1.97787401574803,0.675370884929085));
#15948=CARTESIAN_POINT('',(5.1748031496063,-1.97787401574803,0.675370884929085));
#15949=CARTESIAN_POINT('Origin',(5.2748031496063,-1.98787401574803,0.631496062992124));
#15950=CARTESIAN_POINT('Origin',(5.92125984251969,-1.97787401574803,-1.43850393700787));
#15951=CARTESIAN_POINT('',(8.32062992125985,-1.97787401574803,-0.15));
#15952=CARTESIAN_POINT('Origin',(8.32062992125985,-1.97787401574803,-0.21));
#15953=CARTESIAN_POINT('',(8.40062992125985,-1.97787401574803,-0.15));
#15954=CARTESIAN_POINT('',(7.93740157480315,-1.97787401574803,-0.15));
#15955=CARTESIAN_POINT('',(8.46062992125985,-1.97787401574803,-0.21));
#15956=CARTESIAN_POINT('Origin',(8.40062992125985,-1.97787401574803,-0.21));
#15957=CARTESIAN_POINT('',(8.46062992125985,-1.97787401574803,0.472992125984252));
#15958=CARTESIAN_POINT('',(8.46062992125985,-1.97787401574803,-0.794251968503937));
#15959=CARTESIAN_POINT('',(8.40062992125985,-1.97787401574803,0.412992125984252));
#15960=CARTESIAN_POINT('Origin',(8.40062992125985,-1.97787401574803,0.472992125984252));
#15961=CARTESIAN_POINT('',(8.32062992125985,-1.97787401574803,0.412992125984252));
#15962=CARTESIAN_POINT('',(8.03740157480315,-1.97787401574803,0.412992125984252));
#15963=CARTESIAN_POINT('Origin',(8.32062992125985,-1.97787401574803,0.472992125984252));
#15964=CARTESIAN_POINT('',(8.20062992125985,-1.97787401574803,1.02299212598425));
#15965=CARTESIAN_POINT('Origin',(8.20062992125985,-1.97787401574803,0.962992125984253));
#15966=CARTESIAN_POINT('',(5.3348031496063,-1.97787401574803,1.02299212598425));
#15967=CARTESIAN_POINT('',(7.93740157480315,-1.97787401574803,1.02299212598425));
#15968=CARTESIAN_POINT('',(5.2748031496063,-1.97787401574803,0.962992125984253));
#15969=CARTESIAN_POINT('Origin',(5.3348031496063,-1.97787401574803,0.962992125984253));
#15970=CARTESIAN_POINT('',(5.2748031496063,-1.97787401574803,-0.512755905511811));
#15971=CARTESIAN_POINT('',(5.2748031496063,-1.97787401574803,0.472992125984252));
#15972=CARTESIAN_POINT('',(5.2748031496063,-1.97787401574803,-0.512755905511811));
#15973=CARTESIAN_POINT('',(5.2148031496063,-1.97787401574803,0.412992125984252));
#15974=CARTESIAN_POINT('Origin',(5.2148031496063,-1.97787401574803,0.472992125984252));
#15975=CARTESIAN_POINT('',(5.1348031496063,-1.97787401574803,0.412992125984252));
#15976=CARTESIAN_POINT('',(5.49803149606299,-1.97787401574803,0.412992125984252));
#15977=CARTESIAN_POINT('',(5.0748031496063,-1.97787401574803,0.472992125984252));
#15978=CARTESIAN_POINT('Origin',(5.1348031496063,-1.97787401574803,0.472992125984252));
#15979=CARTESIAN_POINT('',(5.0748031496063,-1.97787401574803,-0.21));
#15980=CARTESIAN_POINT('',(5.0748031496063,-1.97787401574803,-0.794251968503937));
#15981=CARTESIAN_POINT('',(5.1348031496063,-1.97787401574803,-0.15));
#15982=CARTESIAN_POINT('Origin',(5.1348031496063,-1.97787401574803,-0.21));
#15983=CARTESIAN_POINT('',(5.2148031496063,-1.97787401574803,-0.15));
#15984=CARTESIAN_POINT('',(5.59803149606299,-1.97787401574803,-0.15));
#15985=CARTESIAN_POINT('',(5.2748031496063,-1.97787401574803,-0.21));
#15986=CARTESIAN_POINT('Origin',(5.2148031496063,-1.97787401574803,-0.21));
#15987=CARTESIAN_POINT('',(5.2748031496063,-1.97787401574803,-2.66925196850394));
#15988=CARTESIAN_POINT('',(5.2748031496063,-1.97787401574803,-2.66925196850394));
#15989=CARTESIAN_POINT('',(5.2748031496063,-1.97787401574803,-3.84));
#15990=CARTESIAN_POINT('',(5.2748031496063,-1.97787401574803,-2.66925196850394));
#15991=CARTESIAN_POINT('',(5.3348031496063,-1.97787401574803,-3.9));
#15992=CARTESIAN_POINT('Origin',(5.3348031496063,-1.97787401574803,-3.84));
#15993=CARTESIAN_POINT('',(8.20062992125984,-1.97787401574803,-3.9));
#15994=CARTESIAN_POINT('',(6.34448818897638,-1.97787401574803,-3.9));
#15995=CARTESIAN_POINT('Origin',(8.20062992125984,-1.97787401574803,-3.84));
#15996=CARTESIAN_POINT('',(7.90562992125984,-1.97787401574803,0.432992125984252));
#15997=CARTESIAN_POINT('',(7.87562992125984,-1.97787401574803,0.402992125984252));
#15998=CARTESIAN_POINT('Origin',(7.87562992125984,-1.97787401574803,0.432992125984252));
#15999=CARTESIAN_POINT('',(7.90562992125984,-1.97787401574803,0.522992125984252));
#16000=CARTESIAN_POINT('',(7.90562992125984,-1.97787401574803,-0.442755905511815));
#16001=CARTESIAN_POINT('',(7.93562992125984,-1.97787401574803,0.552992125984252));
#16002=CARTESIAN_POINT('Origin',(7.93562992125984,-1.97787401574803,0.522992125984252));
#16003=CARTESIAN_POINT('',(8.07562992125984,-1.97787401574803,0.552992125984252));
#16004=CARTESIAN_POINT('',(7.01344488188977,-1.97787401574803,0.552992125984253));
#16005=CARTESIAN_POINT('',(8.10562992125984,-1.97787401574803,0.522992125984252));
#16006=CARTESIAN_POINT('Origin',(8.07562992125984,-1.97787401574803,0.522992125984252));
#16007=CARTESIAN_POINT('',(8.10562992125984,-1.97787401574803,0.432992125984252));
#16008=CARTESIAN_POINT('',(8.10562992125984,-1.97787401574803,-0.517755905511811));
#16009=CARTESIAN_POINT('',(8.13562992125984,-1.97787401574803,0.402992125984252));
#16010=CARTESIAN_POINT('Origin',(8.13562992125984,-1.97787401574803,0.432992125984252));
#16011=CARTESIAN_POINT('',(8.25062992125984,-1.97787401574803,0.402992125984252));
#16012=CARTESIAN_POINT('',(7.08594488188976,-1.97787401574803,0.402992125984252));
#16013=CARTESIAN_POINT('',(8.25062992125984,-1.97787401574803,0.062992125984252));
#16014=CARTESIAN_POINT('',(8.25062992125984,-1.97787401574803,-0.687755905511808));
#16015=CARTESIAN_POINT('',(7.76062992125984,-1.97787401574803,0.062992125984252));
#16016=CARTESIAN_POINT('',(6.84094488188976,-1.97787401574803,0.062992125984252));
#16017=CARTESIAN_POINT('',(7.76062992125984,-1.97787401574803,0.402992125984252));
#16018=CARTESIAN_POINT('',(7.76062992125984,-1.97787401574803,-0.517755905511811));
#16019=CARTESIAN_POINT('',(6.91344488188976,-1.97787401574803,0.402992125984252));
#16020=CARTESIAN_POINT('',(5.73511811023657,-1.97787401574803,0.413307086614519));
#16021=CARTESIAN_POINT('',(5.73511811023656,-1.97787401574803,0.98267716535399));
#16022=CARTESIAN_POINT('',(5.73511811023657,-1.97787401574803,-0.227913385826942));
#16023=CARTESIAN_POINT('',(6.40440944881856,-1.97787401574803,0.98267716535399));
#16024=CARTESIAN_POINT('',(6.16283464566912,-1.97787401574803,0.98267716535399));
#16025=CARTESIAN_POINT('',(6.40440944881856,-1.97787401574803,0.413307086614519));
#16026=CARTESIAN_POINT('',(6.40440944881856,-1.97787401574803,-0.512598425196677));
#16027=CARTESIAN_POINT('',(5.82818897637813,-1.97787401574803,0.413307086614519));
#16028=CARTESIAN_POINT('',(7.65771653543307,-1.97787401574803,-0.132925781277763));
#16029=CARTESIAN_POINT('',(5.36771653543307,-1.97787401574803,-0.132925781277763));
#16030=CARTESIAN_POINT('',(6.78948818897638,-1.97787401574803,-0.132925781277763));
#16031=CARTESIAN_POINT('',(5.31771653543307,-1.97787401574803,-0.0829257812777631));
#16032=CARTESIAN_POINT('Origin',(5.36771653543307,-1.97787401574803,-0.0829257812777631));
#16033=CARTESIAN_POINT('',(5.31771653543307,-1.97787401574803,0.30462208810748));
#16034=CARTESIAN_POINT('',(5.31771653543307,-1.97787401574803,-0.566940924450197));
#16035=CARTESIAN_POINT('',(5.36771653543307,-1.97787401574803,0.35462208810748));
#16036=CARTESIAN_POINT('Origin',(5.36771653543307,-1.97787401574803,0.30462208810748));
#16037=CARTESIAN_POINT('',(7.60771653543307,-1.97787401574803,0.35462208810748));
#16038=CARTESIAN_POINT('',(5.64448818897638,-1.97787401574803,0.35462208810748));
#16039=CARTESIAN_POINT('',(7.65771653543307,-1.97787401574803,0.30462208810748));
#16040=CARTESIAN_POINT('Origin',(7.60771653543307,-1.97787401574803,0.30462208810748));
#16041=CARTESIAN_POINT('',(7.65771653543307,-1.97787401574803,-0.760714859142818));
#16042=CARTESIAN_POINT('Origin',(7.65771653543307,-1.97787401574803,-0.132925781277763));
#16043=CARTESIAN_POINT('',(7.65771653543307,-1.91787401574803,-0.132925781277763));
#16044=CARTESIAN_POINT('',(7.65771653543307,-1.97787401574803,-0.132925781277763));
#16045=CARTESIAN_POINT('',(7.60771653543307,-1.91787401574803,-0.132925781277763));
#16046=CARTESIAN_POINT('',(5.31771653543307,-1.91787401574803,-0.132925781277763));
#16047=CARTESIAN_POINT('',(7.46771653543307,-1.91787401574803,-0.132925781277763));
#16048=CARTESIAN_POINT('',(5.31771653543307,-1.91787401574803,-0.132925781277763));
#16049=CARTESIAN_POINT('',(7.32771653543307,-1.91787401574803,-0.132925781277763));
#16050=CARTESIAN_POINT('',(5.31771653543307,-1.91787401574803,-0.132925781277763));
#16051=CARTESIAN_POINT('',(7.18771653543307,-1.91787401574803,-0.132925781277763));
#16052=CARTESIAN_POINT('',(5.31771653543307,-1.91787401574803,-0.132925781277763));
#16053=CARTESIAN_POINT('',(7.04771653543307,-1.91787401574803,-0.132925781277763));
#16054=CARTESIAN_POINT('',(5.31771653543307,-1.91787401574803,-0.132925781277763));
#16055=CARTESIAN_POINT('',(6.90771653543307,-1.91787401574803,-0.132925781277763));
#16056=CARTESIAN_POINT('',(5.31771653543307,-1.91787401574803,-0.132925781277763));
#16057=CARTESIAN_POINT('',(6.76771653543307,-1.91787401574803,-0.132925781277763));
#16058=CARTESIAN_POINT('',(5.31771653543307,-1.91787401574803,-0.132925781277763));
#16059=CARTESIAN_POINT('',(6.62771653543307,-1.91787401574803,-0.132925781277763));
#16060=CARTESIAN_POINT('',(5.31771653543307,-1.91787401574803,-0.132925781277763));
#16061=CARTESIAN_POINT('',(6.48771653543307,-1.91787401574803,-0.132925781277763));
#16062=CARTESIAN_POINT('',(5.31771653543307,-1.91787401574803,-0.132925781277763));
#16063=CARTESIAN_POINT('',(6.34771653543307,-1.91787401574803,-0.132925781277763));
#16064=CARTESIAN_POINT('',(5.31771653543307,-1.91787401574803,-0.132925781277763));
#16065=CARTESIAN_POINT('',(6.20771653543307,-1.91787401574803,-0.132925781277763));
#16066=CARTESIAN_POINT('',(5.31771653543307,-1.91787401574803,-0.132925781277763));
#16067=CARTESIAN_POINT('',(6.06771653543307,-1.91787401574803,-0.132925781277763));
#16068=CARTESIAN_POINT('',(5.31771653543307,-1.91787401574803,-0.132925781277763));
#16069=CARTESIAN_POINT('',(5.92771653543307,-1.91787401574803,-0.132925781277763));
#16070=CARTESIAN_POINT('',(5.31771653543307,-1.91787401574803,-0.132925781277763));
#16071=CARTESIAN_POINT('',(5.78771653543307,-1.91787401574803,-0.132925781277763));
#16072=CARTESIAN_POINT('',(5.31771653543307,-1.91787401574803,-0.132925781277763));
#16073=CARTESIAN_POINT('',(5.64771653543307,-1.91787401574803,-0.132925781277763));
#16074=CARTESIAN_POINT('',(5.31771653543307,-1.91787401574803,-0.132925781277763));
#16075=CARTESIAN_POINT('',(5.50771653543307,-1.91787401574803,-0.132925781277763));
#16076=CARTESIAN_POINT('',(5.31771653543307,-1.91787401574803,-0.132925781277763));
#16077=CARTESIAN_POINT('',(5.36771653543307,-1.91787401574803,-0.132925781277763));
#16078=CARTESIAN_POINT('',(5.31771653543307,-1.91787401574803,-0.132925781277763));
#16079=CARTESIAN_POINT('',(5.36771653543307,-1.87787401574803,-0.132925781277763));
#16080=CARTESIAN_POINT('Origin',(6.48771653543307,-1.91787401574803,0.110848153414858));
#16081=CARTESIAN_POINT('',(7.65771653543307,-1.91787401574803,-0.0829257812777631));
#16082=CARTESIAN_POINT('Origin',(7.60771653543307,-1.91787401574803,-0.0829257812777631));
#16083=CARTESIAN_POINT('',(7.65771653543307,-1.91787401574803,-0.132925781277763));
#16084=CARTESIAN_POINT('Origin',(6.48771653543307,-1.91787401574803,0.110848153414858));
#16085=CARTESIAN_POINT('',(6.67771653543307,-1.91787401574803,0.30462208810748));
#16086=CARTESIAN_POINT('',(6.62771653543307,-1.91787401574803,0.35462208810748));
#16087=CARTESIAN_POINT('Origin',(6.62771653543307,-1.91787401574803,0.30462208810748));
#16088=CARTESIAN_POINT('',(6.67771653543307,-1.91787401574803,-0.0829257812777631));
#16089=CARTESIAN_POINT('',(6.67771653543307,-1.91787401574803,0.0139611860685477));
#16090=CARTESIAN_POINT('Origin',(6.62771653543307,-1.91787401574803,-0.0829257812777631));
#16091=CARTESIAN_POINT('',(6.71771653543307,-1.91787401574803,-0.0829257812777631));
#16092=CARTESIAN_POINT('Origin',(6.76771653543307,-1.91787401574803,-0.0829257812777631));
#16093=CARTESIAN_POINT('',(6.71771653543307,-1.91787401574803,0.30462208810748));
#16094=CARTESIAN_POINT('',(6.71771653543307,-1.91787401574803,0.207735120761169));
#16095=CARTESIAN_POINT('',(6.76771653543307,-1.91787401574803,0.35462208810748));
#16096=CARTESIAN_POINT('Origin',(6.76771653543307,-1.91787401574803,0.30462208810748));
#16097=CARTESIAN_POINT('',(7.65771653543307,-1.91787401574803,0.35462208810748));
#16098=CARTESIAN_POINT('Origin',(6.48771653543307,-1.91787401574803,0.110848153414858));
#16099=CARTESIAN_POINT('',(6.90771653543307,-1.91787401574803,0.35462208810748));
#16100=CARTESIAN_POINT('',(6.85771653543307,-1.91787401574803,0.30462208810748));
#16101=CARTESIAN_POINT('Origin',(6.90771653543307,-1.91787401574803,0.30462208810748));
#16102=CARTESIAN_POINT('',(7.65771653543307,-1.91787401574803,0.35462208810748));
#16103=CARTESIAN_POINT('',(6.81771653543307,-1.91787401574803,0.30462208810748));
#16104=CARTESIAN_POINT('Origin',(6.76771653543307,-1.91787401574803,0.30462208810748));
#16105=CARTESIAN_POINT('',(6.81771653543307,-1.91787401574803,-0.0829257812777631));
#16106=CARTESIAN_POINT('',(6.81771653543307,-1.91787401574803,0.0139611860685477));
#16107=CARTESIAN_POINT('Origin',(6.76771653543307,-1.91787401574803,-0.0829257812777631));
#16108=CARTESIAN_POINT('',(6.85771653543307,-1.91787401574803,-0.0829257812777631));
#16109=CARTESIAN_POINT('Origin',(6.90771653543307,-1.91787401574803,-0.0829257812777631));
#16110=CARTESIAN_POINT('',(6.85771653543307,-1.91787401574803,0.207735120761169));
#16111=CARTESIAN_POINT('Origin',(6.48771653543307,-1.91787401574803,0.110848153414858));
#16112=CARTESIAN_POINT('',(6.53771653543307,-1.91787401574803,0.30462208810748));
#16113=CARTESIAN_POINT('',(6.48771653543307,-1.91787401574803,0.35462208810748));
#16114=CARTESIAN_POINT('Origin',(6.48771653543307,-1.91787401574803,0.30462208810748));
#16115=CARTESIAN_POINT('',(6.53771653543307,-1.91787401574803,-0.0829257812777631));
#16116=CARTESIAN_POINT('',(6.53771653543307,-1.91787401574803,0.0139611860685477));
#16117=CARTESIAN_POINT('Origin',(6.48771653543307,-1.91787401574803,-0.0829257812777631));
#16118=CARTESIAN_POINT('',(6.57771653543307,-1.91787401574803,-0.0829257812777631));
#16119=CARTESIAN_POINT('Origin',(6.62771653543307,-1.91787401574803,-0.0829257812777631));
#16120=CARTESIAN_POINT('',(6.57771653543307,-1.91787401574803,0.30462208810748));
#16121=CARTESIAN_POINT('',(6.57771653543307,-1.91787401574803,0.207735120761169));
#16122=CARTESIAN_POINT('Origin',(6.62771653543307,-1.91787401574803,0.30462208810748));
#16123=CARTESIAN_POINT('',(7.65771653543307,-1.91787401574803,0.35462208810748));
#16124=CARTESIAN_POINT('Origin',(6.48771653543307,-1.91787401574803,0.110848153414858));
#16125=CARTESIAN_POINT('',(7.04771653543307,-1.91787401574803,0.35462208810748));
#16126=CARTESIAN_POINT('',(6.99771653543307,-1.91787401574803,0.30462208810748));
#16127=CARTESIAN_POINT('Origin',(7.04771653543307,-1.91787401574803,0.30462208810748));
#16128=CARTESIAN_POINT('',(7.65771653543307,-1.91787401574803,0.35462208810748));
#16129=CARTESIAN_POINT('',(6.95771653543307,-1.91787401574803,0.30462208810748));
#16130=CARTESIAN_POINT('Origin',(6.90771653543307,-1.91787401574803,0.30462208810748));
#16131=CARTESIAN_POINT('',(6.95771653543307,-1.91787401574803,-0.0829257812777631));
#16132=CARTESIAN_POINT('',(6.95771653543307,-1.91787401574803,0.0139611860685477));
#16133=CARTESIAN_POINT('Origin',(6.90771653543307,-1.91787401574803,-0.0829257812777631));
#16134=CARTESIAN_POINT('',(6.99771653543307,-1.91787401574803,-0.0829257812777631));
#16135=CARTESIAN_POINT('Origin',(7.04771653543307,-1.91787401574803,-0.0829257812777631));
#16136=CARTESIAN_POINT('',(6.99771653543307,-1.91787401574803,0.207735120761169));
#16137=CARTESIAN_POINT('Origin',(6.48771653543307,-1.91787401574803,0.110848153414858));
#16138=CARTESIAN_POINT('',(6.39771653543307,-1.91787401574803,0.30462208810748));
#16139=CARTESIAN_POINT('',(6.34771653543307,-1.91787401574803,0.35462208810748));
#16140=CARTESIAN_POINT('Origin',(6.34771653543307,-1.91787401574803,0.30462208810748));
#16141=CARTESIAN_POINT('',(6.39771653543307,-1.91787401574803,-0.0829257812777631));
#16142=CARTESIAN_POINT('',(6.39771653543307,-1.91787401574803,0.0139611860685477));
#16143=CARTESIAN_POINT('Origin',(6.34771653543307,-1.91787401574803,-0.0829257812777631));
#16144=CARTESIAN_POINT('',(6.43771653543307,-1.91787401574803,-0.0829257812777631));
#16145=CARTESIAN_POINT('Origin',(6.48771653543307,-1.91787401574803,-0.0829257812777631));
#16146=CARTESIAN_POINT('',(6.43771653543307,-1.91787401574803,0.30462208810748));
#16147=CARTESIAN_POINT('',(6.43771653543307,-1.91787401574803,0.207735120761169));
#16148=CARTESIAN_POINT('Origin',(6.48771653543307,-1.91787401574803,0.30462208810748));
#16149=CARTESIAN_POINT('',(7.65771653543307,-1.91787401574803,0.35462208810748));
#16150=CARTESIAN_POINT('Origin',(6.48771653543307,-1.91787401574803,0.110848153414858));
#16151=CARTESIAN_POINT('',(7.18771653543307,-1.91787401574803,0.35462208810748));
#16152=CARTESIAN_POINT('',(7.13771653543307,-1.91787401574803,0.30462208810748));
#16153=CARTESIAN_POINT('Origin',(7.18771653543307,-1.91787401574803,0.30462208810748));
#16154=CARTESIAN_POINT('',(7.65771653543307,-1.91787401574803,0.35462208810748));
#16155=CARTESIAN_POINT('',(7.09771653543307,-1.91787401574803,0.30462208810748));
#16156=CARTESIAN_POINT('Origin',(7.04771653543307,-1.91787401574803,0.30462208810748));
#16157=CARTESIAN_POINT('',(7.09771653543307,-1.91787401574803,-0.0829257812777631));
#16158=CARTESIAN_POINT('',(7.09771653543307,-1.91787401574803,0.0139611860685477));
#16159=CARTESIAN_POINT('Origin',(7.04771653543307,-1.91787401574803,-0.0829257812777631));
#16160=CARTESIAN_POINT('',(7.13771653543307,-1.91787401574803,-0.0829257812777631));
#16161=CARTESIAN_POINT('Origin',(7.18771653543307,-1.91787401574803,-0.0829257812777631));
#16162=CARTESIAN_POINT('',(7.13771653543307,-1.91787401574803,0.207735120761169));
#16163=CARTESIAN_POINT('Origin',(6.48771653543307,-1.91787401574803,0.110848153414858));
#16164=CARTESIAN_POINT('',(6.25771653543307,-1.91787401574803,0.30462208810748));
#16165=CARTESIAN_POINT('',(6.20771653543307,-1.91787401574803,0.35462208810748));
#16166=CARTESIAN_POINT('Origin',(6.20771653543307,-1.91787401574803,0.30462208810748));
#16167=CARTESIAN_POINT('',(6.25771653543307,-1.91787401574803,-0.0829257812777631));
#16168=CARTESIAN_POINT('',(6.25771653543307,-1.91787401574803,0.0139611860685477));
#16169=CARTESIAN_POINT('Origin',(6.20771653543307,-1.91787401574803,-0.0829257812777631));
#16170=CARTESIAN_POINT('',(6.29771653543307,-1.91787401574803,-0.0829257812777631));
#16171=CARTESIAN_POINT('Origin',(6.34771653543307,-1.91787401574803,-0.0829257812777631));
#16172=CARTESIAN_POINT('',(6.29771653543307,-1.91787401574803,0.30462208810748));
#16173=CARTESIAN_POINT('',(6.29771653543307,-1.91787401574803,0.207735120761169));
#16174=CARTESIAN_POINT('Origin',(6.34771653543307,-1.91787401574803,0.30462208810748));
#16175=CARTESIAN_POINT('',(7.65771653543307,-1.91787401574803,0.35462208810748));
#16176=CARTESIAN_POINT('Origin',(6.48771653543307,-1.91787401574803,0.110848153414858));
#16177=CARTESIAN_POINT('',(7.32771653543307,-1.91787401574803,0.35462208810748));
#16178=CARTESIAN_POINT('',(7.27771653543307,-1.91787401574803,0.30462208810748));
#16179=CARTESIAN_POINT('Origin',(7.32771653543307,-1.91787401574803,0.30462208810748));
#16180=CARTESIAN_POINT('',(7.65771653543307,-1.91787401574803,0.35462208810748));
#16181=CARTESIAN_POINT('',(7.23771653543307,-1.91787401574803,0.30462208810748));
#16182=CARTESIAN_POINT('Origin',(7.18771653543307,-1.91787401574803,0.30462208810748));
#16183=CARTESIAN_POINT('',(7.23771653543307,-1.91787401574803,-0.0829257812777631));
#16184=CARTESIAN_POINT('',(7.23771653543307,-1.91787401574803,0.0139611860685477));
#16185=CARTESIAN_POINT('Origin',(7.18771653543307,-1.91787401574803,-0.0829257812777631));
#16186=CARTESIAN_POINT('',(7.27771653543307,-1.91787401574803,-0.0829257812777631));
#16187=CARTESIAN_POINT('Origin',(7.32771653543307,-1.91787401574803,-0.0829257812777631));
#16188=CARTESIAN_POINT('',(7.27771653543307,-1.91787401574803,0.207735120761169));
#16189=CARTESIAN_POINT('Origin',(6.48771653543307,-1.91787401574803,0.110848153414858));
#16190=CARTESIAN_POINT('',(6.11771653543307,-1.91787401574803,0.30462208810748));
#16191=CARTESIAN_POINT('',(6.06771653543307,-1.91787401574803,0.35462208810748));
#16192=CARTESIAN_POINT('Origin',(6.06771653543307,-1.91787401574803,0.30462208810748));
#16193=CARTESIAN_POINT('',(6.11771653543307,-1.91787401574803,-0.0829257812777631));
#16194=CARTESIAN_POINT('',(6.11771653543307,-1.91787401574803,0.0139611860685477));
#16195=CARTESIAN_POINT('Origin',(6.06771653543307,-1.91787401574803,-0.0829257812777631));
#16196=CARTESIAN_POINT('',(6.15771653543307,-1.91787401574803,-0.0829257812777631));
#16197=CARTESIAN_POINT('Origin',(6.20771653543307,-1.91787401574803,-0.0829257812777631));
#16198=CARTESIAN_POINT('',(6.15771653543307,-1.91787401574803,0.30462208810748));
#16199=CARTESIAN_POINT('',(6.15771653543307,-1.91787401574803,0.207735120761169));
#16200=CARTESIAN_POINT('Origin',(6.20771653543307,-1.91787401574803,0.30462208810748));
#16201=CARTESIAN_POINT('',(7.65771653543307,-1.91787401574803,0.35462208810748));
#16202=CARTESIAN_POINT('Origin',(6.48771653543307,-1.91787401574803,0.110848153414858));
#16203=CARTESIAN_POINT('',(7.60771653543307,-1.91787401574803,0.35462208810748));
#16204=CARTESIAN_POINT('',(7.55771653543307,-1.91787401574803,0.30462208810748));
#16205=CARTESIAN_POINT('Origin',(7.60771653543307,-1.91787401574803,0.30462208810748));
#16206=CARTESIAN_POINT('',(7.46771653543307,-1.91787401574803,0.35462208810748));
#16207=CARTESIAN_POINT('',(7.65771653543307,-1.91787401574803,0.35462208810748));
#16208=CARTESIAN_POINT('',(7.51771653543307,-1.91787401574803,0.30462208810748));
#16209=CARTESIAN_POINT('Origin',(7.46771653543307,-1.91787401574803,0.30462208810748));
#16210=CARTESIAN_POINT('',(7.51771653543307,-1.91787401574803,-0.0829257812777631));
#16211=CARTESIAN_POINT('',(7.51771653543307,-1.91787401574803,0.0139611860685477));
#16212=CARTESIAN_POINT('Origin',(7.46771653543307,-1.91787401574803,-0.0829257812777631));
#16213=CARTESIAN_POINT('',(7.55771653543307,-1.91787401574803,-0.0829257812777631));
#16214=CARTESIAN_POINT('Origin',(7.60771653543307,-1.91787401574803,-0.0829257812777631));
#16215=CARTESIAN_POINT('',(7.55771653543307,-1.91787401574803,0.207735120761169));
#16216=CARTESIAN_POINT('Origin',(6.48771653543307,-1.91787401574803,0.110848153414858));
#16217=CARTESIAN_POINT('',(7.41771653543307,-1.91787401574803,0.30462208810748));
#16218=CARTESIAN_POINT('Origin',(7.46771653543307,-1.91787401574803,0.30462208810748));
#16219=CARTESIAN_POINT('',(7.65771653543307,-1.91787401574803,0.35462208810748));
#16220=CARTESIAN_POINT('',(7.37771653543307,-1.91787401574803,0.30462208810748));
#16221=CARTESIAN_POINT('Origin',(7.32771653543307,-1.91787401574803,0.30462208810748));
#16222=CARTESIAN_POINT('',(7.37771653543307,-1.91787401574803,-0.0829257812777631));
#16223=CARTESIAN_POINT('',(7.37771653543307,-1.91787401574803,0.0139611860685477));
#16224=CARTESIAN_POINT('Origin',(7.32771653543307,-1.91787401574803,-0.0829257812777631));
#16225=CARTESIAN_POINT('',(7.41771653543307,-1.91787401574803,-0.0829257812777631));
#16226=CARTESIAN_POINT('Origin',(7.46771653543307,-1.91787401574803,-0.0829257812777631));
#16227=CARTESIAN_POINT('',(7.41771653543307,-1.91787401574803,0.207735120761169));
#16228=CARTESIAN_POINT('Origin',(6.48771653543307,-1.91787401574803,0.110848153414858));
#16229=CARTESIAN_POINT('',(5.97771653543307,-1.91787401574803,0.30462208810748));
#16230=CARTESIAN_POINT('',(5.92771653543307,-1.91787401574803,0.35462208810748));
#16231=CARTESIAN_POINT('Origin',(5.92771653543307,-1.91787401574803,0.30462208810748));
#16232=CARTESIAN_POINT('',(5.97771653543307,-1.91787401574803,-0.0829257812777631));
#16233=CARTESIAN_POINT('',(5.97771653543307,-1.91787401574803,0.0139611860685477));
#16234=CARTESIAN_POINT('Origin',(5.92771653543307,-1.91787401574803,-0.0829257812777631));
#16235=CARTESIAN_POINT('',(6.01771653543307,-1.91787401574803,-0.0829257812777631));
#16236=CARTESIAN_POINT('Origin',(6.06771653543307,-1.91787401574803,-0.0829257812777631));
#16237=CARTESIAN_POINT('',(6.01771653543307,-1.91787401574803,0.30462208810748));
#16238=CARTESIAN_POINT('',(6.01771653543307,-1.91787401574803,0.207735120761169));
#16239=CARTESIAN_POINT('Origin',(6.06771653543307,-1.91787401574803,0.30462208810748));
#16240=CARTESIAN_POINT('',(7.65771653543307,-1.91787401574803,0.35462208810748));
#16241=CARTESIAN_POINT('Origin',(6.48771653543307,-1.91787401574803,0.110848153414858));
#16242=CARTESIAN_POINT('',(5.83771653543307,-1.91787401574803,0.30462208810748));
#16243=CARTESIAN_POINT('',(5.78771653543307,-1.91787401574803,0.35462208810748));
#16244=CARTESIAN_POINT('Origin',(5.78771653543307,-1.91787401574803,0.30462208810748));
#16245=CARTESIAN_POINT('',(5.83771653543307,-1.91787401574803,-0.0829257812777631));
#16246=CARTESIAN_POINT('',(5.83771653543307,-1.91787401574803,0.0139611860685477));
#16247=CARTESIAN_POINT('Origin',(5.78771653543307,-1.91787401574803,-0.0829257812777631));
#16248=CARTESIAN_POINT('',(5.87771653543307,-1.91787401574803,-0.0829257812777631));
#16249=CARTESIAN_POINT('Origin',(5.92771653543307,-1.91787401574803,-0.0829257812777631));
#16250=CARTESIAN_POINT('',(5.87771653543307,-1.91787401574803,0.30462208810748));
#16251=CARTESIAN_POINT('',(5.87771653543307,-1.91787401574803,0.207735120761169));
#16252=CARTESIAN_POINT('Origin',(5.92771653543307,-1.91787401574803,0.30462208810748));
#16253=CARTESIAN_POINT('',(7.65771653543307,-1.91787401574803,0.35462208810748));
#16254=CARTESIAN_POINT('Origin',(6.48771653543307,-1.91787401574803,0.110848153414858));
#16255=CARTESIAN_POINT('',(5.69771653543307,-1.91787401574803,0.30462208810748));
#16256=CARTESIAN_POINT('',(5.64771653543307,-1.91787401574803,0.35462208810748));
#16257=CARTESIAN_POINT('Origin',(5.64771653543307,-1.91787401574803,0.30462208810748));
#16258=CARTESIAN_POINT('',(5.69771653543307,-1.91787401574803,-0.0829257812777631));
#16259=CARTESIAN_POINT('',(5.69771653543307,-1.91787401574803,0.0139611860685477));
#16260=CARTESIAN_POINT('Origin',(5.64771653543307,-1.91787401574803,-0.0829257812777631));
#16261=CARTESIAN_POINT('',(5.73771653543307,-1.91787401574803,-0.0829257812777631));
#16262=CARTESIAN_POINT('Origin',(5.78771653543307,-1.91787401574803,-0.0829257812777631));
#16263=CARTESIAN_POINT('',(5.73771653543307,-1.91787401574803,0.30462208810748));
#16264=CARTESIAN_POINT('',(5.73771653543307,-1.91787401574803,0.207735120761169));
#16265=CARTESIAN_POINT('Origin',(5.78771653543307,-1.91787401574803,0.30462208810748));
#16266=CARTESIAN_POINT('',(7.65771653543307,-1.91787401574803,0.35462208810748));
#16267=CARTESIAN_POINT('Origin',(6.48771653543307,-1.91787401574803,0.110848153414858));
#16268=CARTESIAN_POINT('',(5.55771653543307,-1.91787401574803,0.30462208810748));
#16269=CARTESIAN_POINT('',(5.50771653543307,-1.91787401574803,0.35462208810748));
#16270=CARTESIAN_POINT('Origin',(5.50771653543307,-1.91787401574803,0.30462208810748));
#16271=CARTESIAN_POINT('',(5.55771653543307,-1.91787401574803,-0.0829257812777631));
#16272=CARTESIAN_POINT('',(5.55771653543307,-1.91787401574803,0.0139611860685477));
#16273=CARTESIAN_POINT('Origin',(5.50771653543307,-1.91787401574803,-0.0829257812777631));
#16274=CARTESIAN_POINT('',(5.59771653543307,-1.91787401574803,-0.0829257812777631));
#16275=CARTESIAN_POINT('Origin',(5.64771653543307,-1.91787401574803,-0.0829257812777631));
#16276=CARTESIAN_POINT('',(5.59771653543307,-1.91787401574803,0.30462208810748));
#16277=CARTESIAN_POINT('',(5.59771653543307,-1.91787401574803,0.207735120761169));
#16278=CARTESIAN_POINT('Origin',(5.64771653543307,-1.91787401574803,0.30462208810748));
#16279=CARTESIAN_POINT('',(7.65771653543307,-1.91787401574803,0.35462208810748));
#16280=CARTESIAN_POINT('Origin',(6.48771653543307,-1.91787401574803,0.110848153414858));
#16281=CARTESIAN_POINT('',(5.41771653543307,-1.91787401574803,-0.0829257812777631));
#16282=CARTESIAN_POINT('Origin',(5.36771653543307,-1.91787401574803,-0.0829257812777631));
#16283=CARTESIAN_POINT('',(5.45771653543307,-1.91787401574803,-0.0829257812777631));
#16284=CARTESIAN_POINT('Origin',(5.50771653543307,-1.91787401574803,-0.0829257812777631));
#16285=CARTESIAN_POINT('',(5.45771653543307,-1.91787401574803,0.30462208810748));
#16286=CARTESIAN_POINT('',(5.45771653543307,-1.91787401574803,0.207735120761169));
#16287=CARTESIAN_POINT('Origin',(5.50771653543307,-1.91787401574803,0.30462208810748));
#16288=CARTESIAN_POINT('',(5.36771653543307,-1.91787401574803,0.35462208810748));
#16289=CARTESIAN_POINT('',(7.65771653543307,-1.91787401574803,0.35462208810748));
#16290=CARTESIAN_POINT('',(5.41771653543307,-1.91787401574803,0.30462208810748));
#16291=CARTESIAN_POINT('Origin',(5.36771653543307,-1.91787401574803,0.30462208810748));
#16292=CARTESIAN_POINT('',(5.41771653543307,-1.91787401574803,0.0139611860685477));
#16293=CARTESIAN_POINT('Origin',(5.36771653543307,-1.97787401574803,0.35462208810748));
#16294=CARTESIAN_POINT('',(5.36771653543307,-1.87787401574803,0.35462208810748));
#16295=CARTESIAN_POINT('',(7.60771653543307,-1.87787401574803,0.35462208810748));
#16296=CARTESIAN_POINT('Origin',(5.36771653543307,-1.87787401574803,-0.0829257812777631));
#16297=CARTESIAN_POINT('',(5.41771653543307,-1.87787401574803,-0.0829257812777631));
#16298=CARTESIAN_POINT('',(5.41771653543307,-1.87787401574803,-0.0829257812777631));
#16299=CARTESIAN_POINT('',(5.31771653543307,-1.87787401574803,-0.0829257812777631));
#16300=CARTESIAN_POINT('Origin',(5.36771653543307,-1.87787401574803,-0.0829257812777631));
#16301=CARTESIAN_POINT('',(5.31771653543307,-1.87787401574803,-0.0829257812777631));
#16302=CARTESIAN_POINT('Origin',(5.41771653543307,-1.87787401574803,-0.0829257812777631));
#16303=CARTESIAN_POINT('',(5.41771653543307,-1.87787401574803,0.30462208810748));
#16304=CARTESIAN_POINT('',(5.41771653543307,-1.87787401574803,0.30462208810748));
#16305=CARTESIAN_POINT('',(5.41771653543307,-1.87787401574803,-1.10396289063888));
#16306=CARTESIAN_POINT('Origin',(5.50771653543307,-1.87787401574803,0.30462208810748));
#16307=CARTESIAN_POINT('',(5.45771653543307,-1.87787401574803,0.30462208810748));
#16308=CARTESIAN_POINT('',(5.45771653543307,-1.87787401574803,0.30462208810748));
#16309=CARTESIAN_POINT('',(5.55771653543307,-1.87787401574803,0.30462208810748));
#16310=CARTESIAN_POINT('Origin',(5.50771653543307,-1.87787401574803,0.30462208810748));
#16311=CARTESIAN_POINT('',(5.55771653543307,-1.87787401574803,0.30462208810748));
#16312=CARTESIAN_POINT('Origin',(5.45771653543307,-1.87787401574803,0.30462208810748));
#16313=CARTESIAN_POINT('',(5.45771653543307,-1.87787401574803,-0.0829257812777631));
#16314=CARTESIAN_POINT('',(5.45771653543307,-1.87787401574803,-0.0829257812777631));
#16315=CARTESIAN_POINT('',(5.45771653543307,-1.87787401574803,-0.91018895594626));
#16316=CARTESIAN_POINT('Origin',(5.36771653543307,-1.87787401574803,0.30462208810748));
#16317=CARTESIAN_POINT('',(5.31771653543307,-1.87787401574803,0.30462208810748));
#16318=CARTESIAN_POINT('',(5.31771653543307,-1.87787401574803,0.30462208810748));
#16319=CARTESIAN_POINT('Origin',(5.36771653543307,-1.87787401574803,0.30462208810748));
#16320=CARTESIAN_POINT('Origin',(5.50771653543307,-1.87787401574803,-0.0829257812777631));
#16321=CARTESIAN_POINT('',(5.55771653543307,-1.87787401574803,-0.0829257812777631));
#16322=CARTESIAN_POINT('',(5.55771653543307,-1.87787401574803,-0.0829257812777631));
#16323=CARTESIAN_POINT('Origin',(5.50771653543307,-1.87787401574803,-0.0829257812777631));
#16324=CARTESIAN_POINT('Origin',(5.64771653543307,-1.87787401574803,0.30462208810748));
#16325=CARTESIAN_POINT('',(5.59771653543307,-1.87787401574803,0.30462208810748));
#16326=CARTESIAN_POINT('',(5.59771653543307,-1.87787401574803,0.30462208810748));
#16327=CARTESIAN_POINT('',(5.69771653543307,-1.87787401574803,0.30462208810748));
#16328=CARTESIAN_POINT('Origin',(5.64771653543307,-1.87787401574803,0.30462208810748));
#16329=CARTESIAN_POINT('',(5.69771653543307,-1.87787401574803,0.30462208810748));
#16330=CARTESIAN_POINT('Origin',(5.59771653543307,-1.87787401574803,0.30462208810748));
#16331=CARTESIAN_POINT('',(5.59771653543307,-1.87787401574803,-0.0829257812777631));
#16332=CARTESIAN_POINT('',(5.59771653543307,-1.87787401574803,-0.0829257812777631));
#16333=CARTESIAN_POINT('',(5.59771653543307,-1.87787401574803,-0.91018895594626));
#16334=CARTESIAN_POINT('Origin',(5.64771653543307,-1.87787401574803,-0.0829257812777631));
#16335=CARTESIAN_POINT('',(5.69771653543307,-1.87787401574803,-0.0829257812777631));
#16336=CARTESIAN_POINT('',(5.69771653543307,-1.87787401574803,-0.0829257812777631));
#16337=CARTESIAN_POINT('Origin',(5.64771653543307,-1.87787401574803,-0.0829257812777631));
#16338=CARTESIAN_POINT('Origin',(5.78771653543307,-1.87787401574803,0.30462208810748));
#16339=CARTESIAN_POINT('',(5.73771653543307,-1.87787401574803,0.30462208810748));
#16340=CARTESIAN_POINT('',(5.73771653543307,-1.87787401574803,0.30462208810748));
#16341=CARTESIAN_POINT('',(5.83771653543307,-1.87787401574803,0.30462208810748));
#16342=CARTESIAN_POINT('Origin',(5.78771653543307,-1.87787401574803,0.30462208810748));
#16343=CARTESIAN_POINT('',(5.83771653543307,-1.87787401574803,0.30462208810748));
#16344=CARTESIAN_POINT('Origin',(5.73771653543307,-1.87787401574803,0.30462208810748));
#16345=CARTESIAN_POINT('',(5.73771653543307,-1.87787401574803,-0.0829257812777631));
#16346=CARTESIAN_POINT('',(5.73771653543307,-1.87787401574803,-0.0829257812777631));
#16347=CARTESIAN_POINT('',(5.73771653543307,-1.87787401574803,-0.91018895594626));
#16348=CARTESIAN_POINT('Origin',(5.78771653543307,-1.87787401574803,-0.0829257812777631));
#16349=CARTESIAN_POINT('',(5.83771653543307,-1.87787401574803,-0.0829257812777631));
#16350=CARTESIAN_POINT('',(5.83771653543307,-1.87787401574803,-0.0829257812777631));
#16351=CARTESIAN_POINT('Origin',(5.78771653543307,-1.87787401574803,-0.0829257812777631));
#16352=CARTESIAN_POINT('Origin',(5.92771653543307,-1.87787401574803,0.30462208810748));
#16353=CARTESIAN_POINT('',(5.87771653543307,-1.87787401574803,0.30462208810748));
#16354=CARTESIAN_POINT('',(5.87771653543307,-1.87787401574803,0.30462208810748));
#16355=CARTESIAN_POINT('',(5.97771653543307,-1.87787401574803,0.30462208810748));
#16356=CARTESIAN_POINT('Origin',(5.92771653543307,-1.87787401574803,0.30462208810748));
#16357=CARTESIAN_POINT('',(5.97771653543307,-1.87787401574803,0.30462208810748));
#16358=CARTESIAN_POINT('Origin',(5.87771653543307,-1.87787401574803,0.30462208810748));
#16359=CARTESIAN_POINT('',(5.87771653543307,-1.87787401574803,-0.0829257812777631));
#16360=CARTESIAN_POINT('',(5.87771653543307,-1.87787401574803,-0.0829257812777631));
#16361=CARTESIAN_POINT('',(5.87771653543307,-1.87787401574803,-0.91018895594626));
#16362=CARTESIAN_POINT('Origin',(7.55771653543307,-1.87787401574803,0.30462208810748));
#16363=CARTESIAN_POINT('',(7.55771653543307,-1.87787401574803,-0.0829257812777631));
#16364=CARTESIAN_POINT('',(7.55771653543307,-1.87787401574803,-0.0829257812777631));
#16365=CARTESIAN_POINT('',(7.55771653543307,-1.87787401574803,0.30462208810748));
#16366=CARTESIAN_POINT('',(7.55771653543307,-1.87787401574803,-0.91018895594626));
#16367=CARTESIAN_POINT('',(7.55771653543307,-1.87787401574803,0.30462208810748));
#16368=CARTESIAN_POINT('Origin',(5.92771653543307,-1.87787401574803,-0.0829257812777631));
#16369=CARTESIAN_POINT('',(5.97771653543307,-1.87787401574803,-0.0829257812777631));
#16370=CARTESIAN_POINT('',(5.97771653543307,-1.87787401574803,-0.0829257812777631));
#16371=CARTESIAN_POINT('Origin',(5.92771653543307,-1.87787401574803,-0.0829257812777631));
#16372=CARTESIAN_POINT('Origin',(6.06771653543307,-1.87787401574803,0.30462208810748));
#16373=CARTESIAN_POINT('',(6.01771653543307,-1.87787401574803,0.30462208810748));
#16374=CARTESIAN_POINT('',(6.01771653543307,-1.87787401574803,0.30462208810748));
#16375=CARTESIAN_POINT('',(6.11771653543307,-1.87787401574803,0.30462208810748));
#16376=CARTESIAN_POINT('Origin',(6.06771653543307,-1.87787401574803,0.30462208810748));
#16377=CARTESIAN_POINT('',(6.11771653543307,-1.87787401574803,0.30462208810748));
#16378=CARTESIAN_POINT('Origin',(6.01771653543307,-1.87787401574803,0.30462208810748));
#16379=CARTESIAN_POINT('',(6.01771653543307,-1.87787401574803,-0.0829257812777631));
#16380=CARTESIAN_POINT('',(6.01771653543307,-1.87787401574803,-0.0829257812777631));
#16381=CARTESIAN_POINT('',(6.01771653543307,-1.87787401574803,-0.91018895594626));
#16382=CARTESIAN_POINT('Origin',(7.46771653543307,-1.87787401574803,0.30462208810748));
#16383=CARTESIAN_POINT('',(7.41771653543307,-1.87787401574803,0.30462208810748));
#16384=CARTESIAN_POINT('',(7.41771653543307,-1.87787401574803,0.30462208810748));
#16385=CARTESIAN_POINT('',(7.51771653543307,-1.87787401574803,0.30462208810748));
#16386=CARTESIAN_POINT('Origin',(7.46771653543307,-1.87787401574803,0.30462208810748));
#16387=CARTESIAN_POINT('',(7.51771653543307,-1.87787401574803,0.30462208810748));
#16388=CARTESIAN_POINT('Origin',(7.41771653543307,-1.87787401574803,0.30462208810748));
#16389=CARTESIAN_POINT('',(7.41771653543307,-1.87787401574803,-0.0829257812777631));
#16390=CARTESIAN_POINT('',(7.41771653543307,-1.87787401574803,-0.0829257812777631));
#16391=CARTESIAN_POINT('',(7.41771653543307,-1.87787401574803,-0.91018895594626));
#16392=CARTESIAN_POINT('Origin',(7.46771653543307,-1.87787401574803,-0.0829257812777631));
#16393=CARTESIAN_POINT('',(7.51771653543307,-1.87787401574803,-0.0829257812777631));
#16394=CARTESIAN_POINT('',(7.51771653543307,-1.87787401574803,-0.0829257812777631));
#16395=CARTESIAN_POINT('Origin',(7.46771653543307,-1.87787401574803,-0.0829257812777631));
#16396=CARTESIAN_POINT('Origin',(7.60771653543307,-1.87787401574803,-0.0829257812777631));
#16397=CARTESIAN_POINT('',(7.65771653543307,-1.87787401574803,-0.0829257812777631));
#16398=CARTESIAN_POINT('',(7.65771653543307,-1.87787401574803,-0.0829257812777631));
#16399=CARTESIAN_POINT('Origin',(7.60771653543307,-1.87787401574803,-0.0829257812777631));
#16400=CARTESIAN_POINT('Origin',(6.06771653543307,-1.87787401574803,-0.0829257812777631));
#16401=CARTESIAN_POINT('',(6.11771653543307,-1.87787401574803,-0.0829257812777631));
#16402=CARTESIAN_POINT('',(6.11771653543307,-1.87787401574803,-0.0829257812777631));
#16403=CARTESIAN_POINT('Origin',(6.06771653543307,-1.87787401574803,-0.0829257812777631));
#16404=CARTESIAN_POINT('Origin',(6.20771653543307,-1.87787401574803,0.30462208810748));
#16405=CARTESIAN_POINT('',(6.15771653543307,-1.87787401574803,0.30462208810748));
#16406=CARTESIAN_POINT('',(6.15771653543307,-1.87787401574803,0.30462208810748));
#16407=CARTESIAN_POINT('',(6.25771653543307,-1.87787401574803,0.30462208810748));
#16408=CARTESIAN_POINT('Origin',(6.20771653543307,-1.87787401574803,0.30462208810748));
#16409=CARTESIAN_POINT('',(6.25771653543307,-1.87787401574803,0.30462208810748));
#16410=CARTESIAN_POINT('Origin',(6.15771653543307,-1.87787401574803,0.30462208810748));
#16411=CARTESIAN_POINT('',(6.15771653543307,-1.87787401574803,-0.0829257812777631));
#16412=CARTESIAN_POINT('',(6.15771653543307,-1.87787401574803,-0.0829257812777631));
#16413=CARTESIAN_POINT('',(6.15771653543307,-1.87787401574803,-0.91018895594626));
#16414=CARTESIAN_POINT('Origin',(7.32771653543307,-1.87787401574803,0.30462208810748));
#16415=CARTESIAN_POINT('',(7.27771653543307,-1.87787401574803,0.30462208810748));
#16416=CARTESIAN_POINT('',(7.27771653543307,-1.87787401574803,0.30462208810748));
#16417=CARTESIAN_POINT('',(7.37771653543307,-1.87787401574803,0.30462208810748));
#16418=CARTESIAN_POINT('Origin',(7.32771653543307,-1.87787401574803,0.30462208810748));
#16419=CARTESIAN_POINT('',(7.37771653543307,-1.87787401574803,0.30462208810748));
#16420=CARTESIAN_POINT('Origin',(7.27771653543307,-1.87787401574803,0.30462208810748));
#16421=CARTESIAN_POINT('',(7.27771653543307,-1.87787401574803,-0.0829257812777631));
#16422=CARTESIAN_POINT('',(7.27771653543307,-1.87787401574803,-0.0829257812777631));
#16423=CARTESIAN_POINT('',(7.27771653543307,-1.87787401574803,-0.91018895594626));
#16424=CARTESIAN_POINT('Origin',(7.32771653543307,-1.87787401574803,-0.0829257812777631));
#16425=CARTESIAN_POINT('',(7.37771653543307,-1.87787401574803,-0.0829257812777631));
#16426=CARTESIAN_POINT('',(7.37771653543307,-1.87787401574803,-0.0829257812777631));
#16427=CARTESIAN_POINT('Origin',(7.32771653543307,-1.87787401574803,-0.0829257812777631));
#16428=CARTESIAN_POINT('Origin',(6.20771653543307,-1.87787401574803,-0.0829257812777631));
#16429=CARTESIAN_POINT('',(6.25771653543307,-1.87787401574803,-0.0829257812777631));
#16430=CARTESIAN_POINT('',(6.25771653543307,-1.87787401574803,-0.0829257812777631));
#16431=CARTESIAN_POINT('Origin',(6.20771653543307,-1.87787401574803,-0.0829257812777631));
#16432=CARTESIAN_POINT('Origin',(6.34771653543307,-1.87787401574803,0.30462208810748));
#16433=CARTESIAN_POINT('',(6.29771653543307,-1.87787401574803,0.30462208810748));
#16434=CARTESIAN_POINT('',(6.29771653543307,-1.87787401574803,0.30462208810748));
#16435=CARTESIAN_POINT('',(6.39771653543307,-1.87787401574803,0.30462208810748));
#16436=CARTESIAN_POINT('Origin',(6.34771653543307,-1.87787401574803,0.30462208810748));
#16437=CARTESIAN_POINT('',(6.39771653543307,-1.87787401574803,0.30462208810748));
#16438=CARTESIAN_POINT('Origin',(6.29771653543307,-1.87787401574803,0.30462208810748));
#16439=CARTESIAN_POINT('',(6.29771653543307,-1.87787401574803,-0.0829257812777631));
#16440=CARTESIAN_POINT('',(6.29771653543307,-1.87787401574803,-0.0829257812777631));
#16441=CARTESIAN_POINT('',(6.29771653543307,-1.87787401574803,-0.91018895594626));
#16442=CARTESIAN_POINT('Origin',(7.18771653543307,-1.87787401574803,0.30462208810748));
#16443=CARTESIAN_POINT('',(7.13771653543307,-1.87787401574803,0.30462208810748));
#16444=CARTESIAN_POINT('',(7.13771653543307,-1.87787401574803,0.30462208810748));
#16445=CARTESIAN_POINT('',(7.23771653543307,-1.87787401574803,0.30462208810748));
#16446=CARTESIAN_POINT('Origin',(7.18771653543307,-1.87787401574803,0.30462208810748));
#16447=CARTESIAN_POINT('',(7.23771653543307,-1.87787401574803,0.30462208810748));
#16448=CARTESIAN_POINT('Origin',(7.13771653543307,-1.87787401574803,0.30462208810748));
#16449=CARTESIAN_POINT('',(7.13771653543307,-1.87787401574803,-0.0829257812777631));
#16450=CARTESIAN_POINT('',(7.13771653543307,-1.87787401574803,-0.0829257812777631));
#16451=CARTESIAN_POINT('',(7.13771653543307,-1.87787401574803,-0.91018895594626));
#16452=CARTESIAN_POINT('Origin',(7.18771653543307,-1.87787401574803,-0.0829257812777631));
#16453=CARTESIAN_POINT('',(7.23771653543307,-1.87787401574803,-0.0829257812777631));
#16454=CARTESIAN_POINT('',(7.23771653543307,-1.87787401574803,-0.0829257812777631));
#16455=CARTESIAN_POINT('Origin',(7.18771653543307,-1.87787401574803,-0.0829257812777631));
#16456=CARTESIAN_POINT('Origin',(6.34771653543307,-1.87787401574803,-0.0829257812777631));
#16457=CARTESIAN_POINT('',(6.39771653543307,-1.87787401574803,-0.0829257812777631));
#16458=CARTESIAN_POINT('',(6.39771653543307,-1.87787401574803,-0.0829257812777631));
#16459=CARTESIAN_POINT('Origin',(6.34771653543307,-1.87787401574803,-0.0829257812777631));
#16460=CARTESIAN_POINT('Origin',(6.48771653543307,-1.87787401574803,0.30462208810748));
#16461=CARTESIAN_POINT('',(6.43771653543307,-1.87787401574803,0.30462208810748));
#16462=CARTESIAN_POINT('',(6.43771653543307,-1.87787401574803,0.30462208810748));
#16463=CARTESIAN_POINT('',(6.53771653543307,-1.87787401574803,0.30462208810748));
#16464=CARTESIAN_POINT('Origin',(6.48771653543307,-1.87787401574803,0.30462208810748));
#16465=CARTESIAN_POINT('',(6.53771653543307,-1.87787401574803,0.30462208810748));
#16466=CARTESIAN_POINT('Origin',(6.43771653543307,-1.87787401574803,0.30462208810748));
#16467=CARTESIAN_POINT('',(6.43771653543307,-1.87787401574803,-0.0829257812777631));
#16468=CARTESIAN_POINT('',(6.43771653543307,-1.87787401574803,-0.0829257812777631));
#16469=CARTESIAN_POINT('',(6.43771653543307,-1.87787401574803,-0.91018895594626));
#16470=CARTESIAN_POINT('Origin',(7.04771653543307,-1.87787401574803,0.30462208810748));
#16471=CARTESIAN_POINT('',(6.99771653543307,-1.87787401574803,0.30462208810748));
#16472=CARTESIAN_POINT('',(6.99771653543307,-1.87787401574803,0.30462208810748));
#16473=CARTESIAN_POINT('',(7.09771653543307,-1.87787401574803,0.30462208810748));
#16474=CARTESIAN_POINT('Origin',(7.04771653543307,-1.87787401574803,0.30462208810748));
#16475=CARTESIAN_POINT('',(7.09771653543307,-1.87787401574803,0.30462208810748));
#16476=CARTESIAN_POINT('Origin',(6.99771653543307,-1.87787401574803,0.30462208810748));
#16477=CARTESIAN_POINT('',(6.99771653543307,-1.87787401574803,-0.0829257812777631));
#16478=CARTESIAN_POINT('',(6.99771653543307,-1.87787401574803,-0.0829257812777631));
#16479=CARTESIAN_POINT('',(6.99771653543307,-1.87787401574803,-0.91018895594626));
#16480=CARTESIAN_POINT('Origin',(7.04771653543307,-1.87787401574803,-0.0829257812777631));
#16481=CARTESIAN_POINT('',(7.09771653543307,-1.87787401574803,-0.0829257812777631));
#16482=CARTESIAN_POINT('',(7.09771653543307,-1.87787401574803,-0.0829257812777631));
#16483=CARTESIAN_POINT('Origin',(7.04771653543307,-1.87787401574803,-0.0829257812777631));
#16484=CARTESIAN_POINT('Origin',(6.48771653543307,-1.87787401574803,-0.0829257812777631));
#16485=CARTESIAN_POINT('',(6.53771653543307,-1.87787401574803,-0.0829257812777631));
#16486=CARTESIAN_POINT('',(6.53771653543307,-1.87787401574803,-0.0829257812777631));
#16487=CARTESIAN_POINT('Origin',(6.48771653543307,-1.87787401574803,-0.0829257812777631));
#16488=CARTESIAN_POINT('Origin',(6.62771653543307,-1.87787401574803,0.30462208810748));
#16489=CARTESIAN_POINT('',(6.57771653543307,-1.87787401574803,0.30462208810748));
#16490=CARTESIAN_POINT('',(6.57771653543307,-1.87787401574803,0.30462208810748));
#16491=CARTESIAN_POINT('',(6.67771653543307,-1.87787401574803,0.30462208810748));
#16492=CARTESIAN_POINT('Origin',(6.62771653543307,-1.87787401574803,0.30462208810748));
#16493=CARTESIAN_POINT('',(6.67771653543307,-1.87787401574803,0.30462208810748));
#16494=CARTESIAN_POINT('Origin',(6.57771653543307,-1.87787401574803,0.30462208810748));
#16495=CARTESIAN_POINT('',(6.57771653543307,-1.87787401574803,-0.0829257812777631));
#16496=CARTESIAN_POINT('',(6.57771653543307,-1.87787401574803,-0.0829257812777631));
#16497=CARTESIAN_POINT('',(6.57771653543307,-1.87787401574803,-0.91018895594626));
#16498=CARTESIAN_POINT('Origin',(6.90771653543307,-1.87787401574803,0.30462208810748));
#16499=CARTESIAN_POINT('',(6.85771653543307,-1.87787401574803,0.30462208810748));
#16500=CARTESIAN_POINT('',(6.85771653543307,-1.87787401574803,0.30462208810748));
#16501=CARTESIAN_POINT('',(6.95771653543307,-1.87787401574803,0.30462208810748));
#16502=CARTESIAN_POINT('Origin',(6.90771653543307,-1.87787401574803,0.30462208810748));
#16503=CARTESIAN_POINT('',(6.95771653543307,-1.87787401574803,0.30462208810748));
#16504=CARTESIAN_POINT('Origin',(6.85771653543307,-1.87787401574803,0.30462208810748));
#16505=CARTESIAN_POINT('',(6.85771653543307,-1.87787401574803,-0.0829257812777631));
#16506=CARTESIAN_POINT('',(6.85771653543307,-1.87787401574803,-0.0829257812777631));
#16507=CARTESIAN_POINT('',(6.85771653543307,-1.87787401574803,-0.91018895594626));
#16508=CARTESIAN_POINT('Origin',(6.90771653543307,-1.87787401574803,-0.0829257812777631));
#16509=CARTESIAN_POINT('',(6.95771653543307,-1.87787401574803,-0.0829257812777631));
#16510=CARTESIAN_POINT('',(6.95771653543307,-1.87787401574803,-0.0829257812777631));
#16511=CARTESIAN_POINT('Origin',(6.90771653543307,-1.87787401574803,-0.0829257812777631));
#16512=CARTESIAN_POINT('Origin',(6.62771653543307,-1.87787401574803,-0.0829257812777631));
#16513=CARTESIAN_POINT('',(6.67771653543307,-1.87787401574803,-0.0829257812777631));
#16514=CARTESIAN_POINT('',(6.67771653543307,-1.87787401574803,-0.0829257812777631));
#16515=CARTESIAN_POINT('Origin',(6.62771653543307,-1.87787401574803,-0.0829257812777631));
#16516=CARTESIAN_POINT('Origin',(6.71771653543307,-1.87787401574803,0.30462208810748));
#16517=CARTESIAN_POINT('',(6.71771653543307,-1.87787401574803,-0.0829257812777631));
#16518=CARTESIAN_POINT('',(6.71771653543307,-1.87787401574803,-0.0829257812777631));
#16519=CARTESIAN_POINT('',(6.71771653543307,-1.87787401574803,0.30462208810748));
#16520=CARTESIAN_POINT('',(6.71771653543307,-1.87787401574803,-0.91018895594626));
#16521=CARTESIAN_POINT('',(6.71771653543307,-1.87787401574803,0.30462208810748));
#16522=CARTESIAN_POINT('Origin',(6.76771653543307,-1.87787401574803,-0.0829257812777631));
#16523=CARTESIAN_POINT('',(6.81771653543307,-1.87787401574803,-0.0829257812777631));
#16524=CARTESIAN_POINT('',(6.81771653543307,-1.87787401574803,-0.0829257812777631));
#16525=CARTESIAN_POINT('Origin',(6.76771653543307,-1.87787401574803,-0.0829257812777631));
#16526=CARTESIAN_POINT('Origin',(6.11771653543307,-1.87787401574803,-0.0829257812777631));
#16527=CARTESIAN_POINT('',(6.11771653543307,-1.87787401574803,-1.10396289063888));
#16528=CARTESIAN_POINT('Origin',(5.83771653543307,-1.87787401574803,-0.0829257812777631));
#16529=CARTESIAN_POINT('',(5.83771653543307,-1.87787401574803,-1.10396289063888));
#16530=CARTESIAN_POINT('Origin',(5.55771653543307,-1.87787401574803,-0.0829257812777631));
#16531=CARTESIAN_POINT('',(5.55771653543307,-1.87787401574803,-1.10396289063888));
#16532=CARTESIAN_POINT('Origin',(6.39771653543307,-1.87787401574803,-0.0829257812777631));
#16533=CARTESIAN_POINT('',(6.39771653543307,-1.87787401574803,-1.10396289063888));
#16534=CARTESIAN_POINT('Origin',(6.67771653543307,-1.87787401574803,-0.0829257812777631));
#16535=CARTESIAN_POINT('',(6.67771653543307,-1.87787401574803,-1.10396289063888));
#16536=CARTESIAN_POINT('Origin',(6.95771653543307,-1.87787401574803,-0.0829257812777631));
#16537=CARTESIAN_POINT('',(6.95771653543307,-1.87787401574803,-1.10396289063888));
#16538=CARTESIAN_POINT('Origin',(7.23771653543307,-1.87787401574803,-0.0829257812777631));
#16539=CARTESIAN_POINT('',(7.23771653543307,-1.87787401574803,-1.10396289063888));
#16540=CARTESIAN_POINT('Origin',(7.51771653543307,-1.87787401574803,-0.0829257812777631));
#16541=CARTESIAN_POINT('',(7.51771653543307,-1.87787401574803,-1.10396289063888));
#16542=CARTESIAN_POINT('Origin',(7.65771653543307,-1.87787401574803,-0.0829257812777631));
#16543=CARTESIAN_POINT('',(7.65771653543307,-1.87787401574803,0.30462208810748));
#16544=CARTESIAN_POINT('',(7.65771653543307,-1.87787401574803,0.30462208810748));
#16545=CARTESIAN_POINT('',(7.65771653543307,-1.87787401574803,-1.10396289063888));
#16546=CARTESIAN_POINT('Origin',(7.60771653543307,-1.87787401574803,0.30462208810748));
#16547=CARTESIAN_POINT('Origin',(7.60771653543307,-1.87787401574803,0.30462208810748));
#16548=CARTESIAN_POINT('Origin',(7.37771653543307,-1.87787401574803,-0.0829257812777631));
#16549=CARTESIAN_POINT('',(7.37771653543307,-1.87787401574803,-1.10396289063888));
#16550=CARTESIAN_POINT('Origin',(7.09771653543307,-1.87787401574803,-0.0829257812777631));
#16551=CARTESIAN_POINT('',(7.09771653543307,-1.87787401574803,-1.10396289063888));
#16552=CARTESIAN_POINT('Origin',(6.53771653543307,-1.87787401574803,-0.0829257812777631));
#16553=CARTESIAN_POINT('',(6.53771653543307,-1.87787401574803,-1.10396289063888));
#16554=CARTESIAN_POINT('Origin',(5.31771653543307,-1.87787401574803,0.30462208810748));
#16555=CARTESIAN_POINT('',(5.31771653543307,-1.87787401574803,-0.91018895594626));
#16556=CARTESIAN_POINT('Origin',(5.69771653543307,-1.87787401574803,-0.0829257812777631));
#16557=CARTESIAN_POINT('',(5.69771653543307,-1.87787401574803,-1.10396289063888));
#16558=CARTESIAN_POINT('Origin',(5.97771653543307,-1.87787401574803,-0.0829257812777631));
#16559=CARTESIAN_POINT('',(5.97771653543307,-1.87787401574803,-1.10396289063888));
#16560=CARTESIAN_POINT('Origin',(6.25771653543307,-1.87787401574803,-0.0829257812777631));
#16561=CARTESIAN_POINT('',(6.25771653543307,-1.87787401574803,-1.10396289063888));
#16562=CARTESIAN_POINT('Origin',(6.81771653543307,-1.87787401574803,-0.0829257812777631));
#16563=CARTESIAN_POINT('',(6.81771653543307,-1.87787401574803,0.30462208810748));
#16564=CARTESIAN_POINT('',(6.81771653543307,-1.87787401574803,0.30462208810748));
#16565=CARTESIAN_POINT('',(6.81771653543307,-1.87787401574803,-1.10396289063888));
#16566=CARTESIAN_POINT('Origin',(6.76771653543307,-1.87787401574803,0.30462208810748));
#16567=CARTESIAN_POINT('Origin',(6.76771653543307,-1.87787401574803,0.30462208810748));
#16568=CARTESIAN_POINT('Origin',(8.20062992125984,-1.87787401574803,-3.84));
#16569=CARTESIAN_POINT('',(8.20062992125984,-2.09787401574803,-3.9));
#16570=CARTESIAN_POINT('',(8.20062992125984,-1.87787401574803,-3.9));
#16571=CARTESIAN_POINT('Origin',(8.20062992125984,-2.09787401574803,-3.84));
#16572=CARTESIAN_POINT('Origin',(5.3348031496063,-1.87787401574803,-3.84));
#16573=CARTESIAN_POINT('',(5.2748031496063,-2.09787401574803,-3.84));
#16574=CARTESIAN_POINT('',(5.2748031496063,-1.87787401574803,-3.84));
#16575=CARTESIAN_POINT('',(5.3348031496063,-2.09787401574803,-3.9));
#16576=CARTESIAN_POINT('Origin',(5.3348031496063,-2.09787401574803,-3.84));
#16577=CARTESIAN_POINT('',(5.3348031496063,-1.87787401574803,-3.9));
#16578=CARTESIAN_POINT('Origin',(6.76771653543307,-1.87787401574803,-3.9));
#16579=CARTESIAN_POINT('',(8.26062992125985,-2.09787401574803,-3.9));
#16580=CARTESIAN_POINT('Origin',(5.2148031496063,-1.87787401574803,-0.21));
#16581=CARTESIAN_POINT('',(5.2148031496063,-2.09787401574803,-0.15));
#16582=CARTESIAN_POINT('',(5.2748031496063,-2.09787401574803,-0.21));
#16583=CARTESIAN_POINT('Origin',(5.2148031496063,-2.09787401574803,-0.21));
#16584=CARTESIAN_POINT('',(5.2748031496063,-1.87787401574803,-0.21));
#16585=CARTESIAN_POINT('',(5.2148031496063,-1.87787401574803,-0.15));
#16586=CARTESIAN_POINT('Origin',(5.2748031496063,-1.87787401574803,-3.9));
#16587=CARTESIAN_POINT('',(5.2748031496063,-2.09787401574803,-0.15));
#16588=CARTESIAN_POINT('Origin',(5.92125984251969,-2.09787401574803,-2.125));
#16589=CARTESIAN_POINT('',(5.1348031496063,-2.09787401574803,-0.15));
#16590=CARTESIAN_POINT('',(5.0748031496063,-2.09787401574803,-0.15));
#16591=CARTESIAN_POINT('',(5.0748031496063,-2.09787401574803,-0.21));
#16592=CARTESIAN_POINT('Origin',(5.1348031496063,-2.09787401574803,-0.21));
#16593=CARTESIAN_POINT('',(5.0748031496063,-2.09787401574803,-4.1));
#16594=CARTESIAN_POINT('',(5.0748031496063,-2.09787401574803,-4.1));
#16595=CARTESIAN_POINT('',(8.46062992125985,-2.09787401574803,-4.1));
#16596=CARTESIAN_POINT('',(6.76771653543307,-2.09787401574803,-4.1));
#16597=CARTESIAN_POINT('',(8.46062992125985,-2.09787401574803,-0.21));
#16598=CARTESIAN_POINT('',(8.46062992125985,-2.09787401574803,-4.1));
#16599=CARTESIAN_POINT('',(8.40062992125985,-2.09787401574803,-0.15));
#16600=CARTESIAN_POINT('Origin',(8.40062992125985,-2.09787401574803,-0.21));
#16601=CARTESIAN_POINT('',(8.32062992125985,-2.09787401574803,-0.15));
#16602=CARTESIAN_POINT('',(8.46062992125985,-2.09787401574803,-0.15));
#16603=CARTESIAN_POINT('Origin',(8.32062992125985,-2.09787401574803,-0.21));
#16604=CARTESIAN_POINT('Origin',(5.1348031496063,-1.87787401574803,-0.21));
#16605=CARTESIAN_POINT('',(5.1348031496063,-1.87787401574803,-0.15));
#16606=CARTESIAN_POINT('',(5.0748031496063,-1.87787401574803,-0.21));
#16607=CARTESIAN_POINT('Origin',(5.0748031496063,-1.87787401574803,-0.15));
#16608=CARTESIAN_POINT('',(5.0748031496063,-2.09787401574803,0.472992125984252));
#16609=CARTESIAN_POINT('',(5.0748031496063,-1.87787401574803,0.472992125984252));
#16610=CARTESIAN_POINT('',(5.0748031496063,-2.09787401574803,1.14299212598425));
#16611=CARTESIAN_POINT('',(5.0748031496063,-2.09787401574803,-4.1));
#16612=CARTESIAN_POINT('',(5.0748031496063,-1.87787401574803,1.14299212598425));
#16613=CARTESIAN_POINT('',(5.0748031496063,-1.87787401574803,1.14299212598425));
#16614=CARTESIAN_POINT('',(5.0748031496063,-1.87787401574803,-4.1));
#16615=CARTESIAN_POINT('',(5.0748031496063,-1.87787401574803,-4.1));
#16616=CARTESIAN_POINT('',(5.0748031496063,-1.87787401574803,-4.1));
#16617=CARTESIAN_POINT('Origin',(8.40062992125985,-1.87787401574803,-0.21));
#16618=CARTESIAN_POINT('',(8.46062992125985,-1.87787401574803,-0.21));
#16619=CARTESIAN_POINT('',(8.40062992125985,-1.87787401574803,-0.15));
#16620=CARTESIAN_POINT('Origin',(8.26062992125985,-1.87787401574803,-0.15));
#16621=CARTESIAN_POINT('',(8.32062992125985,-1.87787401574803,-0.15));
#16622=CARTESIAN_POINT('Origin',(8.32062992125985,-1.87787401574803,-0.21));
#16623=CARTESIAN_POINT('Origin',(8.40062992125985,-1.87787401574803,0.472992125984252));
#16624=CARTESIAN_POINT('',(8.46062992125985,-2.09787401574803,0.472992125984252));
#16625=CARTESIAN_POINT('',(8.40062992125985,-2.09787401574803,0.412992125984252));
#16626=CARTESIAN_POINT('Origin',(8.40062992125985,-2.09787401574803,0.472992125984252));
#16627=CARTESIAN_POINT('',(8.40062992125985,-1.87787401574803,0.412992125984252));
#16628=CARTESIAN_POINT('',(8.46062992125985,-1.87787401574803,0.472992125984252));
#16629=CARTESIAN_POINT('Origin',(8.46062992125985,-1.87787401574803,0.412992125984252));
#16630=CARTESIAN_POINT('',(8.32062992125985,-2.09787401574803,0.412992125984252));
#16631=CARTESIAN_POINT('',(8.26062992125985,-2.09787401574803,0.412992125984252));
#16632=CARTESIAN_POINT('',(8.32062992125985,-1.87787401574803,0.412992125984252));
#16633=CARTESIAN_POINT('Origin',(5.1748031496063,-2.09787401574803,0.777992125984252));
#16634=CARTESIAN_POINT('',(8.46062992125985,-2.09787401574803,1.14299212598425));
#16635=CARTESIAN_POINT('',(8.46062992125985,-2.09787401574803,-4.1));
#16636=CARTESIAN_POINT('',(8.46062992125985,-2.09787401574803,1.14299212598425));
#16637=CARTESIAN_POINT('',(5.1348031496063,-2.09787401574803,0.412992125984252));
#16638=CARTESIAN_POINT('Origin',(5.1348031496063,-2.09787401574803,0.472992125984252));
#16639=CARTESIAN_POINT('',(5.2148031496063,-2.09787401574803,0.412992125984252));
#16640=CARTESIAN_POINT('',(5.2748031496063,-2.09787401574803,0.412992125984252));
#16641=CARTESIAN_POINT('',(5.2748031496063,-2.09787401574803,0.472992125984252));
#16642=CARTESIAN_POINT('Origin',(5.2148031496063,-2.09787401574803,0.472992125984252));
#16643=CARTESIAN_POINT('',(5.2748031496063,-2.09787401574803,0.962992125984253));
#16644=CARTESIAN_POINT('',(5.2748031496063,-2.09787401574803,1.14299212598425));
#16645=CARTESIAN_POINT('',(5.3348031496063,-2.09787401574803,1.02299212598425));
#16646=CARTESIAN_POINT('Origin',(5.3348031496063,-2.09787401574803,0.962992125984253));
#16647=CARTESIAN_POINT('',(8.20062992125985,-2.09787401574803,1.02299212598425));
#16648=CARTESIAN_POINT('',(6.76771653543307,-2.09787401574803,1.02299212598425));
#16649=CARTESIAN_POINT('Origin',(8.20062992125985,-2.09787401574803,0.962992125984253));
#16650=CARTESIAN_POINT('Origin',(8.32062992125985,-2.09787401574803,0.472992125984252));
#16651=CARTESIAN_POINT('Origin',(8.32062992125985,-1.87787401574803,0.472992125984252));
#16652=CARTESIAN_POINT('Origin',(5.1348031496063,-1.87787401574803,0.472992125984252));
#16653=CARTESIAN_POINT('',(5.1348031496063,-1.87787401574803,0.412992125984252));
#16654=CARTESIAN_POINT('Origin',(5.2148031496063,-1.87787401574803,0.472992125984252));
#16655=CARTESIAN_POINT('',(5.2148031496063,-1.87787401574803,0.412992125984252));
#16656=CARTESIAN_POINT('',(5.2748031496063,-1.87787401574803,0.472992125984252));
#16657=CARTESIAN_POINT('Origin',(5.2748031496063,-1.87787401574803,0.412992125984252));
#16658=CARTESIAN_POINT('',(5.2748031496063,-1.87787401574803,0.962992125984253));
#16659=CARTESIAN_POINT('Origin',(5.3348031496063,-1.87787401574803,0.962992125984253));
#16660=CARTESIAN_POINT('',(5.3348031496063,-1.87787401574803,1.02299212598425));
#16661=CARTESIAN_POINT('Origin',(5.2748031496063,-1.87787401574803,1.02299212598425));
#16662=CARTESIAN_POINT('',(8.20062992125985,-1.87787401574803,1.02299212598425));
#16663=CARTESIAN_POINT('Origin',(8.20062992125985,-1.87787401574803,0.962992125984253));
#16664=CARTESIAN_POINT('Origin',(8.07562992125984,-1.87787401574803,0.522992125984252));
#16665=CARTESIAN_POINT('',(8.07562992125984,-1.87787401574803,0.552992125984252));
#16666=CARTESIAN_POINT('',(8.10562992125984,-1.87787401574803,0.522992125984252));
#16667=CARTESIAN_POINT('Origin',(8.07562992125984,-1.87787401574803,0.522992125984252));
#16668=CARTESIAN_POINT('',(8.10562992125984,-1.87787401574803,0.522992125984252));
#16669=CARTESIAN_POINT('',(8.07562992125984,-1.87787401574803,0.552992125984252));
#16670=CARTESIAN_POINT('Origin',(8.10562992125984,-1.87787401574803,0.402992125984252));
#16671=CARTESIAN_POINT('',(8.10562992125984,-1.87787401574803,0.432992125984252));
#16672=CARTESIAN_POINT('',(8.10562992125984,-1.87787401574803,-0.861003937007874));
#16673=CARTESIAN_POINT('',(8.10562992125984,-1.87787401574803,0.432992125984252));
#16674=CARTESIAN_POINT('Origin',(7.93562992125984,-1.87787401574803,0.522992125984252));
#16675=CARTESIAN_POINT('',(7.90562992125984,-1.87787401574803,0.522992125984252));
#16676=CARTESIAN_POINT('',(7.93562992125984,-1.87787401574803,0.552992125984252));
#16677=CARTESIAN_POINT('Origin',(7.93562992125984,-1.87787401574803,0.522992125984252));
#16678=CARTESIAN_POINT('',(7.93562992125984,-1.87787401574803,0.552992125984252));
#16679=CARTESIAN_POINT('',(7.90562992125984,-1.87787401574803,0.522992125984252));
#16680=CARTESIAN_POINT('Origin',(8.10562992125984,-1.87787401574803,0.552992125984252));
#16681=CARTESIAN_POINT('',(7.01344488188977,-1.87787401574803,0.552992125984253));
#16682=CARTESIAN_POINT('Origin',(7.87562992125984,-1.87787401574803,0.432992125984252));
#16683=CARTESIAN_POINT('',(7.87562992125984,-1.87787401574803,0.402992125984252));
#16684=CARTESIAN_POINT('',(7.87562992125984,-1.87787401574803,0.402992125984252));
#16685=CARTESIAN_POINT('',(7.90562992125984,-1.87787401574803,0.432992125984252));
#16686=CARTESIAN_POINT('Origin',(7.87562992125984,-1.87787401574803,0.432992125984252));
#16687=CARTESIAN_POINT('',(7.90562992125984,-1.87787401574803,0.432992125984252));
#16688=CARTESIAN_POINT('Origin',(7.90562992125984,-1.87787401574803,0.402992125984252));
#16689=CARTESIAN_POINT('',(7.76062992125984,-1.87787401574803,0.402992125984252));
#16690=CARTESIAN_POINT('',(7.76062992125984,-1.87787401574803,0.402992125984252));
#16691=CARTESIAN_POINT('',(6.91344488188976,-1.87787401574803,0.402992125984252));
#16692=CARTESIAN_POINT('Origin',(8.13562992125984,-1.87787401574803,0.432992125984252));
#16693=CARTESIAN_POINT('',(8.13562992125984,-1.87787401574803,0.402992125984252));
#16694=CARTESIAN_POINT('Origin',(8.13562992125984,-1.87787401574803,0.432992125984252));
#16695=CARTESIAN_POINT('',(8.13562992125984,-1.87787401574803,0.402992125984252));
#16696=CARTESIAN_POINT('Origin',(8.25062992125984,-1.87787401574803,0.402992125984252));
#16697=CARTESIAN_POINT('',(8.25062992125984,-1.87787401574803,0.402992125984252));
#16698=CARTESIAN_POINT('',(7.08594488188976,-1.87787401574803,0.402992125984252));
#16699=CARTESIAN_POINT('',(8.25062992125984,-1.87787401574803,0.402992125984252));
#16700=CARTESIAN_POINT('Origin',(6.40440944881856,-1.87787401574803,0.413307086614519));
#16701=CARTESIAN_POINT('',(6.40440944881856,-1.87787401574803,0.98267716535399));
#16702=CARTESIAN_POINT('',(6.40440944881856,-1.87787401574803,0.98267716535399));
#16703=CARTESIAN_POINT('',(6.40440944881856,-1.87787401574803,0.413307086614519));
#16704=CARTESIAN_POINT('',(6.40440944881856,-1.87787401574803,-0.85584645669274));
#16705=CARTESIAN_POINT('',(6.40440944881856,-1.87787401574803,0.413307086614519));
#16706=CARTESIAN_POINT('Origin',(5.73511811023657,-1.87787401574803,0.413307086614519));
#16707=CARTESIAN_POINT('',(5.73511811023657,-1.87787401574803,0.413307086614519));
#16708=CARTESIAN_POINT('',(5.82818897637813,-1.87787401574803,0.413307086614519));
#16709=CARTESIAN_POINT('',(5.73511811023657,-1.87787401574803,0.413307086614519));
#16710=CARTESIAN_POINT('Origin',(5.73511811023656,-1.87787401574803,0.98267716535399));
#16711=CARTESIAN_POINT('',(5.73511811023656,-1.87787401574803,0.98267716535399));
#16712=CARTESIAN_POINT('',(5.73511811023657,-1.87787401574803,-0.571161417323005));
#16713=CARTESIAN_POINT('',(5.73511811023656,-1.87787401574803,0.98267716535399));
#16714=CARTESIAN_POINT('Origin',(6.40440944881856,-1.87787401574803,0.98267716535399));
#16715=CARTESIAN_POINT('',(6.16283464566912,-1.87787401574803,0.98267716535399));
#16716=CARTESIAN_POINT('Origin',(7.90562992125984,-1.87787401574803,0.552992125984252));
#16717=CARTESIAN_POINT('',(7.90562992125983,-1.87787401574803,-0.786003937007878));
#16718=CARTESIAN_POINT('Origin',(8.25062992125984,-1.87787401574803,0.062992125984252));
#16719=CARTESIAN_POINT('',(8.25062992125984,-1.87787401574803,0.062992125984252));
#16720=CARTESIAN_POINT('',(8.25062992125984,-1.87787401574803,-1.03100393700787));
#16721=CARTESIAN_POINT('',(8.25062992125984,-1.87787401574803,0.062992125984252));
#16722=CARTESIAN_POINT('Origin',(7.76062992125984,-1.87787401574803,0.062992125984252));
#16723=CARTESIAN_POINT('',(7.76062992125984,-1.87787401574803,0.062992125984252));
#16724=CARTESIAN_POINT('',(6.84094488188976,-1.87787401574803,0.062992125984252));
#16725=CARTESIAN_POINT('',(7.76062992125984,-1.87787401574803,0.062992125984252));
#16726=CARTESIAN_POINT('Origin',(7.76062992125984,-1.87787401574803,0.402992125984252));
#16727=CARTESIAN_POINT('',(7.76062992125984,-1.87787401574803,-0.861003937007874));
#16728=CARTESIAN_POINT('Origin',(8.46062992125985,-1.87787401574803,-0.15));
#16729=CARTESIAN_POINT('',(8.46062992125985,-1.87787401574803,-4.1));
#16730=CARTESIAN_POINT('',(8.46062992125985,-1.87787401574803,-4.1));
#16731=CARTESIAN_POINT('',(8.46062992125985,-1.87787401574803,1.14299212598425));
#16732=CARTESIAN_POINT('',(8.46062992125985,-1.87787401574803,-4.1));
#16733=CARTESIAN_POINT('',(8.46062992125985,-1.87787401574803,1.14299212598425));
#16734=CARTESIAN_POINT('Origin',(6.76771653543307,-1.87787401574803,1.14299212598425));
#16735=CARTESIAN_POINT('',(5.0748031496063,-1.87787401574803,1.14299212598425));
#16736=CARTESIAN_POINT('Origin',(5.0748031496063,-1.87787401574803,0.412992125984252));
#16737=CARTESIAN_POINT('Origin',(5.0748031496063,-1.87787401574803,-4.1));
#16738=CARTESIAN_POINT('',(6.76771653543307,-1.87787401574803,-4.1));
#16739=CARTESIAN_POINT('Origin',(5.2748031496063,-1.87787401574803,-0.15));
#16740=CARTESIAN_POINT('Origin',(5.92125984251969,-1.87787401574803,-2.125));
#16741=UNCERTAINTY_MEASURE_WITH_UNIT(LENGTH_MEASURE(0.000393700787401575),
#16747,'DISTANCE_ACCURACY_VALUE',
'Maximum model space distance between geometric entities at asserted c
onnectivities');
#16742=UNCERTAINTY_MEASURE_WITH_UNIT(LENGTH_MEASURE(0.000393700787401575),
#16747,'DISTANCE_ACCURACY_VALUE',
'Maximum model space distance between geometric entities at asserted c
onnectivities');
#16743=(
GEOMETRIC_REPRESENTATION_CONTEXT(3)
GLOBAL_UNCERTAINTY_ASSIGNED_CONTEXT((#16741))
GLOBAL_UNIT_ASSIGNED_CONTEXT((#16747,#16751,#16752))
REPRESENTATION_CONTEXT('','3D')
);
#16744=(
GEOMETRIC_REPRESENTATION_CONTEXT(3)
GLOBAL_UNCERTAINTY_ASSIGNED_CONTEXT((#16742))
GLOBAL_UNIT_ASSIGNED_CONTEXT((#16747,#16751,#16752))
REPRESENTATION_CONTEXT('','3D')
);
#16745=DIMENSIONAL_EXPONENTS(1.,0.,0.,0.,0.,0.,0.);
#16746=DIMENSIONAL_EXPONENTS(0.,1.,0.,0.,0.,0.,0.);
#16747=(
CONVERSION_BASED_UNIT('inch',#16750)
LENGTH_UNIT()
NAMED_UNIT(#16745)
);
#16748=(
LENGTH_UNIT()
NAMED_UNIT(*)
SI_UNIT(.MILLI.,.METRE.)
);
#16749=(
LENGTH_UNIT()
NAMED_UNIT(*)
SI_UNIT(.CENTI.,.METRE.)
);
#16750=LENGTH_MEASURE_WITH_UNIT(LENGTH_MEASURE(25.4),#16748);
#16751=(
NAMED_UNIT(*)
PLANE_ANGLE_UNIT()
SI_UNIT($,.RADIAN.)
);
#16752=(
NAMED_UNIT(*)
SI_UNIT($,.STERADIAN.)
SOLID_ANGLE_UNIT()
);
#16753=SHAPE_DEFINITION_REPRESENTATION(#16754,#16755);
#16754=PRODUCT_DEFINITION_SHAPE('',$,#16757);
#16755=SHAPE_REPRESENTATION('',(#9772),#16743);
#16756=PRODUCT_DEFINITION_CONTEXT('part definition',#16761,'design');
#16757=PRODUCT_DEFINITION('case v2','case v2',#16758,#16756);
#16758=PRODUCT_DEFINITION_FORMATION('',$,#16763);
#16759=PRODUCT_RELATED_PRODUCT_CATEGORY('case v2','case v2',(#16763));
#16760=APPLICATION_PROTOCOL_DEFINITION('international standard',
'automotive_design',2009,#16761);
#16761=APPLICATION_CONTEXT(
'Core Data for Automotive Mechanical Design Process');
#16762=PRODUCT_CONTEXT('part definition',#16761,'mechanical');
#16763=PRODUCT('case v2','case v2',$,(#16762));
#16764=PRESENTATION_STYLE_ASSIGNMENT((#16766));
#16765=PRESENTATION_STYLE_ASSIGNMENT((#16767));
#16766=SURFACE_STYLE_USAGE(.BOTH.,#16772);
#16767=SURFACE_STYLE_USAGE(.BOTH.,#16773);
#16768=SURFACE_STYLE_RENDERING_WITH_PROPERTIES($,#16780,(#16770));
#16769=SURFACE_STYLE_RENDERING_WITH_PROPERTIES($,#16781,(#16771));
#16770=SURFACE_STYLE_TRANSPARENT(0.);
#16771=SURFACE_STYLE_TRANSPARENT(0.);
#16772=SURFACE_SIDE_STYLE('',(#16774,#16768));
#16773=SURFACE_SIDE_STYLE('',(#16775,#16769));
#16774=SURFACE_STYLE_FILL_AREA(#16776);
#16775=SURFACE_STYLE_FILL_AREA(#16777);
#16776=FILL_AREA_STYLE('',(#16778));
#16777=FILL_AREA_STYLE('',(#16779));
#16778=FILL_AREA_STYLE_COLOUR('',#16780);
#16779=FILL_AREA_STYLE_COLOUR('',#16781);
#16780=COLOUR_RGB('',0.749019607843137,0.749019607843137,0.749019607843137);
#16781=COLOUR_RGB('',0.313725490196078,0.486274509803922,0.411764705882353);
ENDSEC;
END-ISO-10303-21;
